structure_id,type,chrom,start,end,center,length_bp,condition,wt_rep1,wt_rep2,wt_mean,mutant_rep1,mutant_rep2,mutant_mean,log2_fc,rep1_log2_fc,rep2_log2_fc,wt_rep_log2_ratio,reference_band,replicate_direction_agreement,effect_label,valid_pair_count,valid_weight_fraction,roi_weight_sum,oe_mean_abs_difference,status
OPCID_1,OPCID,NC_000913.3,49660,59940,54800,10280,DstpA,0.14355853096742954,0.1461336597826909,0.1448460953750602,0.2171723953581357,0.2082012635153052,0.21268682943672046,0.5542099033245822,0.5843199404528687,0.5234580296619078,0.02564945516823809,0.32192809488736235,True,increase_consistent,5356,1.0,5232.76,0.2525059260834695,ok
OPCID_1,OPCID,NC_000913.3,49660,59940,54800,10280,DhnsDstpA,0.14355853096742954,0.1461336597826909,0.1448460953750602,0.17129623612969622,0.15863444613624023,0.16496534113296824,0.18764215483534147,0.24197265730126902,0.1311852798420263,0.02564945516823809,0.32192809488736235,True,within_reference,5356,1.0,5232.76,0.22300147848322646,ok
OPCID_2,OPCID,NC_000913.3,87820,93270,90545,5450,DstpA,0.33628132508253716,0.3455220884619159,0.34090170677222653,0.44270825828627114,0.43050153043333733,0.4366048943598042,0.3569724805422543,0.3770004631899222,0.33666254386234906,0.03910927884175212,0.32192809488736235,True,increase_consistent,1485,1.0,1458.06,0.25770636744980135,ok
OPCID_2,OPCID,NC_000913.3,87820,93270,90545,5450,DhnsDstpA,0.33628132508253716,0.3455220884619159,0.34090170677222653,0.31975820989367676,0.29487863674123244,0.3073184233174546,-0.14962156544117272,-0.09237442131489046,-0.20923451620398448,0.03910927884175212,0.32192809488736235,True,within_reference,1485,1.0,1458.06,0.5193946883996335,ok
OPCID_3,OPCID,NC_000913.3,106140,108980,107560,2840,DstpA,0.7785228098322744,0.8146864982682444,0.7966046540502594,1.109760281567466,1.0248018899427989,1.0672810857551325,0.4220043697223805,0.4783122612429547,0.3634092278357697,0.0655056894771564,0.32192809488736235,True,increase_consistent,406,1.0,389.28000000000003,0.14516583314029732,ok
OPCID_3,OPCID,NC_000913.3,106140,108980,107560,2840,DhnsDstpA,0.7785228098322744,0.8146864982682444,0.7966046540502594,0.665320837671956,0.6076505602901265,0.6364856989810412,-0.3237358094890106,-0.2598136892156599,-0.39062199247172236,0.0655056894771564,0.32192809488736235,True,inconsistent_or_borderline,406,1.0,389.28000000000003,0.6478041375452308,ok
OPCID_4,OPCID,NC_000913.3,121910,129450,125680,7540,DstpA,0.35264262137591756,0.3258969910836003,0.33926980622975894,0.6255345514946719,0.40028071365414497,0.5129076325744084,0.5962659990215794,0.882656532881844,0.23857906420679087,-0.11379082122839015,0.32192809488736235,True,inconsistent_or_borderline,2850,1.0,2805.05,0.24775639277556663,ok
OPCID_4,OPCID,NC_000913.3,121910,129450,125680,7540,DhnsDstpA,0.35264262137591756,0.3258969910836003,0.33926980622975894,0.24784085265264172,0.22758463511834084,0.2377127438854913,-0.5132137923130449,-0.45301902860092685,-0.5760298806725288,-0.11379082122839015,0.32192809488736235,True,decrease_consistent,2850,1.0,2805.05,1.0225527420447913,ok
OPCID_5,OPCID,NC_000913.3,182460,184370,183415,1910,DstpA,0.7918472463540132,0.9125078312539535,0.8521775388039834,0.8468784269103439,0.861550390233398,0.8542144085718709,0.0034442067231587213,-0.008999147047313668,0.015781152747696547,0.20461479054712012,0.32192809488736235,False,within_reference,190,1.0,173.07999999999998,0.6277544152417652,ok
OPCID_5,OPCID,NC_000913.3,182460,184370,183415,1910,DhnsDstpA,0.7918472463540132,0.9125078312539535,0.8521775388039834,0.7145178255518313,0.6417903200471837,0.6781540727995075,-0.32954094348899987,-0.25418402266347306,-0.40905199630911265,0.20461479054712012,0.32192809488736235,True,inconsistent_or_borderline,190,1.0,173.07999999999998,0.7205879024074756,ok
OPCID_6,OPCID,NC_000913.3,192730,193950,193340,1220,DstpA,1.274133936323383,1.3191171269007924,1.2966255316120878,2.040647488894426,1.920249076429714,1.9804482826620702,0.6110651411101065,0.6542650997735692,0.5665315695999597,0.050055728945748466,0.32192809488736235,True,increase_consistent,78,1.0,68.55,0.10882989865155004,ok
OPCID_6,OPCID,NC_000913.3,192730,193950,193340,1220,DhnsDstpA,1.274133936323383,1.3191171269007924,1.2966255316120878,1.5172104279325227,1.3358203714239982,1.4265153996782605,0.1377334351957061,0.2266593064094768,0.042964134626265964,0.050055728945748466,0.32192809488736235,True,within_reference,78,1.0,68.55,0.1764113001262175,ok
OPCID_7,OPCID,NC_000913.3,194470,198740,196605,4270,DstpA,0.34813743453951923,0.3482001453424479,0.34816878994098355,0.6081526519200917,0.5429852801978822,0.5755689660589869,0.7252019211707601,0.8046466141390887,0.6411262037654476,0.00025985259809001147,0.32192809488736235,True,increase_consistent,946,1.0,890.52,0.3466699819386131,ok
OPCID_7,OPCID,NC_000913.3,194470,198740,196605,4270,DhnsDstpA,0.34813743453951923,0.3482001453424479,0.34816878994098355,0.38886837493594384,0.3613748839234011,0.3751216294296725,0.10757156613588029,0.1594950263575153,0.05370935556001131,0.00025985259809001147,0.32192809488736235,True,within_reference,946,1.0,890.52,0.21517771854685627,ok
OPCID_8,OPCID,NC_000913.3,199310,201910,200610,2600,DstpA,0.6562397037000641,0.6650653376784799,0.6606525206892719,1.0064208416335896,0.9301570252255794,0.9682889334295846,0.5515459401514574,0.6072701329689153,0.4935826206859051,0.019273199356993592,0.32192809488736235,True,increase_consistent,351,1.0,325.09000000000003,0.16343777590475092,ok
OPCID_8,OPCID,NC_000913.3,199310,201910,200610,2600,DhnsDstpA,0.6562397037000641,0.6650653376784799,0.6606525206892719,0.6916070069015675,0.6273871752230908,0.6594970910623292,-0.0025253698576028372,0.06606081963138873,-0.07453562731238414,0.019273199356993592,0.32192809488736235,False,within_reference,351,1.0,325.09000000000003,0.2718287276838463,ok
OPCID_9,OPCID,NC_000913.3,243140,249010,246075,5870,DstpA,0.18224440403737507,0.18257778305165087,0.18241109354451296,0.23435521953274158,0.2289935747362459,0.23167439713449373,0.34490514613459944,0.361503455353221,0.32811364737074833,0.0026367057790359113,0.32192809488736235,True,increase_consistent,1770,1.0,1693.66,0.19231756108536627,ok
OPCID_9,OPCID,NC_000913.3,243140,249010,246075,5870,DhnsDstpA,0.18224440403737507,0.18257778305165087,0.18241109354451296,0.22440843610774308,0.2069478756698265,0.2156781558887848,0.24168659486017602,0.29893344033446273,0.18207396794722974,0.0026367057790359113,0.32192809488736235,True,within_reference,1770,1.0,1693.66,0.17299115745815805,ok
OPCID_10,OPCID,NC_000913.3,321350,325140,323245,3790,DstpA,0.6489513853038951,0.6604785009206747,0.654714943112285,0.3319439858436489,0.3283074477182873,0.33012571678096814,-0.9878513783222566,-0.9799270937810801,-0.9958194290503551,0.025401195310449785,0.32192809488736235,True,decrease_consistent,741,1.0,699.5,1.5391758517929244,ok
OPCID_10,OPCID,NC_000913.3,321350,325140,323245,3790,DhnsDstpA,0.6489513853038951,0.6604785009206747,0.654714943112285,0.3577638558102099,0.3275286516603389,0.3426462537352744,-0.934146993526198,-0.8718592650853096,-0.9992457904228158,0.025401195310449785,0.32192809488736235,True,decrease_consistent,741,1.0,699.5,1.430568437589217,ok
OPCID_11,OPCID,NC_000913.3,426840,441690,434265,14850,DstpA,0.11378560878698303,0.11758604512928154,0.11568582695813229,0.17000844547059102,0.16781372400843705,0.16891108473951405,0.5460518816045224,0.5553942905012754,0.5366485798674175,0.04739875217573118,0.32192809488736235,True,increase_consistent,11026,1.0,10952.04,0.33064030507851994,ok
OPCID_11,OPCID,NC_000913.3,426840,441690,434265,14850,DhnsDstpA,0.11378560878698303,0.11758604512928154,0.11568582695813229,0.11744928686181931,0.1089862867886847,0.113217786825252,-0.03111149874428317,0.02182582743015856,-0.08606550691073579,0.04739875217573118,0.32192809488736235,False,within_reference,11026,1.0,10952.04,0.38848324687150515,ok
OPCID_12,OPCID,NC_000913.3,629820,632900,631360,3080,DstpA,0.5246282500095162,0.5449628290803474,0.5347955395449318,0.527163355943619,0.6367730860389396,0.5819682209912793,0.12195294264730144,-0.020737343152983524,0.25179192727009453,0.05486233418771841,0.32192809488736235,False,within_reference,465,1.0,459.0,0.3981048219403344,ok
OPCID_12,OPCID,NC_000913.3,629820,632900,631360,3080,DhnsDstpA,0.5246282500095162,0.5449628290803474,0.5347955395449318,0.4918628154797297,0.4434426514021971,0.46765273344096336,-0.19354981253321002,-0.120731440358951,-0.2702398938751281,0.05486233418771841,0.32192809488736235,True,within_reference,465,1.0,459.0,0.73360533489227,ok
OPCID_13,OPCID,NC_000913.3,699160,708860,704010,9700,DstpA,0.16475488736320118,0.17574667319476495,0.17025078027898305,0.19230709852309583,0.21146670848081034,0.2018869035019531,0.24588591511093122,0.17575060675582996,0.3127691453000827,0.09317611736629657,0.32192809488736235,True,within_reference,4753,1.0,4656.24,0.29323987336349594,ok
OPCID_13,OPCID,NC_000913.3,699160,708860,704010,9700,DhnsDstpA,0.16475488736320118,0.17574667319476495,0.17025078027898305,0.1664568992129,0.1519805083898296,0.1592187038013648,-0.09665158762193306,-0.03251274255206136,-0.16377510144058705,0.09317611736629657,0.32192809488736235,True,within_reference,4753,1.0,4656.24,0.5621020772572699,ok
OPCID_14,OPCID,NC_000913.3,762610,765260,763935,2650,DstpA,0.5667086652545196,0.6990173679330499,0.6328630165937847,0.9455074647641193,0.9160016011905707,0.930754532977345,0.556507475700465,0.5791955866383468,0.5334568585539152,0.30272103941789597,0.32192809488736235,True,increase_consistent,351,1.0,338.04,0.17290934388598175,ok
OPCID_14,OPCID,NC_000913.3,762610,765260,763935,2650,DhnsDstpA,0.5667086652545196,0.6990173679330499,0.6328630165937847,0.7814405280745151,0.693076291770636,0.7372584099225756,0.2202771126017272,0.30424281873656067,0.13112090703738313,0.30272103941789597,0.32192809488736235,True,within_reference,351,1.0,338.04,0.1567791542462864,ok
OPCID_15,OPCID,NC_000913.3,771270,774550,772910,3280,DstpA,1.1164412898456417,1.1289795315609803,1.122710410703311,0.5968638614541215,0.5476668286514363,0.5722653450527789,-0.9722297016706867,-0.9115120402063209,-1.035615444062895,0.0161119438989071,0.32192809488736235,True,decrease_consistent,561,1.0,521.75,1.5187374645272111,ok
OPCID_15,OPCID,NC_000913.3,771270,774550,772910,3280,DhnsDstpA,1.1164412898456417,1.1289795315609803,1.122710410703311,0.8383827425482374,0.7802566642860047,0.8093197034171211,-0.4722042259801356,-0.4213049247924825,-0.5249651707606905,0.0161119438989071,0.32192809488736235,True,decrease_consistent,561,1.0,521.75,0.6677907733142129,ok
OPCID_16,OPCID,NC_000913.3,932320,940780,936550,8460,DstpA,0.2063061767940617,0.21287476145610593,0.20959046912508383,0.23119153188148048,0.22612426886743842,0.22865790037445943,0.12561765311687986,0.14151544201110605,0.10954272461420653,0.0452178971742717,0.32192809488736235,True,within_reference,3570,1.0,3536.44,0.3577903862597165,ok
OPCID_16,OPCID,NC_000913.3,932320,940780,936550,8460,DhnsDstpA,0.2063061767940617,0.21287476145610593,0.20959046912508383,0.2219819957137295,0.20331803093054124,0.21265001332213537,0.0209078318035811,0.08286955515985876,-0.043834949611145646,0.0452178971742717,0.32192809488736235,False,within_reference,3570,1.0,3536.44,0.40571204612679596,ok
OPCID_17,OPCID,NC_000913.3,950090,955440,952765,5350,DstpA,0.3510621949940784,0.33627705961088916,0.3436696273024838,0.3150101008623945,0.29394564444510407,0.30447787265374926,-0.17468496857388546,-0.12562426575441332,-0.2254729545703673,-0.06207628095972007,0.32192809488736235,True,within_reference,1485,1.0,1404.54,0.7126840579417368,ok
OPCID_17,OPCID,NC_000913.3,950090,955440,952765,5350,DhnsDstpA,0.3510621949940784,0.33627705961088916,0.3436696273024838,0.4014259480883872,0.3664878943001102,0.38395692119424873,0.1599220985882558,0.22411151980098729,0.09274318913232601,-0.06207628095972007,0.32192809488736235,True,within_reference,1485,1.0,1404.54,0.23462714581614133,ok
OPCID_18,OPCID,NC_000913.3,961460,964210,962835,2750,DstpA,0.5643610120008287,0.5642220886794527,0.5642915503401407,1.1107750587863223,0.9425999456966004,1.0266875022414614,0.8634844764712263,0.977054036478812,0.7402048513039076,-0.0003551780771916701,0.32192809488736235,True,increase_consistent,406,1.0,364.53999999999996,0.5686593467793691,ok
OPCID_18,OPCID,NC_000913.3,961460,964210,962835,2750,DhnsDstpA,0.5643610120008287,0.5642220886794527,0.5642915503401407,0.8171560983104316,0.7348495311091858,0.7760028147098087,0.4596211384158476,0.534170950465216,0.3810081248558717,-0.0003551780771916701,0.32192809488736235,True,increase_consistent,406,1.0,364.53999999999996,0.2432294317328497,ok
OPCID_19,OPCID,NC_000913.3,1140560,1145010,1142785,4450,DstpA,0.42278082549178625,0.43660063094317747,0.4296907282174819,0.5269887268347636,0.5065047816497285,0.516746754242246,0.266158774656118,0.29447345329028674,0.2372772415723633,0.04640426799273021,0.32192809488736235,True,within_reference,1035,1.0,968.04,0.24194111602489568,ok
OPCID_19,OPCID,NC_000913.3,1140560,1145010,1142785,4450,DhnsDstpA,0.42278082549178625,0.43660063094317747,0.4296907282174819,0.45006400714784456,0.4104707958628233,0.43026740150533394,0.0019348937780765702,0.06683154580404163,-0.06601906633148132,0.04640426799273021,0.32192809488736235,False,within_reference,1035,1.0,968.04,0.4698335249515194,ok
OPCID_20,OPCID,NC_000913.3,1186860,1190410,1188635,3550,DstpA,0.36716720414912846,0.3687898427558381,0.3679785234524833,0.43343180804291265,0.4234484206254366,0.4284401143341746,0.21947199634086306,0.23618346377663887,0.2025646806881963,0.006361720359037159,0.32192809488736235,True,within_reference,666,1.0,612.54,0.2144607906385879,ok
OPCID_20,OPCID,NC_000913.3,1186860,1190410,1188635,3550,DhnsDstpA,0.36716720414912846,0.3687898427558381,0.3679785234524833,0.545727661583998,0.5002635578954928,0.5229956097397455,0.5071772680142574,0.5685596043255042,0.4430667939901543,0.006361720359037159,0.32192809488736235,True,increase_consistent,666,1.0,612.54,0.2699090369609392,ok
OPCID_21,OPCID,NC_000913.3,1224080,1226150,1225115,2070,DstpA,0.6482305717624867,0.6623097463752318,0.6552701590688592,0.8135166014647336,0.8355155466147232,0.8245160740397284,0.3314577863995684,0.31208195428153535,0.3505768400182368,0.03099902625785973,0.32192809488736235,True,inconsistent_or_borderline,231,1.0,204.1,0.11703744256283645,ok
OPCID_21,OPCID,NC_000913.3,1224080,1226150,1225115,2070,DhnsDstpA,0.6482305717624867,0.6623097463752318,0.6552701590688592,0.8400309725433207,0.766781261629283,0.8034061170863018,0.2940396129691278,0.35835268902087103,0.22672524823757548,0.03099902625785973,0.32192809488736235,True,inconsistent_or_borderline,231,1.0,204.1,0.15871783315389473,ok
OPCID_22,OPCID,NC_000913.3,1247430,1251440,1249435,4010,DstpA,0.3122298307225402,0.30541726713763767,0.3088235489300889,0.5059131870777891,0.5343917998681916,0.5201524934729904,0.752151873589326,0.7121070771691372,0.7911151025270813,-0.031826751335628706,0.32192809488736235,True,increase_consistent,820,1.0,784.18,0.49585435000264594,ok
OPCID_22,OPCID,NC_000913.3,1247430,1251440,1249435,4010,DhnsDstpA,0.3122298307225402,0.30541726713763767,0.3088235489300889,0.400501077699291,0.3597256704739283,0.3801133740866096,0.2996470189522185,0.3750233571573913,0.2201143480728037,-0.031826751335628706,0.32192809488736235,True,inconsistent_or_borderline,820,1.0,784.18,0.21629156370665498,ok
OPCID_23,OPCID,NC_000913.3,1295210,1310880,1303045,15670,DstpA,0.19291811858615662,0.19388518021443443,0.19340164940029553,0.15691226952485696,0.1492582584277663,0.15308526397631161,-0.3372646833446592,-0.30164193256015437,-0.37378934099142086,0.0072138884369549955,0.32192809488736235,True,inconsistent_or_borderline,10585,0.8641142630430471,12199.22,0.7161115429987025,ok
OPCID_23,OPCID,NC_000913.3,1295210,1310880,1303045,15670,DhnsDstpA,0.19291811858615662,0.19388518021443443,0.19340164940029553,0.19186516938693535,0.18365235301662736,0.18775876120178137,-0.04271987033521404,-0.011507265820417958,-0.07462271821113814,0.0072138884369549955,0.32192809488736235,True,within_reference,10585,0.8641142630430471,12199.22,0.6508976744447703,ok
OPCID_24,OPCID,NC_000913.3,1337800,1341950,1339875,4150,DstpA,0.3573425092531068,0.35683319211928066,0.35708785068619375,0.38390686537168484,0.3772680191323161,0.3805874422520005,0.09194891018296857,0.10447731051465166,0.07931075913120997,-0.0020577273249907497,0.32192809488736235,True,within_reference,861,1.0,840.5,0.24041428777218032,ok
OPCID_24,OPCID,NC_000913.3,1337800,1341950,1339875,4150,DhnsDstpA,0.3573425092531068,0.35683319211928066,0.35708785068619375,0.43972680033647205,0.40121135987498746,0.42046908010572975,0.23572066391219923,0.30032841468707433,0.16808340542585493,-0.0020577273249907497,0.32192809488736235,True,within_reference,861,1.0,840.5,0.19302336096449552,ok
OPCID_25,OPCID,NC_000913.3,1350060,1357740,1353900,7680,DstpA,0.14686945707144328,0.14797122611547114,0.1474203415934572,0.1774412806637756,0.17046418223578633,0.17395273144978096,0.2387597262350183,0.2674060766864913,0.20953302698417706,0.010782257845256661,0.32192809488736235,True,within_reference,3003,1.0,2910.96,0.2083916691918183,ok
OPCID_25,OPCID,NC_000913.3,1350060,1357740,1353900,7680,DhnsDstpA,0.14686945707144328,0.14797122611547114,0.1474203415934572,0.2127291041960245,0.19551138243695104,0.20412024331648776,0.4694836601020349,0.5290818203797492,0.4073169954804294,0.010782257845256661,0.32192809488736235,True,increase_consistent,3003,1.0,2910.96,0.18576622319329184,ok
OPCID_26,OPCID,NC_000913.3,1666390,1668580,1667485,2190,DstpA,0.6217155969696907,0.6294785083194041,0.6255970526445473,0.5991843425048028,0.6485692863882561,0.6238768144465294,-0.003972521156084926,-0.06223379101657278,0.05202698948558348,0.017902350035093804,0.32192809488736235,False,within_reference,253,1.0,228.98000000000002,0.3261723658807009,ok
OPCID_26,OPCID,NC_000913.3,1666390,1668580,1667485,2190,DhnsDstpA,0.6217155969696907,0.6294785083194041,0.6255970526445473,0.6914285113174377,0.6192675787822197,0.6553480450498287,0.06702758710891826,0.14434637916707493,-0.01467079875500772,0.017902350035093804,0.32192809488736235,False,within_reference,253,1.0,228.98000000000002,0.45369578340603967,ok
OPCID_27,OPCID,NC_000913.3,1695830,1705800,1700815,9970,DstpA,0.12283112292961772,0.12193852621606405,0.12238482457284089,0.12749558288846,0.13283630889689318,0.1301659458926766,0.08892738059839043,0.05902258710693415,0.1182248621869064,-0.01052214247118646,0.32192809488736235,True,within_reference,4950,1.0,4920.3,0.2622597474146832,ok
OPCID_27,OPCID,NC_000913.3,1695830,1705800,1700815,9970,DhnsDstpA,0.12283112292961772,0.12193852621606405,0.12238482457284089,0.18894939304015645,0.17576342732825107,0.18235641018420376,0.575336235748595,0.626575205886546,0.5222102288535716,-0.01052214247118646,0.32192809488736235,True,increase_consistent,4950,1.0,4920.3,0.2960479639816409,ok
OPCID_28,OPCID,NC_000913.3,1732990,1737920,1735455,4930,DstpA,0.25480600743249743,0.25032806490546616,0.2525670361689818,0.26092756607236123,0.2657634489241484,0.2633455074982548,0.06029049045431239,0.046983010007983834,0.07347634317953727,-0.025579247444111095,0.32192809488736235,True,within_reference,1275,1.0,1190.72,0.2532482234817307,ok
OPCID_28,OPCID,NC_000913.3,1732990,1737920,1735455,4930,DhnsDstpA,0.25480600743249743,0.25032806490546616,0.2525670361689818,0.31977993317743203,0.2913923416911504,0.3055861374342912,0.27491274083143624,0.3404130518789191,0.2062966034941017,-0.025579247444111095,0.32192809488736235,True,inconsistent_or_borderline,1275,1.0,1190.72,0.2182574380410099,ok
OPCID_29,OPCID,NC_000913.3,1741110,1747490,1744300,6380,DstpA,0.22029747067053662,0.2121865772630225,0.21624202396677955,0.2121987198627279,0.20716817619300143,0.20968344802786465,-0.04443393767849398,-0.027230967391905274,-0.06184451752288103,-0.05411953542033568,0.32192809488736235,True,within_reference,2016,1.0,2003.4099999999999,0.3868698328648033,ok
OPCID_29,OPCID,NC_000913.3,1741110,1747490,1744300,6380,DhnsDstpA,0.22029747067053662,0.2121865772630225,0.21624202396677955,0.31353741856836864,0.29074320827350203,0.30214031342093534,0.4825717698807404,0.5359907089054426,0.42709857062557877,-0.05411953542033568,0.32192809488736235,True,increase_consistent,2016,1.0,2003.4099999999999,0.2348978863073724,ok
OPCID_30,OPCID,NC_000913.3,1798820,1802930,1800875,4110,DstpA,0.5292595337226113,0.5381092853557574,0.5336844095391844,0.5751938306488374,0.5155143772993943,0.5453541039741159,0.031206424069148298,0.10806133530055355,-0.04997420284947081,0.02392384926338077,0.32192809488736235,False,within_reference,861,1.0,824.24,0.4060147057233178,ok
OPCID_30,OPCID,NC_000913.3,1798820,1802930,1800875,4110,DhnsDstpA,0.5292595337226113,0.5381092853557574,0.5336844095391844,0.5605787186800499,0.5239083518448453,0.5422435352624476,0.022954081238052367,0.07093010953911061,-0.026672405856016927,0.02392384926338077,0.32192809488736235,False,within_reference,861,1.0,824.24,0.3217622240358856,ok
OPCID_31,OPCID,NC_000913.3,2139120,2147740,2143430,8620,DstpA,0.16257204056691124,0.16403500018620665,0.16330352037655893,0.1603661164646331,0.16218087048557384,0.16127349347510347,-0.018046551709938276,-0.02618654284017432,-0.00995223057522181,0.012924514417553577,0.32192809488736235,True,within_reference,3741,1.0,3672.3199999999997,0.3640929164527438,ok
OPCID_31,OPCID,NC_000913.3,2139120,2147740,2143430,8620,DhnsDstpA,0.16257204056691124,0.16403500018620665,0.16330352037655893,0.20045367816298615,0.18341319011746074,0.19193343414022346,0.23305015412184799,0.29571299823164854,0.16754150195851275,0.012924514417553577,0.32192809488736235,True,within_reference,3741,1.0,3672.3199999999997,0.2572014855955798,ok
OPCID_32,OPCID,NC_000913.3,2211940,2215000,2213470,3060,DstpA,0.4017141145812327,0.40534296308049955,0.40352853883086615,0.5041502659577078,0.53660873917834,0.5203795025680239,0.36689342716919254,0.32118309531584577,0.4111998413104395,0.012973944870099048,0.32192809488736235,True,inconsistent_or_borderline,465,1.0,453.0,0.1433494452780279,ok
OPCID_32,OPCID,NC_000913.3,2211940,2215000,2213470,3060,DhnsDstpA,0.4017141145812327,0.40534296308049955,0.40352853883086615,0.4545603744915911,0.41580706471392254,0.4351837196027568,0.10895387667265966,0.17180121608548699,0.04324356119443939,0.012973944870099048,0.32192809488736235,True,within_reference,465,1.0,453.0,0.3848106329708796,ok
OPCID_33,OPCID,NC_000913.3,2259040,2263960,2261500,4920,DstpA,0.37193809843571035,0.4142338809939035,0.3930859897148069,0.27715130008692657,0.28315214807029254,0.28015172407860955,-0.4886365733871216,-0.5041711692880914,-0.47326746990654617,0.15538302527636771,0.32192809488736235,True,decrease_consistent,1225,1.0,1185.96,0.9326346427938186,ok
OPCID_33,OPCID,NC_000913.3,2259040,2263960,2261500,4920,DhnsDstpA,0.37193809843571035,0.4142338809939035,0.3930859897148069,0.3223327871229475,0.28967160671016023,0.30600219691655384,-0.36130293379550993,-0.28629400019799434,-0.4404266642866294,0.15538302527636771,0.32192809488736235,True,inconsistent_or_borderline,1225,1.0,1185.96,0.854320617922811,ok
OPCID_34,OPCID,NC_000913.3,2389410,2393000,2391205,3590,DstpA,0.6167241751098171,0.6290788736453031,0.6229015243775602,0.7179060255331177,0.7003247782672739,0.7091154019001957,0.18701632867565038,0.2047909034630204,0.16902002950919232,0.0286155129920467,0.32192809488736235,True,within_reference,630,1.0,626.5,0.3051639729680611,ok
OPCID_34,OPCID,NC_000913.3,2389410,2393000,2391205,3590,DhnsDstpA,0.6167241751098171,0.6290788736453031,0.6229015243775602,0.5727479797237198,0.517267704861356,0.545007842292538,-0.1927271135816474,-0.12110363835749295,-0.2680929820211715,0.0286155129920467,0.32192809488736235,True,within_reference,630,1.0,626.5,0.6617677836526875,ok
OPCID_35,OPCID,NC_000913.3,2393000,2397570,2395285,4570,DstpA,0.580616525406719,0.6054601608751395,0.5930383431409293,0.6985960504314549,0.6656890748764333,0.6821425626539441,0.20194789731470822,0.23633310052897133,0.1667231054628312,0.06044639979057104,0.32192809488736235,True,within_reference,1035,1.0,1021.5,0.24785479530351026,ok
OPCID_35,OPCID,NC_000913.3,2393000,2397570,2395285,4570,DhnsDstpA,0.580616525406719,0.6054601608751395,0.5930383431409293,0.4752514348622016,0.4247678961507279,0.45000966550646476,-0.39816939721853006,-0.31943440322139294,-0.4814506540961497,0.06044639979057104,0.32192809488736235,True,inconsistent_or_borderline,1035,1.0,1021.5,0.9196123554201437,ok
OPCID_36,OPCID,NC_000913.3,2440390,2441890,2441140,1500,DstpA,1.2897626899841428,1.3214808229981962,1.3056217564911696,1.563359079056019,1.6034786338960538,1.5834188564760363,0.2783059339753859,0.2599121775555102,0.2964681269583024,0.035049847851900906,0.32192809488736235,True,within_reference,120,1.0,105.09,0.14366651430490834,ok
OPCID_36,OPCID,NC_000913.3,2440390,2441890,2441140,1500,DhnsDstpA,1.2897626899841428,1.3214808229981962,1.3056217564911696,1.2018733775901265,1.0670009257371318,1.1344371516636291,-0.20276031800190908,-0.11945209319056076,-0.2911755754070734,0.035049847851900906,0.32192809488736235,True,within_reference,120,1.0,105.09,0.5052310415360861,ok
OPCID_37,OPCID,NC_000913.3,2529590,2532260,2530925,2670,DstpA,0.6888225211127609,0.6974493938414145,0.6931359574770877,0.7673913959422666,0.7514644502806735,0.75942792311147,0.13177468345117457,0.14682422703481213,0.11656649343894998,0.017956227832005792,0.32192809488736235,True,within_reference,378,1.0,343.26,0.33658781489680684,ok
OPCID_37,OPCID,NC_000913.3,2529590,2532260,2530925,2670,DhnsDstpA,0.6888225211127609,0.6974493938414145,0.6931359574770877,0.6663889488170478,0.605140436388315,0.6357646926026814,-0.1246454642108018,-0.05677388667192066,-0.1958683714450724,0.017956227832005792,0.32192809488736235,True,within_reference,378,1.0,343.26,0.4647938658959649,ok
OPCID_38,OPCID,NC_000913.3,2532990,2536410,2534700,3420,DstpA,0.703780895757027,0.7325345884459894,0.7181577421015082,0.6076276137450858,0.5928981962735678,0.6002629050093268,-0.25870624912990386,-0.241113329453865,-0.276516356577204,0.057770529148987435,0.32192809488736235,True,within_reference,630,1.0,567.81,0.842997019060974,ok
OPCID_38,OPCID,NC_000913.3,2532990,2536410,2534700,3420,DhnsDstpA,0.703780895757027,0.7325345884459894,0.7181577421015082,0.6045014420644138,0.5465537016606313,0.5755275718625226,-0.3194157189539541,-0.24855498322655428,-0.39393750938344535,0.057770529148987435,0.32192809488736235,True,inconsistent_or_borderline,630,1.0,567.81,0.742135114387086,ok
OPCID_39,OPCID,NC_000913.3,2543000,2544750,2543875,1750,DstpA,0.8706360355432058,0.9145132969633054,0.8925746662532557,0.8579724303198573,0.9715055464686355,0.9147389883942464,0.035387284060192196,-0.05704156989101329,0.12224937291238072,0.07093441244471986,0.32192809488736235,False,within_reference,153,1.0,144.5,0.41769771567506403,ok
OPCID_39,OPCID,NC_000913.3,2543000,2544750,2543875,1750,DhnsDstpA,0.8706360355432058,0.9145132969633054,0.8925746662532557,0.7184510172689559,0.644820098338204,0.68163555780358,-0.3889722631646261,-0.3130830598644221,-0.469076147685372,0.07093441244471986,0.32192809488736235,True,inconsistent_or_borderline,153,1.0,144.5,0.6832280545574019,ok
OPCID_40,OPCID,NC_000913.3,2563220,2565610,2564415,2390,DstpA,0.7392663917523911,0.7769776607675625,0.7581220262599768,1.056050451098757,1.010998245080339,1.033524348089548,0.44707039025084244,0.47817677238669076,0.415278506598344,0.07177879208368962,0.32192809488736235,True,increase_consistent,300,1.0,273.78000000000003,0.15294370131344132,ok
OPCID_40,OPCID,NC_000913.3,2563220,2565610,2564415,2390,DhnsDstpA,0.7392663917523911,0.7769776607675625,0.7581220262599768,0.8160587632135334,0.7393786028264021,0.7777186830199678,0.03681831558795445,0.10624296106380851,-0.03611678786131427,0.07177879208368962,0.32192809488736235,False,within_reference,300,1.0,273.78000000000003,0.18314993346151506,ok
OPCID_41,OPCID,NC_000913.3,2637380,2643140,2640260,5760,DstpA,0.3024140970038024,0.3152786657044796,0.308846381354141,0.412419967631436,0.3812187951771593,0.3968193814042976,0.361593064149303,0.417224756358973,0.3037298227607229,0.06010215673431163,0.32192809488736235,True,inconsistent_or_borderline,1711,1.0,1630.2799999999997,0.22201174347863054,ok
OPCID_41,OPCID,NC_000913.3,2637380,2643140,2640260,5760,DhnsDstpA,0.3024140970038024,0.3152786657044796,0.308846381354141,0.3322285599456109,0.304628299851273,0.31842842989844194,0.04407972096758022,0.10528667231877809,-0.0198394533707205,0.06010215673431163,0.32192809488736235,False,within_reference,1711,1.0,1630.2799999999997,0.35054995502835906,ok
OPCID_42,OPCID,NC_000913.3,2647290,2653520,2650405,6230,DstpA,0.23095664384311126,0.23261111836656959,0.23178388110484044,0.24304644615615492,0.24171732658100584,0.24238188636858038,0.06450164685049632,0.0684517982719941,0.060540650069151665,0.010298008272107799,0.32192809488736235,True,within_reference,2016,1.0,1909.6200000000001,0.42912159817070217,ok
OPCID_42,OPCID,NC_000913.3,2647290,2653520,2650405,6230,DhnsDstpA,0.23095664384311126,0.23261111836656959,0.23178388110484044,0.2590205187438254,0.23728197398432568,0.24815124636407554,0.09843945992038342,0.16028614712974895,0.033822264140721835,0.010298008272107799,0.32192809488736235,True,within_reference,2016,1.0,1909.6200000000001,0.2944884184887673,ok
OPCID_43,OPCID,NC_000913.3,2661520,2663750,2662635,2230,DstpA,0.5424843051258849,0.5448828431560987,0.5436835741409918,0.7904188916303427,0.7285201110476279,0.7594695013389854,0.4822247885112968,0.5398501870249183,0.4222015570803759,0.006364666321498434,0.32192809488736235,True,increase_consistent,253,1.0,237.7,0.1547644658855861,ok
OPCID_43,OPCID,NC_000913.3,2661520,2663750,2662635,2230,DhnsDstpA,0.5424843051258849,0.5448828431560987,0.5436835741409918,0.6117423596260243,0.5467294129888971,0.5792358863074607,0.09138374488321034,0.17015693598481776,0.008059749987778492,0.006364666321498434,0.32192809488736235,True,within_reference,253,1.0,237.7,0.2334503125476084,ok
OPCID_44,OPCID,NC_000913.3,2683840,2691680,2687760,7840,DstpA,0.16803512461614356,0.16867085852916186,0.1683529915726527,0.20783116970870957,0.20675710185467547,0.20729413578169253,0.3001899465361156,0.30392268267754147,0.2964475274955138,0.005447905884824245,0.32192809488736235,True,within_reference,3081,1.0,3034.2799999999997,0.22942895667991192,ok
OPCID_44,OPCID,NC_000913.3,2683840,2691680,2687760,7840,DhnsDstpA,0.16803512461614356,0.16867085852916186,0.1683529915726527,0.19881284157628226,0.18142930016315992,0.19012107086972108,0.17542907528266088,0.23992158786182113,0.10791810704277868,0.005447905884824245,0.32192809488736235,True,within_reference,3081,1.0,3034.2799999999997,0.22640543138604488,ok
OPCID_45,OPCID,NC_000913.3,2708310,2710490,2709400,2180,DstpA,0.6471885206011283,0.6385023590900971,0.6428454398456127,0.8041110745521975,0.811610368681705,0.8078607216169513,0.32963467786038947,0.32292288923587287,0.3363153860552277,-0.0194940681331292,0.32192809488736235,True,increase_consistent,231,1.0,226.81,0.15059673815419894,ok
OPCID_45,OPCID,NC_000913.3,2708310,2710490,2709400,2180,DhnsDstpA,0.6471885206011283,0.6385023590900971,0.6428454398456127,0.7244220688602553,0.6566564541821784,0.6905392615212169,0.10325153292135267,0.17235858712660163,0.030666876645442258,-0.0194940681331292,0.32192809488736235,True,within_reference,231,1.0,226.81,0.21205854809850172,ok
OPCID_46,OPCID,NC_000913.3,2866350,2870610,2868480,4260,DstpA,0.35154233372099014,0.36288323234346387,0.35721278303222703,0.4321401838303054,0.44724524023691753,0.4396927120336115,0.29971191095979904,0.2747156814985473,0.32428241969729493,0.0458069629292712,0.32192809488736235,True,inconsistent_or_borderline,946,1.0,886.25,0.23719029161437338,ok
OPCID_46,OPCID,NC_000913.3,2866350,2870610,2868480,4260,DhnsDstpA,0.35154233372099014,0.36288323234346387,0.35721278303222703,0.38425851989038323,0.34988709598826967,0.36707280793932645,0.039282537347718124,0.10529353919712163,-0.029894250681188127,0.0458069629292712,0.32192809488736235,False,within_reference,946,1.0,886.25,0.2839379454722082,ok
OPCID_47,OPCID,NC_000913.3,2917350,2922640,2919995,5290,DstpA,0.3657015859647278,0.44050309816355027,0.40310234206413903,0.25525954881267865,0.24806183179574545,0.25166069030421206,-0.6796662819779851,-0.6591812346056228,-0.7004463943708745,0.26848528266672944,0.32192809488736235,True,decrease_consistent,1431,1.0,1373.0,1.2423801522107445,ok
OPCID_47,OPCID,NC_000913.3,2917350,2922640,2919995,5290,DhnsDstpA,0.3657015859647278,0.44050309816355027,0.40310234206413903,0.2544879983576084,0.23293800027383044,0.2437129993157194,-0.7259629609329794,-0.6635485449400785,-0.7912001530234747,0.26848528266672944,0.32192809488736235,True,decrease_consistent,1431,1.0,1373.0,1.2170491708205364,ok
OPCID_48,OPCID,NC_000913.3,2939250,2942980,2941115,3730,DstpA,0.3388993543271818,0.3384217986955576,0.3386605765113697,0.4262248358387518,0.41890483676129714,0.4225648363000245,0.31933266608184646,0.33177460802368125,0.30678248952362364,-0.0020343887167378616,0.32192809488736235,True,inconsistent_or_borderline,703,1.0,677.2,0.1772137815691409,ok
OPCID_48,OPCID,NC_000913.3,2939250,2942980,2941115,3730,DhnsDstpA,0.3388993543271818,0.3384217986955576,0.3386605765113697,0.37503988216950174,0.3412976848811178,0.3581687835253098,0.0807995511813094,0.14720396917485923,0.011190575830526543,-0.0020343887167378616,0.32192809488736235,True,within_reference,703,1.0,677.2,0.24373058260281605,ok
OPCID_49,OPCID,NC_000913.3,2964460,2969080,2966770,4620,DstpA,0.3457544754001807,0.3581908208628614,0.35197264813152107,0.41876823923471207,0.3995323219482182,0.40915028059146513,0.21716752023082125,0.25068870658118825,0.18284890003754004,0.050980441183609164,0.32192809488736235,True,within_reference,1081,1.0,1044.3200000000002,0.35173122986116545,ok
OPCID_49,OPCID,NC_000913.3,2964460,2969080,2966770,4620,DhnsDstpA,0.3457544754001807,0.3581908208628614,0.35197264813152107,0.3581728279147633,0.32894523952180055,0.3435590337182819,-0.0349053025787116,0.025192573137188888,-0.09761588680654947,0.050980441183609164,0.32192809488736235,False,within_reference,1081,1.0,1044.3200000000002,0.43843642377931785,ok
OPCID_50,OPCID,NC_000913.3,3012260,3016260,3014260,4000,DstpA,0.3745191933720022,0.3712445085667804,0.3728818509693913,0.32169533177165016,0.3406278575790801,0.3311615946753651,-0.17118320853021174,-0.21302357876989342,-0.13052215166653572,-0.012669970075133166,0.32192809488736235,True,within_reference,820,1.0,780.24,0.7040018856391084,ok
OPCID_50,OPCID,NC_000913.3,3012260,3016260,3014260,4000,DhnsDstpA,0.3745191933720022,0.3712445085667804,0.3728818509693913,0.3474796463162552,0.3129108657529836,0.3301952560346194,-0.17539918650174152,-0.10179010529757225,-0.2529668228033665,-0.012669970075133166,0.32192809488736235,True,within_reference,820,1.0,780.24,0.5965612653299192,ok
OPCID_51,OPCID,NC_000913.3,3040170,3043170,3041670,3000,DstpA,0.6026441176733066,0.6284008939031023,0.6155225057882044,0.5588401401239693,0.5945424038086702,0.5766912719663198,-0.09401242011851488,-0.1393759582270038,-0.05003189877630727,0.06037894092596922,0.32192809488736235,True,within_reference,465,1.0,435.21,0.6826482166172295,ok
OPCID_51,OPCID,NC_000913.3,3040170,3043170,3041670,3000,DhnsDstpA,0.6026441176733066,0.6284008939031023,0.6155225057882044,0.4773809797825813,0.4373638330579716,0.45737240642027643,-0.42844227833223963,-0.36667052147471296,-0.4929776834721583,0.06037894092596922,0.32192809488736235,True,decrease_consistent,465,1.0,435.21,0.8674246602206754,ok
OPCID_52,OPCID,NC_000913.3,3046160,3051090,3048625,4930,DstpA,0.4508453506764627,0.4937287101364348,0.47228703040644876,0.3639836116599933,0.39931459819047427,0.3816491049252338,-0.3074171100124804,-0.3757904231894848,-0.24213810266757688,0.13108589572524637,0.32192809488736235,True,inconsistent_or_borderline,1225,1.0,1190.7600000000002,1.0147115392205648,ok
OPCID_52,OPCID,NC_000913.3,3046160,3051090,3048625,4930,DhnsDstpA,0.4508453506764627,0.4937287101364348,0.47228703040644876,0.36144052449017006,0.3275194983320073,0.34448001141108864,-0.45524364541132695,-0.3859056484639786,-0.5280831201476052,0.13108589572524637,0.32192809488736235,True,decrease_consistent,1225,1.0,1190.7600000000002,0.9152767131368303,ok
OPCID_53,OPCID,NC_000913.3,3269380,3278780,3274080,9400,DstpA,0.3299674376962833,0.4004391328031444,0.36520328524971385,0.15933957672339383,0.15767081236378017,0.158505194543587,-1.2041696221502085,-1.1965950957965212,-1.211784126737145,0.2792593065707418,0.32192809488736235,True,decrease_consistent,4465,1.0,4371.16,1.5512152530720482,ok
OPCID_53,OPCID,NC_000913.3,3269380,3278780,3274080,9400,DhnsDstpA,0.3299674376962833,0.4004391328031444,0.36520328524971385,0.1835826813260383,0.16757550316970168,0.17557909224787,-1.0565786827252173,-0.9922697780175003,-1.1238884776430047,0.2792593065707418,0.32192809488736235,True,decrease_consistent,4465,1.0,4371.16,1.1664668792699988,ok
OPCID_54,OPCID,NC_000913.3,3375910,3384990,3380450,9080,DstpA,0.16883639284447413,0.17123563339153003,0.1700360131180021,0.26893945125500907,0.24269044935783057,0.2558149503064198,0.5892602432808374,0.6614410652848908,0.5132769977493792,0.02035703970346786,0.32192809488736235,True,increase_consistent,4095,1.0,4077.01,0.2721659542330108,ok
OPCID_54,OPCID,NC_000913.3,3375910,3384990,3380450,9080,DhnsDstpA,0.16883639284447413,0.17123563339153003,0.1700360131180021,0.1913530942424939,0.17467054036185475,0.1830118173021743,0.10609647093029463,0.17039689283670306,0.03879596905227756,0.02035703970346786,0.32192809488736235,True,within_reference,4095,1.0,4077.01,0.2802522212936211,ok
OPCID_55,OPCID,NC_000913.3,3439610,3448700,3444155,9090,DstpA,0.3843764848889062,0.4052919148558198,0.394834199872363,0.7954313169099934,0.6755705568989592,0.7355009369044763,0.8974802202145669,1.0104904045605154,0.7748594941343858,0.07644131679406033,0.32192809488736235,True,increase_consistent,4095,1.0,4086.0,0.43877644574046604,ok
OPCID_55,OPCID,NC_000913.3,3439610,3448700,3444155,9090,DhnsDstpA,0.3843764848889062,0.4052919148558198,0.394834199872363,0.38776480695729637,0.38100165837505684,0.3843832326661766,-0.03870155390729161,-0.026065086805797128,-0.05144968170767785,0.07644131679406033,0.32192809488736235,True,within_reference,4095,1.0,4086.0,0.3070845152399817,ok
OPCID_56,OPCID,NC_000913.3,3547440,3552940,3550190,5500,DstpA,0.48942779080988885,0.5229617315682995,0.5061947611890942,0.43220854821418747,0.4473202418105188,0.43976439501235315,-0.20296177362356863,-0.2279649704206136,-0.17838453289385764,0.09560935596481356,0.32192809488736235,True,within_reference,1540,1.0,1485.24,0.9967336189569315,ok
OPCID_56,OPCID,NC_000913.3,3547440,3552940,3550190,5500,DhnsDstpA,0.48942779080988885,0.5229617315682995,0.5061947611890942,0.31310703570338655,0.2812161403540988,0.2971615880287427,-0.768444935530225,-0.6930366494351136,-0.8480131764698566,0.09560935596481356,0.32192809488736235,True,decrease_consistent,1540,1.0,1485.24,1.3645022851112503,ok
OPCID_57,OPCID,NC_000913.3,3552940,3556260,3554600,3320,DstpA,1.267551379355628,1.3815775204490854,1.3245644499023568,0.9010232108026465,0.9701818671592715,0.935602538980959,-0.501550361342891,-0.5558818670822623,-0.44919092253234144,0.12427228707885146,0.32192809488736235,True,decrease_consistent,561,1.0,534.76,1.2093631640757854,ok
OPCID_57,OPCID,NC_000913.3,3552940,3556260,3554600,3320,DhnsDstpA,1.267551379355628,1.3815775204490854,1.3245644499023568,0.598967115677463,0.5326096218733672,0.565788368775415,-1.2271836193774077,-1.1449693393814113,-1.3143676463063325,0.12427228707885146,0.32192809488736235,True,decrease_consistent,561,1.0,534.76,1.933766739683736,ok
OPCID_58,OPCID,NC_000913.3,3638960,3642850,3640905,3890,DstpA,0.5774513511845991,0.5758391110353316,0.5766452311099654,0.49773054092729446,0.4871767776197817,0.49245365927353807,-0.22769603301308322,-0.2123190898893212,-0.24323863834428422,-0.004033628057198806,0.32192809488736235,True,within_reference,780,1.0,737.4,0.9659172791543839,ok
OPCID_58,OPCID,NC_000913.3,3638960,3642850,3640905,3890,DhnsDstpA,0.5774513511845991,0.5758391110353316,0.5766452311099654,0.482912930231799,0.43601625340725253,0.45946459181952576,-0.3277303179697644,-0.25592091101478337,-0.40330208846870114,-0.004033628057198806,0.32192809488736235,True,inconsistent_or_borderline,780,1.0,737.4,0.7548910673978233,ok
OPCID_59,OPCID,NC_000913.3,3735170,3740140,3737655,4970,DstpA,0.41085430998191724,0.4180265132321066,0.41444041160701195,0.4063302116047891,0.40198951867839605,0.4041598651415926,-0.036238622568996987,-0.0285120490956702,-0.04400679980103552,0.024967546660731716,0.32192809488736235,True,within_reference,1275,1.0,1210.42,0.771724245501027,ok
OPCID_59,OPCID,NC_000913.3,3735170,3740140,3737655,4970,DhnsDstpA,0.41085430998191724,0.4180265132321066,0.41444041160701195,0.34633720199103873,0.3112264700266314,0.32878183600883504,-0.3340340878056937,-0.2589873217162491,-0.4131999176607449,0.024967546660731716,0.32192809488736235,True,inconsistent_or_borderline,1275,1.0,1210.42,0.7988206671570455,ok
OPCID_60,OPCID,NC_000913.3,3864340,3869140,3866740,4800,DstpA,0.4087664891874159,0.41012027005311763,0.4094433796202668,0.477097279683638,0.4852198626782546,0.4811585711809463,0.23284846781503402,0.22061949957082483,0.2449746481859138,0.0047701216283402405,0.32192809488736235,True,within_reference,1176,1.0,1128.24,0.5267662245427068,ok
OPCID_60,OPCID,NC_000913.3,3864340,3869140,3866740,4800,DhnsDstpA,0.4087664891874159,0.41012027005311763,0.4094433796202668,0.3325875377425669,0.304123879546231,0.31835570864439894,-0.363024326444989,-0.2999298498300706,-0.42900486081319594,0.0047701216283402405,0.32192809488736235,True,inconsistent_or_borderline,1176,1.0,1128.24,0.7457644989197103,ok
OPCID_61,OPCID,NC_000913.3,3911270,3927110,3919190,15840,DstpA,0.14113801484792202,0.14736359776522015,0.14425080630657108,0.29321584944575235,0.2573147292058982,0.2752652893258253,0.9322433160150969,1.0233837057976702,0.8349546591593133,0.06227356595417528,0.32192809488736235,True,increase_consistent,12720,1.0,12466.23,0.5658391618703402,ok
OPCID_61,OPCID,NC_000913.3,3911270,3927110,3919190,15840,DhnsDstpA,0.14113801484792202,0.14736359776522015,0.14425080630657108,0.14748170247752465,0.13646381090259424,0.14197275669005943,-0.022965267069473605,0.03195659260657902,-0.08006097217814741,0.06227356595417528,0.32192809488736235,False,within_reference,12720,1.0,12466.23,0.35441820513396755,ok
OPCID_62,OPCID,NC_000913.3,3986190,4002850,3994520,16660,DstpA,0.12075173991872487,0.12507629209550164,0.12291401600711326,0.16920838150912207,0.16024907703948527,0.16472872927430365,0.4224427510998978,0.4611515951452717,0.38266661057529294,0.05076437902334895,0.32192809488736235,True,increase_consistent,14028,1.0,13794.65,0.3038441171847752,ok
OPCID_62,OPCID,NC_000913.3,3986190,4002850,3994520,16660,DhnsDstpA,0.12075173991872487,0.12507629209550164,0.12291401600711326,0.11482334501248545,0.10593929913479616,0.1103813220736408,-0.15515336665504925,-0.09823344737738812,-0.2144115677301911,0.05076437902334895,0.32192809488736235,True,within_reference,14028,1.0,13794.65,0.49075476794362216,ok
OPCID_63,OPCID,NC_000913.3,4015990,4027660,4021825,11670,DstpA,0.18314698375686406,0.18938760493990897,0.18626729434838651,0.2704827350786703,0.25319654076556014,0.26183963792211523,0.4913091308905961,0.5381621281077859,0.4428833128264194,0.04833997070444627,0.32192809488736235,True,increase_consistent,6903,1.0,6751.26,0.27827047854961995,ok
OPCID_63,OPCID,NC_000913.3,4015990,4027660,4021825,11670,DhnsDstpA,0.18314698375686406,0.18938760493990897,0.18626729434838651,0.15061497752477332,0.13789014342054917,0.14425256047266125,-0.3687774547820309,-0.3065091393181005,-0.4338550469269847,0.04833997070444627,0.32192809488736235,True,inconsistent_or_borderline,6903,1.0,6751.26,0.7290764652740367,ok
OPCID_64,OPCID,NC_000913.3,4115250,4120550,4117900,5300,DstpA,0.30874670307533253,0.3173155987933589,0.31303115093434575,0.6733135501577918,0.8236556945758204,0.7484846223668061,1.2576664439497447,1.104972266327502,1.3957351540798946,0.03949471279305254,0.32192809488736235,True,increase_consistent,1431,1.0,1378.25,0.9665646301754122,ok
OPCID_64,OPCID,NC_000913.3,4115250,4120550,4117900,5300,DhnsDstpA,0.30874670307533253,0.3173155987933589,0.31303115093434575,0.3482758357091108,0.30761593012921357,0.32794588291916216,0.0671515309259454,0.15392414599461643,-0.025176016122297785,0.03949471279305254,0.32192809488736235,False,within_reference,1431,1.0,1378.25,0.22676091258375222,ok
OPCID_65,OPCID,NC_000913.3,4252060,4260210,4256135,8150,DstpA,0.22164260357175525,0.22569883570076715,0.2236707196362612,0.27050199677946074,0.2760991895104188,0.27330059314493976,0.2891121830115628,0.27426283577519506,0.30381024496126213,0.026163757027041802,0.32192809488736235,True,within_reference,3403,1.0,3280.54,0.3329844422900901,ok
OPCID_65,OPCID,NC_000913.3,4252060,4260210,4256135,8150,DhnsDstpA,0.22164260357175525,0.22569883570076715,0.2236707196362612,0.20223825322546266,0.18596072810072337,0.194099490663093,-0.20458007566023437,-0.14532050011802228,-0.2663784283056563,0.026163757027041802,0.32192809488736235,True,within_reference,3403,1.0,3280.54,0.5615153481351552,ok
OPCID_66,OPCID,NC_000913.3,4276470,4282120,4279295,5650,DstpA,0.28279595560704773,0.2858608522271419,0.2843284039170948,0.37569769146416804,0.3730851204119307,0.37439140593804937,0.3969890896335218,0.40201402217087673,0.3919465939761135,0.015551573145364506,0.32192809488736235,True,increase_consistent,1653,1.0,1568.06,0.2702674623372969,ok
OPCID_66,OPCID,NC_000913.3,4276470,4282120,4279295,5650,DhnsDstpA,0.28279595560704773,0.2858608522271419,0.2843284039170948,0.3000335217992272,0.27362886768077416,0.2868311947400007,0.012643705990358441,0.07756546853295686,-0.05533778724955896,0.015551573145364506,0.32192809488736235,False,within_reference,1653,1.0,1568.06,0.39779255337099456,ok
OPCID_67,OPCID,NC_000913.3,4480430,4488410,4484420,7980,DstpA,0.21352787716914856,0.21715869835178778,0.21534328776046818,0.32482554027280885,0.30718971271952633,0.3160076264961676,0.5533210211308829,0.5930267171728731,0.5124915478252576,0.024325308054505182,0.32192809488736235,True,increase_consistent,3240,1.0,3144.27,0.23175256484442872,ok
OPCID_67,OPCID,NC_000913.3,4480430,4488410,4484420,7980,DhnsDstpA,0.21352787716914856,0.21715869835178778,0.21534328776046818,0.25775718358193933,0.2356128134318075,0.24668499850687342,0.1960316290894806,0.259374279896315,0.12977964445149837,0.024325308054505182,0.32192809488736235,True,within_reference,3240,1.0,3144.27,0.21721787367818665,ok
OPCID_68,OPCID,NC_000913.3,4583060,4587140,4585100,4080,DstpA,0.3739261116179871,0.3807774962332808,0.37735180392563394,0.4587237790223817,0.4999404573547317,0.4793321181885567,0.34511544159197033,0.28171552382734066,0.40584610988858816,0.026194999094592542,0.32192809488736235,True,inconsistent_or_borderline,861,1.0,812.16,0.28241928910145064,ok
OPCID_68,OPCID,NC_000913.3,4583060,4587140,4585100,4080,DhnsDstpA,0.3739261116179871,0.3807774962332808,0.37735180392563394,0.3596989158185023,0.32367087783860893,0.34168489682855563,-0.14324369190590042,-0.06912036000961135,-0.22138260554924472,0.026194999094592542,0.32192809488736235,True,within_reference,861,1.0,812.16,0.5445302011982952,ok
CHIN_1,CHIN,NC_000913.3,58260,59420,58840,1160,DstpA,0.7650266799123911,0.7494256556536594,0.7572261677830252,1.1435901231655485,1.079582380626143,1.111586251895846,0.5538237236674216,0.5947738921895015,0.5116771637040515,-0.029724694551136837,0.32192809488736235,True,increase_consistent,78,1.0,61.67999999999999,0.1445567757489793,ok
CHIN_1,CHIN,NC_000913.3,58260,59420,58840,1160,DhnsDstpA,0.7650266799123911,0.7494256556536594,0.7572261677830252,0.962069380434711,0.8508270674188236,0.9064482239267673,0.2595003482568011,0.34541667117941627,0.16814166286106585,-0.029724694551136837,0.32192809488736235,True,inconsistent_or_borderline,78,1.0,61.67999999999999,0.07870843553543094,ok
CHIN_2,CHIN,NC_000913.3,83460,85860,84660,2400,DstpA,0.41995481931292383,0.40577040120611074,0.4128626102595173,0.6246155491751471,0.5976108996507213,0.6111132244129343,0.5657779302877848,0.5973067134325505,0.5335446904474463,-0.04957049241869443,0.32192809488736235,True,increase_consistent,300,1.0,276.24,0.2067238126134934,ok
CHIN_2,CHIN,NC_000913.3,83460,85860,84660,2400,DhnsDstpA,0.41995481931292383,0.40577040120611074,0.4128626102595173,0.5949366587127054,0.5343703981412076,0.5646535284269565,0.4517041300883199,0.527074305967785,0.3721783200118734,-0.04957049241869443,0.32192809488736235,True,increase_consistent,300,1.0,276.24,0.2207283989605234,ok
CHIN_3,CHIN,NC_000913.3,150060,152600,151330,2540,DstpA,0.45130636118773004,0.43103190662669794,0.441169133907214,0.7570538817970984,0.7021985498317067,0.7296262158144026,0.7258257098466967,0.7790641275004311,0.6705471594917346,-0.06631244649888468,0.32192809488736235,True,increase_consistent,325,1.0,310.0,0.2795876137730595,ok
CHIN_3,CHIN,NC_000913.3,150060,152600,151330,2540,DhnsDstpA,0.45130636118773004,0.43103190662669794,0.441169133907214,0.5925223795276495,0.547178199644531,0.5698502895860902,0.3692510885707772,0.42553778822670457,0.3106788950512001,-0.06631244649888468,0.32192809488736235,True,inconsistent_or_borderline,325,1.0,310.0,0.28389765887609925,ok
CHIN_4,CHIN,NC_000913.3,150060,153540,151800,3480,DstpA,0.3497814597985922,0.3360136291440505,0.34289754447132137,0.5852782546102978,0.5455858938192604,0.5654320742147791,0.721576149565804,0.7713451048616153,0.6700287708063396,-0.05793406933729779,0.32192809488736235,True,increase_consistent,630,1.0,588.36,0.2799650798847686,ok
CHIN_4,CHIN,NC_000913.3,150060,153540,151800,3480,DhnsDstpA,0.3497814597985922,0.3360136291440505,0.34289754447132137,0.4360877944861747,0.40303589066899426,0.41956184257758444,0.29110590370048156,0.3468410388751685,0.23313074461750502,-0.05793406933729779,0.32192809488736235,True,inconsistent_or_borderline,630,1.0,588.36,0.27647036862822943,ok
CHIN_5,CHIN,NC_000913.3,150060,154620,152340,4560,DstpA,0.2685384509544587,0.2566336207314136,0.26258603584293616,0.4432269890153558,0.4096106724368119,0.42641883072608383,0.699480952482187,0.7552555360972306,0.6414631086819371,-0.06541849120705137,0.32192809488736235,True,increase_consistent,1081,1.0,1017.08,0.26303350351700316,ok
CHIN_5,CHIN,NC_000913.3,150060,154620,152340,4560,DhnsDstpA,0.2685384509544587,0.2566336207314136,0.26258603584293616,0.3308741210304186,0.30883635512951324,0.3198552380799659,0.2846289129466685,0.33349226052233083,0.23405239491545538,-0.06541849120705137,0.32192809488736235,True,inconsistent_or_borderline,1081,1.0,1017.08,0.24985829604546597,ok
CHIN_6,CHIN,NC_000913.3,153540,155700,154620,2160,DstpA,0.42892239278103733,0.4045215134876249,0.41672195313433114,0.6876578955791441,0.6304688413894375,0.6590633684842908,0.6613320820415048,0.7226059099242901,0.5973399684180487,-0.08450020591556687,0.32192809488736235,True,increase_consistent,231,1.0,222.6,0.18199260052639654,ok
CHIN_6,CHIN,NC_000913.3,153540,155700,154620,2160,DhnsDstpA,0.42892239278103733,0.4045215134876249,0.41672195313433114,0.572996467151926,0.5378332007032052,0.5554148339275655,0.4144806049467531,0.45944113999154496,0.3680737122360622,-0.08450020591556687,0.32192809488736235,True,increase_consistent,231,1.0,222.6,0.1863874936287206,ok
CHIN_7,CHIN,NC_000913.3,156170,157290,156730,1120,DstpA,0.717240512335612,0.6978178125903235,0.7075291624629678,1.3348405966315673,1.1867274131755334,1.2607840049035504,0.8334596187688661,0.9158059507986955,0.746127073086245,-0.03960655470843196,0.32192809488736235,True,increase_consistent,66,1.0,57.27,0.3229299439101584,ok
CHIN_7,CHIN,NC_000913.3,156170,157290,156730,1120,DhnsDstpA,0.717240512335612,0.6978178125903235,0.7075291624629678,1.14615805772601,1.0218681180402467,1.0840130878831284,0.6155206569232937,0.6959444903242327,0.5303474962267312,-0.03960655470843196,0.32192809488736235,True,increase_consistent,66,1.0,57.27,0.22032892915103894,ok
CHIN_8,CHIN,NC_000913.3,179740,181020,180380,1280,DstpA,0.7027122103055664,0.687229301644675,0.6949707559751207,1.049332632589249,0.9641798099368115,1.0067562212630303,0.534690211129869,0.5944479003592348,0.4723499485885801,-0.03214241650498146,0.32192809488736235,True,increase_consistent,91,1.0,75.72,0.17162238623303616,ok
CHIN_8,CHIN,NC_000913.3,179740,181020,180380,1280,DhnsDstpA,0.7027122103055664,0.687229301644675,0.6949707559751207,0.7794211180049216,0.708051171955715,0.7437361449803184,0.09783861645053407,0.16545074987795305,0.026901358661756337,-0.03214241650498146,0.32192809488736235,True,within_reference,91,1.0,75.72,0.1605516727546642,ok
CHIN_9,CHIN,NC_000913.3,237000,238940,237970,1940,DstpA,0.4830134325563774,0.4552040716387073,0.4691087520975423,0.7618741074551945,0.7162620398848999,0.7390680736700472,0.6557848361938136,0.699630208350845,0.6105650675620392,-0.08554984873027924,0.32192809488736235,True,increase_consistent,190,1.0,178.6,0.28762279785266837,ok
CHIN_9,CHIN,NC_000913.3,237000,238940,237970,1940,DhnsDstpA,0.4830134325563774,0.4552040716387073,0.4691087520975423,0.8360873027167556,0.7813978230357506,0.808742562876253,0.7857581230243594,0.8337311765179127,0.7361348189492566,-0.08554984873027924,0.32192809488736235,True,increase_consistent,190,1.0,178.6,0.5009586191172194,ok
CHIN_10,CHIN,NC_000913.3,252280,253840,253060,1560,DstpA,0.5448869306876273,0.5375166802972733,0.5412018054924503,0.7645981486519043,0.7623049445792531,0.7634515466155787,0.4963699452571968,0.4985350546607342,0.4942015817042599,-0.01964736243801914,0.32192809488736235,True,increase_consistent,136,1.0,114.08000000000001,0.1274148369834147,ok
CHIN_10,CHIN,NC_000913.3,252280,253840,253060,1560,DhnsDstpA,0.5448869306876273,0.5375166802972733,0.5412018054924503,0.6036869989251548,0.5470007537208761,0.5753438763230154,0.08825784357502212,0.1576340791652326,0.015376168662849181,-0.01964736243801914,0.32192809488736235,True,within_reference,136,1.0,114.08000000000001,0.1427738382717742,ok
CHIN_11,CHIN,NC_000913.3,252280,260520,256400,8240,DstpA,0.1540866470144491,0.1538946294256391,0.1539906382200441,0.21244638074396405,0.21540795413885377,0.2139271674414089,0.47427706188186974,0.4642561202764423,0.4842288780215755,-0.0017989590941124448,0.32192809488736235,True,increase_consistent,3003,0.8588483648593851,3353.84,0.21741396117855422,ok
CHIN_11,CHIN,NC_000913.3,252280,260520,256400,8240,DhnsDstpA,0.1540866470144491,0.1538946294256391,0.1539906382200441,0.18420645757427961,0.16916920985573144,0.17668783371500552,0.19836005721646016,0.25848099199022473,0.13562436465797312,-0.0017989590941124448,0.32192809488736235,True,within_reference,3003,0.8588483648593851,3353.84,0.20805533129379572,ok
CHIN_12,CHIN,NC_000913.3,258700,260480,259590,1780,DstpA,0.5324336702009055,0.5245772673534279,0.5285054687771666,0.80996655589368,0.838320019113318,0.8241432875034991,0.6409767894374905,0.6159439391483192,0.66558268130481,-0.021446518199975305,0.32192809488736235,True,increase_consistent,153,1.0,149.60000000000002,0.19302989780041774,ok
CHIN_12,CHIN,NC_000913.3,258700,260480,259590,1780,DhnsDstpA,0.5324336702009055,0.5245772673534279,0.5285054687771666,0.6607926671447997,0.5865842177231303,0.623688442433965,0.238907124439175,0.3222792770196725,0.15041985519043796,-0.021446518199975305,0.32192809488736235,True,inconsistent_or_borderline,153,1.0,149.60000000000002,0.1478078783929195,ok
CHIN_13,CHIN,NC_000913.3,262320,263560,262940,1240,DstpA,0.8868162341654493,0.8726624053247004,0.8797393197450749,1.2173493037811791,1.154676691449771,1.186012997615475,0.43097182106997345,0.4685951919755376,0.39234095521035356,-0.02321153402782879,0.32192809488736235,True,increase_consistent,78,1.0,70.88,0.09052606695956528,ok
CHIN_13,CHIN,NC_000913.3,262320,263560,262940,1240,DhnsDstpA,0.8868162341654493,0.8726624053247004,0.8797393197450749,1.1217157161483462,1.0104914682036432,1.0661035921759947,0.27719963056730307,0.35055909098489585,0.19990914126918352,-0.02321153402782879,0.32192809488736235,True,inconsistent_or_borderline,78,1.0,70.88,0.10166875942967213,ok
CHIN_14,CHIN,NC_000913.3,292430,295450,293940,3020,DstpA,0.34744033720511086,0.3327695120199476,0.3401049246125292,0.48760665663513053,0.47363573233697787,0.4806211944860542,0.49892037402620826,0.5197379252912389,0.47779802984816183,-0.06224199671369842,0.32192809488736235,True,increase_consistent,465,1.0,441.15,0.20248288131312198,ok
CHIN_14,CHIN,NC_000913.3,292430,295450,293940,3020,DhnsDstpA,0.34744033720511086,0.3327695120199476,0.3401049246125292,0.45769970517115344,0.4207250438287523,0.4392123744999529,0.36893880586626676,0.42842146665363906,0.3068978017015247,-0.06224199671369842,0.32192809488736235,True,inconsistent_or_borderline,465,1.0,441.15,0.2709591058037277,ok
CHIN_15,CHIN,NC_000913.3,294940,296400,295670,1460,DstpA,0.6859130004694464,0.671705645159584,0.6788093228145151,0.8454411471360015,0.8488130197060149,0.8471270834210082,0.31957203541156365,0.3166979501272656,0.32244040642817784,-0.030196446400938295,0.32192809488736235,True,inconsistent_or_borderline,105,1.0,99.4,0.11081448571279799,ok
CHIN_15,CHIN,NC_000913.3,294940,296400,295670,1460,DhnsDstpA,0.6859130004694464,0.671705645159584,0.6788093228145151,0.9230082591665791,0.8176031305006811,0.8703056948336301,0.358515857452775,0.44333717821182755,0.2683943410951478,-0.030196446400938295,0.32192809488736235,True,inconsistent_or_borderline,105,1.0,99.4,0.08298999602447628,ok
CHIN_16,CHIN,NC_000913.3,296440,298020,297230,1580,DstpA,0.6593964207367821,0.6524534026947116,0.6559249117157469,0.8712679664909717,0.8437172500543867,0.8574926082726793,0.38659356610474066,0.40958583225939477,0.36322892915041055,-0.015271185841902417,0.32192809488736235,True,increase_consistent,136,1.0,117.12,0.10361925924371711,ok
CHIN_16,CHIN,NC_000913.3,296440,298020,297230,1580,DhnsDstpA,0.6593964207367821,0.6524534026947116,0.6559249117157469,0.8856968914334855,0.7782651116642744,0.83198100154888,0.3430199155494481,0.433282386424234,0.24673101597821487,-0.015271185841902417,0.32192809488736235,True,inconsistent_or_borderline,136,1.0,117.12,0.09645139877464134,ok
CHIN_17,CHIN,NC_000913.3,302620,304120,303370,1500,DstpA,0.5818436037778809,0.5541707861448715,0.5680071949613762,0.7515938084543505,0.7399698249260994,0.745781816690225,0.3928444179124432,0.4040439775467443,0.3815572360834207,-0.07030075787014713,0.32192809488736235,True,increase_consistent,120,1.0,105.16,0.10628751079513336,ok
CHIN_17,CHIN,NC_000913.3,302620,304120,303370,1500,DhnsDstpA,0.5818436037778809,0.5541707861448715,0.5680071949613762,0.7076098936928397,0.6360966053053796,0.6718532494991096,0.2422369401999116,0.3170450152098973,0.16333668272525423,-0.07030075787014713,0.32192809488736235,True,within_reference,120,1.0,105.16,0.08649740532764029,ok
CHIN_18,CHIN,NC_000913.3,312500,314520,313510,2020,DstpA,0.433388678864912,0.40778657072703783,0.4205876247959749,0.547039826680935,0.5344723230429455,0.5407560748619402,0.36257156613068375,0.37923946938823533,0.345708840380209,-0.08784720218224057,0.32192809488736235,True,increase_consistent,210,1.0,194.0,0.13898808925121706,ok
CHIN_18,CHIN,NC_000913.3,312500,314520,313510,2020,DhnsDstpA,0.433388678864912,0.40778657072703783,0.4205876247959749,0.5528453014378157,0.49372311189348245,0.5232842066656491,0.31518831596674596,0.39446943697236625,0.23129577989721592,-0.08784720218224057,0.32192809488736235,True,inconsistent_or_borderline,210,1.0,194.0,0.13526334306784193,ok
CHIN_19,CHIN,NC_000913.3,318290,319970,319130,1680,DstpA,0.5177939857924773,0.5006405979758273,0.5092172918841522,0.704825630896968,0.6932686843829488,0.6990471576399584,0.4571083721444531,0.4689849778603221,0.44513318328921303,-0.04860292146951657,0.32192809488736235,True,increase_consistent,153,1.0,132.87,0.15893091957300104,ok
CHIN_19,CHIN,NC_000913.3,318290,319970,319130,1680,DhnsDstpA,0.5177939857924773,0.5006405979758273,0.5092172918841522,0.5911958152086917,0.5315269201538619,0.5613613676812768,0.1406483716815261,0.21535464659591472,0.06186135075923463,-0.04860292146951657,0.32192809488736235,True,within_reference,153,1.0,132.87,0.1842621362875378,ok
CHIN_20,CHIN,NC_000913.3,335190,336930,336060,1740,DstpA,0.4822974212962316,0.4704841949217277,0.47639080810897966,0.6476040192889713,0.6316014553322373,0.6396027373106044,0.425030536259067,0.44296636272879514,0.406868918570527,-0.03577683745208123,0.32192809488736235,True,increase_consistent,171,1.0,142.83,0.16351508520372318,ok
CHIN_20,CHIN,NC_000913.3,335190,336930,336060,1740,DhnsDstpA,0.4822974212962316,0.4704841949217277,0.47639080810897966,0.5573693864897279,0.5109088459859837,0.5341391162378558,0.16506996309924782,0.22648818772053875,0.10092033820644507,-0.03577683745208123,0.32192809488736235,True,within_reference,171,1.0,142.83,0.15628709682258116,ok
CHIN_21,CHIN,NC_000913.3,343740,345280,344510,1540,DstpA,0.5628622015887857,0.53066488635298,0.5467635439708829,0.6918295887501781,0.6698337026291886,0.6808316456896834,0.31638104343768425,0.3394996644708714,0.29288591400114267,-0.08498067881465896,0.32192809488736235,True,inconsistent_or_borderline,120,1.0,111.08,0.1494309767256587,ok
CHIN_21,CHIN,NC_000913.3,343740,345280,344510,1540,DhnsDstpA,0.5628622015887857,0.53066488635298,0.5467635439708829,0.6244756003679439,0.5687727405299622,0.596624170448953,0.12590537238875074,0.19172815071801036,0.056935269870075716,-0.08498067881465896,0.32192809488736235,True,within_reference,120,1.0,111.08,0.1609655431560772,ok
CHIN_22,CHIN,NC_000913.3,431650,432910,432280,1260,DstpA,1.088509341329336,1.1033164845925751,1.0959129129609555,1.5230910249741003,1.531162064952248,1.5271265449631741,0.4786864569843044,0.47486900597360415,0.4824938334600397,0.019492896644127913,0.32192809488736235,True,increase_consistent,91,1.0,73.25,0.11074602638942364,ok
CHIN_22,CHIN,NC_000913.3,431650,432910,432280,1260,DhnsDstpA,1.088509341329336,1.1033164845925751,1.0959129129609555,1.1570786682043361,1.0237741923983186,1.0904264303013274,-0.007240722227698154,0.0783537959814562,-0.09823561465303168,0.019492896644127913,0.32192809488736235,False,within_reference,91,1.0,73.25,0.32103800749357936,ok
CHIN_23,CHIN,NC_000913.3,479730,481550,480640,1820,DstpA,0.5215017589216122,0.5081357273889596,0.514818743155286,0.735928254491951,0.6986999947221227,0.7173141246070369,0.47854045997584416,0.5155005459361676,0.4406085502404979,-0.037458214047188,0.32192809488736235,True,increase_consistent,171,1.0,156.75,0.15377547190518456,ok
CHIN_23,CHIN,NC_000913.3,479730,481550,480640,1820,DhnsDstpA,0.5215017589216122,0.5081357273889596,0.514818743155286,0.9584550620527548,0.8875899197239625,0.9230224908883586,0.8423012226916097,0.8966462124139979,0.7858287039432423,-0.037458214047188,0.32192809488736235,True,increase_consistent,171,1.0,156.75,0.4231353488838785,ok
CHIN_24,CHIN,NC_000913.3,515700,516920,516310,1220,DstpA,0.7156960964066723,0.6961452456474392,0.7059206710270558,0.9186553321451995,0.899520430648536,0.9090878813968677,0.3649136988610305,0.38001761468283257,0.3496499821010305,-0.03995876552292644,0.32192809488736235,True,increase_consistent,78,1.0,68.39999999999999,0.0984790930512132,ok
CHIN_24,CHIN,NC_000913.3,515700,516920,516310,1220,DhnsDstpA,0.7156960964066723,0.6961452456474392,0.7059206710270558,0.9708754267728731,0.8868137519447167,0.9288445893587949,0.395931163286714,0.4597801275945123,0.32912507502689303,-0.03995876552292644,0.32192809488736235,True,increase_consistent,78,1.0,68.39999999999999,0.06611994604905377,ok
CHIN_25,CHIN,NC_000913.3,526710,529470,528090,2760,DstpA,0.3011617272554318,0.2865948810441985,0.29387830414981514,0.4314753575149013,0.4160070903899533,0.4237412239524273,0.5279646345320536,0.5540593117791283,0.5013892631860509,-0.07152559721673091,0.32192809488736235,True,increase_consistent,378,1.0,367.23,0.20562461040969252,ok
CHIN_25,CHIN,NC_000913.3,526710,529470,528090,2760,DhnsDstpA,0.3011617272554318,0.2865948810441985,0.29387830414981514,0.7395953473109567,0.6982258153729899,0.7189105813419733,1.290593483727362,1.331517294418403,1.2484748438086042,-0.07152559721673091,0.32192809488736235,True,increase_consistent,378,1.0,367.23,0.8896124404493666,ok
CHIN_26,CHIN,NC_000913.3,535810,538250,537030,2440,DstpA,0.35241505011551655,0.353211707657416,0.35281337888646624,0.4896722231601487,0.4876013657618716,0.48863679446101016,0.46985723319865574,0.4729110911930397,0.4667968971649811,0.003257626955498129,0.32192809488736235,True,increase_consistent,300,1.0,285.65,0.13018178056520727,ok
CHIN_26,CHIN,NC_000913.3,535810,538250,537030,2440,DhnsDstpA,0.35241505011551655,0.353211707657416,0.35281337888646624,0.4648509638013281,0.42141013011762135,0.44313054695947474,0.32882651187820067,0.39786297710881835,0.25631972520934415,0.003257626955498129,0.32192809488736235,True,inconsistent_or_borderline,300,1.0,285.65,0.1385865764827745,ok
CHIN_27,CHIN,NC_000913.3,537490,539170,538330,1680,DstpA,0.43785115481395864,0.43288597832043807,0.43536856656719836,0.6322925769764395,0.618722422565594,0.6255074997710167,0.5227899329678628,0.5383550332867713,0.5070550690257175,-0.01645344587443527,0.32192809488736235,True,increase_consistent,153,1.0,132.87,0.19182839043311714,ok
CHIN_27,CHIN,NC_000913.3,537490,539170,538330,1680,DhnsDstpA,0.43785115481395864,0.43288597832043807,0.43536856656719836,0.5532087390259544,0.503438844543522,0.5283237917847381,0.2791851303435331,0.3455866975963119,0.20957928756385583,-0.01645344587443527,0.32192809488736235,True,inconsistent_or_borderline,153,1.0,132.87,0.11122941553310686,ok
CHIN_28,CHIN,NC_000913.3,545170,546710,545940,1540,DstpA,0.4955841927531388,0.49060158707487694,0.4930928899140079,0.6834907062018868,0.6798957191552962,0.6816932126785915,0.46726316858693323,0.47106227060502925,0.46345403583336914,-0.014578270780299406,0.32192809488736235,True,increase_consistent,136,1.0,111.02999999999999,0.1582579374259138,ok
CHIN_28,CHIN,NC_000913.3,545170,546710,545940,1540,DhnsDstpA,0.4955841927531388,0.49060158707487694,0.4930928899140079,0.7143310748862202,0.6473263782202627,0.6808287265532414,0.46543246043111647,0.5347334326832032,0.39263384391589723,-0.014578270780299406,0.32192809488736235,True,increase_consistent,136,1.0,111.02999999999999,0.09583196647556189,ok
CHIN_29,CHIN,NC_000913.3,558190,560310,559250,2120,DstpA,0.44263249164604834,0.4285580529322451,0.43559527228914674,0.6739361184993897,0.66228439616464,0.6681102573320148,0.6170979124345907,0.6296235508368833,0.6044625719089122,-0.0466187101445571,0.32192809488736235,True,increase_consistent,253,1.0,214.21,0.22044186158378648,ok
CHIN_29,CHIN,NC_000913.3,558190,560310,559250,2120,DhnsDstpA,0.44263249164604834,0.4285580529322451,0.43559527228914674,0.8103344447173066,0.758643900707853,0.7844891727125798,0.8487652397572695,0.8955291702852908,0.8004345630550456,-0.0466187101445571,0.32192809488736235,True,increase_consistent,253,1.0,214.21,0.5210578845853279,ok
CHIN_30,CHIN,NC_000913.3,558190,561210,559700,3020,DstpA,0.31630922300800074,0.30978954291953437,0.31304938296376755,0.47216090336554767,0.4655474497755495,0.4688541765705486,0.5827490266554154,0.5928883285362767,0.5725379608152181,-0.030047176708867713,0.32192809488736235,True,increase_consistent,496,1.0,441.01,0.20238971981085682,ok
CHIN_30,CHIN,NC_000913.3,558190,561210,559700,3020,DhnsDstpA,0.31630922300800074,0.30978954291953437,0.31304938296376755,0.5659393199762632,0.531864240157607,0.5489017800669351,0.8101577603269547,0.8542571179653684,0.7646677831559682,-0.030047176708867713,0.32192809488736235,True,increase_consistent,496,1.0,441.01,0.5013558171664899,ok
CHIN_31,CHIN,NC_000913.3,562020,564760,563390,2740,DstpA,0.28904130554762025,0.283098182238927,0.28606974389327366,0.4100172272459746,0.4059646220530232,0.40799092464949893,0.5121701418539567,0.5193176077559334,0.5049870892704625,-0.029973190500371727,0.32192809488736235,True,increase_consistent,378,1.0,361.88,0.2311953112915381,ok
CHIN_31,CHIN,NC_000913.3,562020,564760,563390,2740,DhnsDstpA,0.28904130554762025,0.283098182238927,0.28606974389327366,0.45670953524666785,0.4213011320800308,0.4390053336633493,0.6178715483955879,0.6749099914331483,0.5584848731873234,-0.029973190500371727,0.32192809488736235,True,increase_consistent,378,1.0,361.88,0.2685048305862191,ok
CHIN_32,CHIN,NC_000913.3,563970,568970,566470,5000,DstpA,0.2282551449939157,0.2211712435769611,0.2247131942854384,0.3182425076449136,0.3101012236022156,0.3141718656235646,0.4834691553121727,0.5020417128345581,0.4646543821195216,-0.04548355943331669,0.32192809488736235,True,increase_consistent,820,0.6367969572563071,1225.21,0.1622626927159175,ok
CHIN_32,CHIN,NC_000913.3,563970,568970,566470,5000,DhnsDstpA,0.2282551449939157,0.2211712435769611,0.2247131942854384,0.3521293027741652,0.32285314088912925,0.33749122183164726,0.5867651416101053,0.6480204509830813,0.5227932260167151,-0.04548355943331669,0.32192809488736235,True,increase_consistent,820,0.6367969572563071,1225.21,0.25625562591304385,ok
CHIN_33,CHIN,NC_000913.3,568090,570890,569490,2800,DstpA,0.28505305491419664,0.27175591925541437,0.2784044870848055,0.44337575401161095,0.42512318489975004,0.4342494694556805,0.6413416228283231,0.6713474151362199,0.6106984777392095,-0.0689190032423088,0.32192809488736235,True,increase_consistent,406,1.0,378.09000000000003,0.2883017831470882,ok
CHIN_33,CHIN,NC_000913.3,568090,570890,569490,2800,DhnsDstpA,0.28505305491419664,0.27175591925541437,0.2784044870848055,0.5851677077381198,0.5537326865746737,0.5694501971563968,1.032387209065772,1.0716676935892242,0.9920072224819863,-0.0689190032423088,0.32192809488736235,True,increase_consistent,406,1.0,378.09000000000003,0.6719015503910573,ok
CHIN_34,CHIN,NC_000913.3,569420,572480,570950,3060,DstpA,0.271777924038973,0.25893814958109507,0.265358036810034,0.3984263874620821,0.3888166733415846,0.39362153040183334,0.5688688918706483,0.5863729552798754,0.5511498424755564,-0.06982073931449903,0.32192809488736235,True,increase_consistent,465,1.0,453.04,0.17483817109325808,ok
CHIN_34,CHIN,NC_000913.3,569420,572480,570950,3060,DhnsDstpA,0.271777924038973,0.25893814958109507,0.265358036810034,0.7088233080881552,0.6778398960284098,0.6933316020582825,1.3856052762403779,1.4174858006783408,1.3530043090533128,-0.06982073931449903,0.32192809488736235,True,increase_consistent,465,1.0,453.04,1.0943662161047027,ok
CHIN_35,CHIN,NC_000913.3,570750,572390,571570,1640,DstpA,0.4828630358418217,0.4611414208707718,0.4720022283562968,0.685851118908499,0.678031021024267,0.681941069966383,0.5308534032709615,0.5391017667728717,0.5225576098513014,-0.06640476843469398,0.32192809488736235,True,increase_consistent,136,1.0,126.45000000000002,0.13199568067497727,ok
CHIN_35,CHIN,NC_000913.3,570750,572390,571570,1640,DhnsDstpA,0.4828630358418217,0.4611414208707718,0.4720022283562968,1.2117668905952037,1.127835194222679,1.1698010424089413,1.309397603994025,1.3602466163222062,1.2566906924432093,-0.06640476843469398,0.32192809488736235,True,increase_consistent,136,1.0,126.45000000000002,0.9267598200199318,ok
CHIN_36,CHIN,NC_000913.3,582900,585780,584340,2880,DstpA,0.2648898926968281,0.25609995525695023,0.26049492397688917,0.44276723308678523,0.4268220385553298,0.4347946358210575,0.739078881239588,0.7652931993538316,0.7123794099730774,-0.04868579550709861,0.32192809488736235,True,increase_consistent,406,1.0,400.40000000000003,0.3134414874683082,ok
CHIN_36,CHIN,NC_000913.3,582900,585780,584340,2880,DhnsDstpA,0.2648898926968281,0.25609995525695023,0.26049492397688917,0.6013480862690979,0.5746037829434731,0.5879759346062855,1.1745018475770692,1.2069450666658785,1.1413122306668357,-0.04868579550709861,0.32192809488736235,True,increase_consistent,406,1.0,400.40000000000003,0.7654457430108144,ok
CHIN_37,CHIN,NC_000913.3,617720,619520,618620,1800,DstpA,0.46633477673809187,0.46076506169886966,0.46354991921848077,0.6311003362261817,0.6259971347095805,0.6285487354678811,0.43929990092831145,0.44514468242814187,0.43343134414802775,-0.01733469602056495,0.32192809488736235,True,increase_consistent,171,1.0,153.15999999999997,0.1464739754079343,ok
CHIN_37,CHIN,NC_000913.3,617720,619520,618620,1800,DhnsDstpA,0.46633477673809187,0.46076506169886966,0.46354991921848077,0.6623041891128306,0.60059845623273,0.6314513226727803,0.44594681423067445,0.5147692738149268,0.3736760570471455,-0.01733469602056495,0.32192809488736235,True,increase_consistent,171,1.0,153.15999999999997,0.12153365580747154,ok
CHIN_38,CHIN,NC_000913.3,636260,638180,637220,1920,DstpA,0.3934230962559485,0.37284786960337085,0.3831354829296597,0.5429665941085684,0.5299459882681133,0.5364562911883408,0.48560598663665766,0.5030087965177221,0.46799068590789916,-0.07749455660441794,0.32192809488736235,True,increase_consistent,190,1.0,174.92000000000002,0.19087230809016031,ok
CHIN_38,CHIN,NC_000913.3,636260,638180,637220,1920,DhnsDstpA,0.3934230962559485,0.37284786960337085,0.3831354829296597,0.6387547517036467,0.5822835552550659,0.6105191534793564,0.6721819140246101,0.7374074755437575,0.6038672322496612,-0.07749455660441794,0.32192809488736235,True,increase_consistent,190,1.0,174.92000000000002,0.2782783456821644,ok
CHIN_39,CHIN,NC_000913.3,655540,657040,656290,1500,DstpA,0.4694439642940528,0.4608261481558259,0.46513505622493934,0.6391602356333025,0.6166998602001047,0.6279300479167036,0.4329541735171126,0.4585279792438437,0.4069188425003571,-0.02673037886762826,0.32192809488736235,True,increase_consistent,120,1.0,105.24000000000001,0.12288153690842094,ok
CHIN_39,CHIN,NC_000913.3,655540,657040,656290,1500,DhnsDstpA,0.4694439642940528,0.4608261481558259,0.46513505622493934,0.7956764798389103,0.7263226380585173,0.7609995589487137,0.710245940818032,0.7745322768537951,0.6429608699758066,-0.02673037886762826,0.32192809488736235,True,increase_consistent,120,1.0,105.24000000000001,0.3518464839454696,ok
CHIN_40,CHIN,NC_000913.3,660590,662490,661540,1900,DstpA,0.4580342600500851,0.4344835707671656,0.44625891540862533,0.6842125239892265,0.6485327808178245,0.6663726524035255,0.5784482026974695,0.6165635200352202,0.5392985072148647,-0.07615388797994449,0.32192809488736235,True,increase_consistent,190,1.0,171.09,0.1512572431283362,ok
CHIN_40,CHIN,NC_000913.3,660590,662490,661540,1900,DhnsDstpA,0.4580342600500851,0.4344835707671656,0.44625891540862533,0.7236043850790752,0.644255602994567,0.6839299940368211,0.6159676690011919,0.697320159043972,0.529752187295931,-0.07615388797994449,0.32192809488736235,True,increase_consistent,190,1.0,171.09,0.24844886753713585,ok
CHIN_41,CHIN,NC_000913.3,676260,677580,676920,1320,DstpA,0.4878119768222242,0.48114252225260506,0.48447724953741467,0.6808449028233367,0.6636890186632847,0.6722669607433107,0.4726053285423954,0.4908972682086942,0.4540784837044226,-0.01986087272910723,0.32192809488736235,True,increase_consistent,91,1.0,80.72,0.13415145416666618,ok
CHIN_41,CHIN,NC_000913.3,676260,677580,676920,1320,DhnsDstpA,0.4878119768222242,0.48114252225260506,0.48447724953741467,0.7217782935029776,0.6541269971860796,0.6879526453445286,0.5058803415905534,0.5751268367773607,0.4331418386694601,-0.01986087272910723,0.32192809488736235,True,increase_consistent,91,1.0,80.72,0.10509555816355665,ok
CHIN_42,CHIN,NC_000913.3,676260,680280,678270,4020,DstpA,0.20132407761481758,0.19670129574226775,0.19901268667854266,0.2704731461340127,0.26493763709837403,0.26770539161619333,0.4277857925560434,0.4426249607540029,0.41279240508500753,-0.033513262367371364,0.32192809488736235,True,increase_consistent,820,1.0,788.12,0.16251103372083783,ok
CHIN_42,CHIN,NC_000913.3,676260,680280,678270,4020,DhnsDstpA,0.20132407761481758,0.19670129574226775,0.19901268667854266,0.32437791107091507,0.29755238986212557,0.3109651504665203,0.6438925053641067,0.704815177981497,0.5802833024407716,-0.033513262367371364,0.32192809488736235,True,increase_consistent,820,1.0,788.12,0.29961907718134606,ok
CHIN_43,CHIN,NC_000913.3,715620,717120,716370,1500,DstpA,0.5426948046780763,0.5255377182603087,0.5341162614691926,0.7484261395608792,0.7329207742930357,0.7406734569269575,0.47168382856775787,0.48670613852405686,0.4565034488566236,-0.04634678627419956,0.32192809488736235,True,increase_consistent,120,1.0,105.16,0.13202537130274586,ok
CHIN_43,CHIN,NC_000913.3,715620,717120,716370,1500,DhnsDstpA,0.5426948046780763,0.5255377182603087,0.5341162614691926,0.7056726637023959,0.6438352359103138,0.6747539498063548,0.33720770826050706,0.40184531549682206,0.2695377264459724,-0.04634678627419956,0.32192809488736235,True,inconsistent_or_borderline,120,1.0,105.16,0.12647597977370828,ok
CHIN_44,CHIN,NC_000913.3,720100,721340,720720,1240,DstpA,0.5593925060751705,0.5360375575558151,0.5477150318154929,0.8077019300906376,0.7898192461895741,0.7987605881401059,0.544337675049645,0.560397511805137,0.5280970485032057,-0.061526839940368956,0.32192809488736235,True,increase_consistent,78,1.0,70.80000000000001,0.12186538200095583,ok
CHIN_44,CHIN,NC_000913.3,720100,721340,720720,1240,DhnsDstpA,0.5593925060751705,0.5360375575558151,0.5477150318154929,0.823168218817225,0.745228591061981,0.784198404939603,0.5177932323278956,0.5877618081175152,0.4442575499608939,-0.061526839940368956,0.32192809488736235,True,increase_consistent,78,1.0,70.80000000000001,0.09582573986421106,ok
CHIN_45,CHIN,NC_000913.3,732990,736410,734700,3420,DstpA,0.15771877705188625,0.1532539214766293,0.15548634926425778,0.22870878891139684,0.2239862924885537,0.22634754069997526,0.5417517053211274,0.556723881016481,0.5266225186925898,-0.041430438761447426,0.32192809488736235,True,increase_consistent,595,0.9415297370599321,567.81,0.1343844691803698,ok
CHIN_45,CHIN,NC_000913.3,732990,736410,734700,3420,DhnsDstpA,0.15771877705188625,0.1532539214766293,0.15548634926425778,0.24871391411386776,0.22657134109711421,0.23764262760549099,0.6120057193105904,0.6776992940558788,0.5431774606267945,-0.041430438761447426,0.32192809488736235,True,increase_consistent,595,0.9415297370599321,567.81,0.2083261507506162,ok
CHIN_46,CHIN,NC_000913.3,735680,739080,737380,3400,DstpA,0.11914405972993648,0.114052612401506,0.11659833606572124,0.18368338680959498,0.1776994576162396,0.18069142221291729,0.6319808196916367,0.6556739477306243,0.6078920774161468,-0.06300753131447379,0.32192809488736235,True,increase_consistent,595,1.0,561.16,0.12079021260595013,ok
CHIN_46,CHIN,NC_000913.3,735680,739080,737380,3400,DhnsDstpA,0.11914405972993648,0.114052612401506,0.11659833606572124,0.2062021571423486,0.18636159230135418,0.19628187472185138,0.7513797555259384,0.8225122247622234,0.6765573617277276,-0.06300753131447379,0.32192809488736235,True,increase_consistent,595,1.0,561.16,0.2377803654014432,ok
CHIN_47,CHIN,NC_000913.3,748180,749460,748820,1280,DstpA,0.5905824703264271,0.5666797466908681,0.5786311085086475,0.66962008994974,0.6683842589241359,0.6690021744369379,0.20936701214126555,0.21069892441113067,0.20803386909867896,-0.059604894019127254,0.32192809488736235,True,within_reference,91,1.0,75.72,0.1041296610925632,ok
CHIN_47,CHIN,NC_000913.3,748180,749460,748820,1280,DhnsDstpA,0.5905824703264271,0.5666797466908681,0.5786311085086475,0.8647684241830518,0.779691192416924,0.8222298082999879,0.506897786998201,0.5796699581503907,0.43025894970617784,-0.059604894019127254,0.32192809488736235,True,increase_consistent,91,1.0,75.72,0.10643584152298728,ok
CHIN_48,CHIN,NC_000913.3,751750,753190,752470,1440,DstpA,0.5318937608948102,0.5301600187338514,0.5310268898143309,0.8844705421325306,0.9000107034495455,0.892240622791038,0.7486479168303379,0.7360291766311118,0.7611572417241385,-0.004710238761202116,0.32192809488736235,True,increase_consistent,105,1.0,96.65,0.3112047373490229,ok
CHIN_48,CHIN,NC_000913.3,751750,753190,752470,1440,DhnsDstpA,0.5318937608948102,0.5301600187338514,0.5310268898143309,0.8616442687566639,0.7638908243495769,0.8127675465531203,0.6140578799016071,0.6983074560414797,0.524581545126042,-0.004710238761202116,0.32192809488736235,True,increase_consistent,105,1.0,96.65,0.15815711036551688,ok
CHIN_49,CHIN,NC_000913.3,799970,802230,801100,2260,DstpA,0.3717945895703952,0.3677350381023502,0.3697648138363727,0.5242112273453062,0.5182213419256148,0.5212162846354604,0.49527421251959847,0.503540306086393,0.48696048432296085,-0.015839131740049365,0.32192809488736235,True,increase_consistent,276,1.0,244.29000000000002,0.16692360266613368,ok
CHIN_49,CHIN,NC_000913.3,799970,802230,801100,2260,DhnsDstpA,0.3717945895703952,0.3677350381023502,0.3697648138363727,0.4771822889390466,0.4329863769652686,0.45508433295215756,0.29952597297104155,0.36793255009603243,0.2277136872309454,-0.015839131740049365,0.32192809488736235,True,inconsistent_or_borderline,276,1.0,244.29000000000002,0.22485124757389868,ok
CHIN_50,CHIN,NC_000913.3,820280,821760,821020,1480,DstpA,0.4836350827823023,0.4727644151024975,0.4781997489423999,0.576453968192989,0.5671901463726106,0.5718220572827998,0.2579528984769992,0.26959203575148005,0.24621909665242847,-0.032797452972694076,0.32192809488736235,True,within_reference,120,1.0,102.32,0.13148688180725135,ok
CHIN_50,CHIN,NC_000913.3,820280,821760,821020,1480,DhnsDstpA,0.4836350827823023,0.4727644151024975,0.4781997489423999,0.7367718000714233,0.6654467505262327,0.7011092752988279,0.5520259484214077,0.6236044707303224,0.47670985275120464,-0.032797452972694076,0.32192809488736235,True,increase_consistent,120,1.0,102.32,0.16261124205541658,ok
CHIN_51,CHIN,NC_000913.3,872520,876840,874680,4320,DstpA,0.24740961078253332,0.2411324628030191,0.2442710367927762,0.3000940441635316,0.29320062628623955,0.29664733522488557,0.28026600971354443,0.2969318732255212,0.2634053716679351,-0.03707565490171342,0.32192809488736235,True,within_reference,946,1.0,911.72,0.21030507141531823,ok
CHIN_51,CHIN,NC_000913.3,872520,876840,874680,4320,DhnsDstpA,0.24740961078253332,0.2411324628030191,0.2442710367927762,0.40710418917150776,0.38601155433105416,0.396557871751281,0.6990486078274505,0.7369152536807941,0.6601612183078136,-0.03707565490171342,0.32192809488736235,True,increase_consistent,946,1.0,911.72,0.4991583998265556,ok
CHIN_52,CHIN,NC_000913.3,997460,998920,998190,1460,DstpA,0.4390985003302184,0.4188287888957277,0.4289636446129731,0.6115203290607797,0.5914841105488917,0.6015022198048356,0.48771467949756275,0.5115450776605408,0.4634840308744303,-0.0681839954535228,0.32192809488736235,True,increase_consistent,120,1.0,99.47999999999999,0.17693143934923036,ok
CHIN_52,CHIN,NC_000913.3,997460,998920,998190,1460,DhnsDstpA,0.4390985003302184,0.4188287888957277,0.4289636446129731,1.252067473107761,1.1678911485302195,1.2099793108189902,1.4960550921740734,1.545385023071257,1.4449785291480848,-0.0681839954535228,0.32192809488736235,True,increase_consistent,120,1.0,99.47999999999999,0.8536656256908259,ok
CHIN_53,CHIN,NC_000913.3,998130,999910,999020,1780,DstpA,0.4264633447657259,0.4058540672724161,0.416158706019071,0.5161643490387425,0.4946270745641861,0.5053957118014643,0.2802796047430862,0.3106966807887271,0.24920739259607194,-0.07146067325714983,0.32192809488736235,True,within_reference,171,1.0,149.67,0.11006469207465988,ok
CHIN_53,CHIN,NC_000913.3,998130,999910,999020,1780,DhnsDstpA,0.4264633447657259,0.4058540672724161,0.416158706019071,1.2866093041467996,1.2010722743323516,1.2438407892395755,1.5795961096421272,1.6283683030427936,1.5291172439226532,-0.07146067325714983,0.32192809488736235,True,increase_consistent,171,1.0,149.67,1.193950699627523,ok
CHIN_54,CHIN,NC_000913.3,1049000,1051220,1050110,2220,DstpA,0.3475643994350885,0.33688509056111504,0.34222474499810174,0.4792667185866285,0.458251886531273,0.46875930255895076,0.4539032416473318,0.4858846797728469,0.42119674055416045,-0.04502373548160316,0.32192809488736235,True,increase_consistent,171,0.6652506372132541,235.39999999999998,0.127236996787081,ok
CHIN_54,CHIN,NC_000913.3,1049000,1051220,1050110,2220,DhnsDstpA,0.3475643994350885,0.33688509056111504,0.34222474499810174,0.473930897421916,0.42747299053312526,0.4507019439775206,0.3972295932207424,0.46973263949886274,0.32088918807949157,-0.04502373548160316,0.32192809488736235,True,inconsistent_or_borderline,171,0.6652506372132541,235.39999999999998,0.17144518148291724,ok
CHIN_55,CHIN,NC_000913.3,1050610,1052710,1051660,2100,DstpA,0.4307958401790665,0.4151513238553042,0.4229735820171854,0.5640178083568624,0.5534720845128444,0.5587449464348534,0.40162231925147984,0.41517315648899994,0.38794299493400236,-0.0533670202699875,0.32192809488736235,True,increase_consistent,231,1.0,210.09,0.11546251286856989,ok
CHIN_55,CHIN,NC_000913.3,1050610,1052710,1051660,2100,DhnsDstpA,0.4307958401790665,0.4151513238553042,0.4229735820171854,0.6004174375651514,0.5430825883900763,0.5717500129776139,0.43481693472604255,0.5053983182404541,0.36060405152812136,-0.0533670202699875,0.32192809488736235,True,increase_consistent,231,1.0,210.09,0.12305878124895975,ok
CHIN_56,CHIN,NC_000913.3,1064050,1065830,1064940,1780,DstpA,0.4691397867313212,0.44764940247175994,0.45839459460154053,0.5833854621301134,0.5611502227225714,0.5722678424263424,0.32010050757689745,0.3478594030549885,0.29179700731532077,-0.06764859732023497,0.32192809488736235,True,inconsistent_or_borderline,171,1.0,149.75,0.18275451887598343,ok
CHIN_56,CHIN,NC_000913.3,1064050,1065830,1064940,1780,DhnsDstpA,0.4691397867313212,0.44764940247175994,0.45839459460154053,0.9715355427441293,0.8851323457736404,0.9283339442588849,1.0180538392466953,1.083676744556282,0.9493031524609209,-0.06764859732023497,0.32192809488736235,True,increase_consistent,171,1.0,149.75,0.6464683514820186,ok
CHIN_57,CHIN,NC_000913.3,1086240,1089040,1087640,2800,DstpA,0.34008309616437016,0.33260235803098576,0.336342727097678,0.42815322785495663,0.42544478386971085,0.42679900586233377,0.34362475330424525,0.34819513960168547,0.3390398422238368,-0.03208890179828232,0.32192809488736235,True,increase_consistent,406,1.0,378.24,0.172650007740084,ok
CHIN_57,CHIN,NC_000913.3,1086240,1089040,1087640,2800,DhnsDstpA,0.34008309616437016,0.33260235803098576,0.336342727097678,0.42821542710326244,0.39308667699557204,0.4106510520494172,0.28798093171943506,0.3484047095029567,0.22491540448547548,-0.03208890179828232,0.32192809488736235,True,inconsistent_or_borderline,406,1.0,378.24,0.18316091292385867,ok
CHIN_58,CHIN,NC_000913.3,1087590,1089310,1088450,1720,DstpA,0.5014406110268075,0.47895016334844037,0.4901953871876239,0.6294812150298212,0.6203032308889086,0.624892222959365,0.3502504769873615,0.3608064174090026,0.3396167310071533,-0.06620329724186313,0.32192809488736235,True,increase_consistent,171,1.0,139.41,0.1252927019835938,ok
CHIN_58,CHIN,NC_000913.3,1087590,1089310,1088450,1720,DhnsDstpA,0.5014406110268075,0.47895016334844037,0.4901953871876239,0.6632431090006615,0.6084277004391125,0.6358354047198871,0.37529644286814423,0.4361808728492683,0.3117289291506251,-0.06620329724186313,0.32192809488736235,True,inconsistent_or_borderline,171,1.0,139.41,0.09169718021726883,ok
CHIN_59,CHIN,NC_000913.3,1086240,1093920,1090080,7680,DstpA,0.12940402960621109,0.12442619541229362,0.12691511250925236,0.151527359665775,0.15131260451160936,0.15141998208869217,0.25469173330041545,0.2557144397783806,0.253668301325707,-0.05659229552966965,0.32192809488736235,True,within_reference,3003,1.0,2910.92,0.2168817594661886,ok
CHIN_59,CHIN,NC_000913.3,1086240,1093920,1090080,7680,DhnsDstpA,0.12940402960621109,0.12442619541229362,0.12691511250925236,0.19420411589957304,0.18209836468212495,0.188151240290849,0.5680289302982894,0.6137099077275694,0.5208540970124961,-0.05659229552966965,0.32192809488736235,True,increase_consistent,3003,1.0,2910.92,0.3263858496443225,ok
CHIN_60,CHIN,NC_000913.3,1090720,1094340,1092530,3620,DstpA,0.2519987928902903,0.23897409989679586,0.24548644639354308,0.2998297148415309,0.29490972951516115,0.297369722178346,0.2766143876383972,0.2884999959265888,0.26463004607831825,-0.07656255618414463,0.32192809488736235,True,within_reference,666,1.0,637.3199999999999,0.1445423833570294,ok
CHIN_60,CHIN,NC_000913.3,1090720,1094340,1092530,3620,DhnsDstpA,0.2519987928902903,0.23897409989679586,0.24548644639354308,0.4416682669440019,0.41397338104961867,0.4278208239968103,0.8013633329961536,0.8473198073214797,0.7538946300219102,-0.07656255618414463,0.32192809488736235,True,increase_consistent,666,1.0,637.3199999999999,0.4588119658487421,ok
CHIN_61,CHIN,NC_000913.3,1092650,1096790,1094720,4140,DstpA,0.254803206553143,0.24112672372259328,0.24796496513786814,0.3312232673561427,0.31945878635681924,0.325341026856481,0.39181646643975737,0.4176677237708066,0.36549352263683293,-0.07959188161783654,0.32192809488736235,True,increase_consistent,496,0.5708051885946559,836.45,0.17192553338191577,ok
CHIN_61,CHIN,NC_000913.3,1092650,1096790,1094720,4140,DhnsDstpA,0.254803206553143,0.24112672372259328,0.24796496513786814,0.47769967375420896,0.441126746707096,0.4594132102306525,0.8896560441363338,0.9459675942628314,0.83105694032664,-0.07959188161783654,0.32192809488736235,True,increase_consistent,496,0.5708051885946559,836.45,0.44601960567361476,ok
CHIN_62,CHIN,NC_000913.3,1101500,1103860,1102680,2360,DstpA,0.36627936588580734,0.34818157154858687,0.3572304687171971,0.4652960713774055,0.4487828540342066,0.45703946270580603,0.3554636036980714,0.3812938707663507,0.3291624228288942,-0.07310458355918137,0.32192809488736235,True,increase_consistent,276,1.0,266.8,0.1374427108979572,ok
CHIN_62,CHIN,NC_000913.3,1101500,1103860,1102680,2360,DhnsDstpA,0.36627936588580734,0.34818157154858687,0.3572304687171971,0.5791599931589131,0.5261524423912889,0.552656217775101,0.6295271893817288,0.6971068129943668,0.558625717476,-0.07310458355918137,0.32192809488736235,True,increase_consistent,276,1.0,266.8,0.2633119785348905,ok
CHIN_63,CHIN,NC_000913.3,1103980,1105420,1104700,1440,DstpA,0.6031414639206282,0.5794821269147171,0.5913117954176726,0.7537179919956589,0.7298328239834613,0.7417754079895601,0.3270633830011145,0.3501057755472835,0.3036469810017238,-0.057732254394855305,0.32192809488736235,True,inconsistent_or_borderline,120,1.0,96.64000000000001,0.10236394585150273,ok
CHIN_63,CHIN,NC_000913.3,1103980,1105420,1104700,1440,DhnsDstpA,0.6031414639206282,0.5794821269147171,0.5913117954176726,0.8506955682332411,0.7663701109421234,0.8085328395876823,0.4513873156800667,0.5247238821834338,0.37412223979142056,-0.057732254394855305,0.32192809488736235,True,increase_consistent,120,1.0,96.64000000000001,0.1085859701362709,ok
CHIN_64,CHIN,NC_000913.3,1117780,1119480,1118630,1700,DstpA,0.5352510022774849,0.5129404959593628,0.5240957491184238,0.7012161759527774,0.6838002265783927,0.692508201265585,0.40200074938685837,0.42002886969735886,0.38374449332455257,-0.06142411747716377,0.32192809488736235,True,increase_consistent,153,1.0,136.16,0.16065865565767523,ok
CHIN_64,CHIN,NC_000913.3,1117780,1119480,1118630,1700,DhnsDstpA,0.5352510022774849,0.5129404959593628,0.5240957491184238,0.7845159040588325,0.7129294845203351,0.7487226942895838,0.5146010766837464,0.5819722869654551,0.4439289800330346,-0.06142411747716377,0.32192809488736235,True,increase_consistent,153,1.0,136.16,0.1337942959109632,ok
CHIN_65,CHIN,NC_000913.3,1118940,1121440,1120190,2500,DstpA,0.36729466647545983,0.35949774818970626,0.36339620733258304,0.45829980225008715,0.4524924478796627,0.4553961250648749,0.32557865309659834,0.3347483005750648,0.3163503511136772,-0.030955212708385544,0.32192809488736235,True,inconsistent_or_borderline,325,1.0,300.24,0.150698383292295,ok
CHIN_65,CHIN,NC_000913.3,1118940,1121440,1120190,2500,DhnsDstpA,0.36729466647545983,0.35949774818970626,0.36339620733258304,0.511183850677764,0.46821020359568966,0.4896970271367268,0.4303460750944019,0.49229889674269367,0.36561301247413197,-0.030955212708385544,0.32192809488736235,True,increase_consistent,325,1.0,300.24,0.15672652785668112,ok
CHIN_66,CHIN,NC_000913.3,1180270,1181990,1181130,1720,DstpA,0.5043694552005025,0.4910523449713468,0.49771090008592467,0.6754415326542692,0.6546799298633599,0.6650607312588146,0.4181781060009215,0.44052290985449655,0.39548176874109237,-0.03860408769222801,0.32192809488736235,True,increase_consistent,153,1.0,139.47000000000003,0.1267400515569636,ok
CHIN_66,CHIN,NC_000913.3,1180270,1181990,1181130,1720,DhnsDstpA,0.5043694552005025,0.4910523449713468,0.49771090008592467,0.6399852234114024,0.5719295749518248,0.6059573991816136,0.283908387996859,0.36273061216758123,0.2005295274131997,-0.03860408769222801,0.32192809488736235,True,inconsistent_or_borderline,153,1.0,139.47000000000003,0.19330174423750301,ok
CHIN_67,CHIN,NC_000913.3,1196620,1200380,1198500,3760,DstpA,0.3056389265380325,0.2862217680092217,0.2959303472736271,0.4183868637466964,0.39975307169023405,0.40906996771846527,0.467089973586758,0.4995799048196554,0.4338514687471347,-0.0946949009878284,0.32192809488736235,True,increase_consistent,703,1.0,688.2399999999999,0.20945464174445058,ok
CHIN_67,CHIN,NC_000913.3,1196620,1200380,1198500,3760,DhnsDstpA,0.3056389265380325,0.2862217680092217,0.2959303472736271,0.6086625560074976,0.5882018234939731,0.5984321897507354,1.0159301294545817,1.0403849655210142,0.9910536061289877,-0.0946949009878284,0.32192809488736235,True,increase_consistent,703,1.0,688.2399999999999,0.7653689767325216,ok
CHIN_68,CHIN,NC_000913.3,1197850,1200030,1198940,2180,DstpA,0.5046665288216989,0.4709503713274617,0.4878084500745803,0.6857109821895409,0.6650281561209053,0.6753695691552231,0.4693624262924445,0.49128587878813657,0.4471006736011326,-0.09975536854889512,0.32192809488736235,True,increase_consistent,253,1.0,226.95000000000005,0.18655218296414403,ok
CHIN_68,CHIN,NC_000913.3,1197850,1200030,1198940,2180,DhnsDstpA,0.5046665288216989,0.4709503713274617,0.4878084500745803,0.9445682504325349,0.8989207686753385,0.9217445095539367,0.9180521683414848,0.9533402938353885,0.8818792120103036,-0.09975536854889512,0.32192809488736235,True,increase_consistent,253,1.0,226.95000000000005,0.7249093653678598,ok
CHIN_69,CHIN,NC_000913.3,1201850,1203350,1202600,1500,DstpA,0.626313431938389,0.6146967674864372,0.6205050997124131,0.7489625139520315,0.7348271363753286,0.7418948251636801,0.257771610047294,0.2714504452851549,0.24396183720254724,-0.02700992098774383,0.32192809488736235,True,within_reference,120,1.0,105.25,0.11446085095846056,ok
CHIN_69,CHIN,NC_000913.3,1201850,1203350,1202600,1500,DhnsDstpA,0.626313431938389,0.6146967674864372,0.6205050997124131,0.9831386741224207,0.8769308793714664,0.9300347767469436,0.5838415964518368,0.6639518591888933,0.4990200649816019,-0.02700992098774383,0.32192809488736235,True,increase_consistent,120,1.0,105.25,0.18892948068366708,ok
CHIN_70,CHIN,NC_000913.3,1209910,1212870,1211390,2960,DstpA,0.2959275349681751,0.2757138103559278,0.28582067266205147,0.3961517226329354,0.37282339423084426,0.38448755843188986,0.4278266484484706,0.47094280911140024,0.3833821236865546,-0.10207240726829098,0.32192809488736235,True,increase_consistent,435,1.0,423.42999999999995,0.18589169954253973,ok
CHIN_70,CHIN,NC_000913.3,1209910,1212870,1211390,2960,DhnsDstpA,0.2959275349681751,0.2757138103559278,0.28582067266205147,0.6103996186618421,0.5907157330848092,0.6005576758733256,1.0711925383980427,1.094643794302053,1.047353770550955,-0.10207240726829098,0.32192809488736235,True,increase_consistent,435,1.0,423.42999999999995,0.6754822987349041,ok
CHIN_71,CHIN,NC_000913.3,1214260,1217180,1215720,2920,DstpA,0.32070086020127997,0.3071013322044605,0.3139010962028702,0.4301904231935897,0.4178103543307026,0.4240003887621462,0.4337555204864166,0.4546653410558614,0.41253817915326874,-0.062513452726616,0.32192809488736235,True,increase_consistent,435,1.0,411.92,0.2004778129613823,ok
CHIN_71,CHIN,NC_000913.3,1214260,1217180,1215720,2920,DhnsDstpA,0.32070086020127997,0.3071013322044605,0.3139010962028702,0.5382853242758407,0.4913135721506672,0.514799448213254,0.7137004401129029,0.7780610253921112,0.6463340258574277,-0.062513452726616,0.32192809488736235,True,increase_consistent,435,1.0,411.92,0.41168677233974965,ok
CHIN_72,CHIN,NC_000913.3,1215940,1218880,1217410,2940,DstpA,0.3536841860051725,0.33318609946611266,0.3434351427356426,0.44183525134229756,0.42758922521148024,0.4347122382768889,0.34002303804471706,0.3634708533812341,0.31618782540341933,-0.08613350174551782,0.32192809488736235,True,inconsistent_or_borderline,435,1.0,417.68,0.1756848819461,ok
CHIN_72,CHIN,NC_000913.3,1215940,1218880,1217410,2940,DhnsDstpA,0.3536841860051725,0.33318609946611266,0.3434351427356426,0.5423906313567951,0.4998525605831145,0.5211215959699548,0.6015823694539723,0.6592945854547826,0.5414649381702823,-0.08613350174551782,0.32192809488736235,True,increase_consistent,435,1.0,417.68,0.33767924413491995,ok
CHIN_73,CHIN,NC_000913.3,1215940,1221040,1218490,5100,DstpA,0.2044107539610004,0.19364773386750858,0.19902924391425447,0.2543089974226171,0.24522134048151406,0.24976516895206557,0.3275918741743986,0.3536020798185715,0.30110411008874743,-0.07803647928105419,0.32192809488736235,True,inconsistent_or_borderline,1326,1.0,1275.24,0.2236327103706909,ok
CHIN_73,CHIN,NC_000913.3,1215940,1221040,1218490,5100,DhnsDstpA,0.2044107539610004,0.19364773386750858,0.19902924391425447,0.3520583206316684,0.3328028559416699,0.34243058828666917,0.7828311535765777,0.8228340144949988,0.7416873884990464,-0.07803647928105419,0.32192809488736235,True,increase_consistent,1326,1.0,1275.24,0.4971759195500176,ok
CHIN_74,CHIN,NC_000913.3,1217950,1220390,1219170,2440,DstpA,0.39668811091678163,0.38404517343214656,0.3903666421744641,0.518419654288067,0.49422170388899156,0.5063206790885293,0.37522163163324984,0.40929063841256574,0.34032859223184275,-0.046729140944918326,0.32192809488736235,True,increase_consistent,300,1.0,285.65,0.15885940436004,ok
CHIN_74,CHIN,NC_000913.3,1217950,1220390,1219170,2440,DhnsDstpA,0.39668811091678163,0.38404517343214656,0.3903666421744641,0.636787459525853,0.5925046508493085,0.6146460551875808,0.6549260953581847,0.7059821484765646,0.6019967022554187,-0.046729140944918326,0.32192809488736235,True,increase_consistent,300,1.0,285.65,0.36775996425717417,ok
CHIN_75,CHIN,NC_000913.3,1219500,1220780,1220140,1280,DstpA,0.6150161287840946,0.5783087743751745,0.5966624515796346,0.8409613907021819,0.7978077083431854,0.8193845495226837,0.4576256994744202,0.4951245767101667,0.41912607281956743,-0.0887842540515893,0.32192809488736235,True,increase_consistent,78,1.0,75.60000000000001,0.2117078676910193,ok
CHIN_75,CHIN,NC_000913.3,1219500,1220780,1220140,1280,DhnsDstpA,0.6150161287840946,0.5783087743751745,0.5966624515796346,1.1836480284257538,1.078241423127197,1.1309447257764753,0.9225415252539906,0.9882532475382743,0.8536933452289349,-0.0887842540515893,0.32192809488736235,True,increase_consistent,78,1.0,75.60000000000001,0.5024862394629918,ok
CHIN_76,CHIN,NC_000913.3,1228980,1230740,1229860,1760,DstpA,0.5000581558537076,0.4716479397448387,0.4858530477992732,0.6812602377139869,0.6682221724409564,0.6747412050774717,0.47381424795181665,0.48768598616337416,0.45980783484233795,-0.08438552172837058,0.32192809488736235,True,increase_consistent,171,1.0,146.28,0.17379589815403057,ok
CHIN_76,CHIN,NC_000913.3,1228980,1230740,1229860,1760,DhnsDstpA,0.5000581558537076,0.4716479397448387,0.4858530477992732,0.8005659670329869,0.7174968882643413,0.759031427648664,0.6436396025385023,0.7205002673903562,0.5624525558940835,-0.08438552172837058,0.32192809488736235,True,increase_consistent,171,1.0,146.28,0.2262037968084521,ok
CHIN_77,CHIN,NC_000913.3,1314540,1316520,1315530,1980,DstpA,0.47728063106219365,0.46217092840195334,0.4697257797320735,0.6333120627168402,0.6092943600528886,0.6213032113848644,0.40347873678379564,0.4310977842299189,0.3753206115770224,-0.04641127644935533,0.32192809488736235,True,increase_consistent,210,1.0,186.32,0.21494335935858977,ok
CHIN_77,CHIN,NC_000913.3,1314540,1316520,1315530,1980,DhnsDstpA,0.47728063106219365,0.46217092840195334,0.4697257797320735,0.8532871893975371,0.7929953843212824,0.8231412868594097,0.8093213066409488,0.8612126141558006,0.7554936941573847,-0.04641127644935533,0.32192809488736235,True,increase_consistent,210,1.0,186.32,0.41639868871999575,ok
CHIN_78,CHIN,NC_000913.3,1369780,1372400,1371090,2620,DstpA,0.3767004712343189,0.36834244075135925,0.37252145599283903,0.4439069869849652,0.4446005017329109,0.44425374435893805,0.25406041356250425,0.2529338941126212,0.2551860540629585,-0.032370202578183564,0.32192809488736235,True,within_reference,351,1.0,330.2,0.1719434338143994,ok
CHIN_78,CHIN,NC_000913.3,1369780,1372400,1371090,2620,DhnsDstpA,0.3767004712343189,0.36834244075135925,0.37252145599283903,0.46990517425271305,0.42021189759717265,0.4450585359249428,0.2566715753420468,0.3350461313427511,0.17379348769848554,-0.032370202578183564,0.32192809488736235,True,inconsistent_or_borderline,351,1.0,330.2,0.31186163863259786,ok
CHIN_79,CHIN,NC_000913.3,1381410,1383750,1382580,2340,DstpA,0.3924355810797561,0.38379029942546805,0.3881129402526121,0.49660035155116944,0.49819513894333456,0.497397745247252,0.3579234322052994,0.355608747335269,0.3602344093029202,-0.03213760592627441,0.32192809488736235,True,increase_consistent,276,1.0,262.25,0.18881228757778654,ok
CHIN_79,CHIN,NC_000913.3,1381410,1383750,1382580,2340,DhnsDstpA,0.3924355810797561,0.38379029942546805,0.3881129402526121,0.4515302118732531,0.41321242596657576,0.4323713189199144,0.15579429049015608,0.21834598613237635,0.09040710354441184,-0.03213760592627441,0.32192809488736235,True,within_reference,276,1.0,262.25,0.33769517092196816,ok
CHIN_80,CHIN,NC_000913.3,1393890,1396230,1395060,2340,DstpA,0.4410724135825634,0.4227139253251012,0.43189316945383227,0.49456179784366455,0.5062086278229041,0.5003852128332843,0.21236465625252673,0.1954763038569117,0.22905759697791017,-0.06133389200677657,0.32192809488736235,True,within_reference,276,0.9735728177554055,262.23,0.13002295911928322,ok
CHIN_80,CHIN,NC_000913.3,1393890,1396230,1395060,2340,DhnsDstpA,0.4410724135825634,0.4227139253251012,0.43189316945383227,0.6931787513326335,0.6429230707802996,0.6680509110564665,0.629283552311775,0.6825529308898205,0.5739716216392197,-0.06133389200677657,0.32192809488736235,True,increase_consistent,276,0.9735728177554055,262.23,0.2848900891664869,ok
CHIN_81,CHIN,NC_000913.3,1411210,1412610,1411910,1400,DstpA,0.5927957967858205,0.5793923547383872,0.5860940757621038,0.639013638465027,0.6144190045996465,0.6267163215323368,0.09668031097704856,0.12471446828286561,0.06809058611088972,-0.03299457033566476,0.32192809488736235,True,within_reference,105,1.0,91.09,0.13051223758963118,ok
CHIN_81,CHIN,NC_000913.3,1411210,1412610,1411910,1400,DhnsDstpA,0.5927957967858205,0.5793923547383872,0.5860940757621038,1.139636208465122,1.0113924480610692,1.0755143282630955,0.8758225850587398,0.9593692049739198,0.7871387514334611,-0.03299457033566476,0.32192809488736235,True,increase_consistent,105,1.0,91.09,0.3149479905762943,ok
CHIN_82,CHIN,NC_000913.3,1412520,1414160,1413340,1640,DstpA,0.5368322644286696,0.5171095280714244,0.526970896250047,0.689611324104719,0.6929389568670743,0.6912751404858967,0.3915367582847118,0.3880601787610228,0.39500498014819313,-0.05400149465302077,0.32192809488736235,True,increase_consistent,136,1.0,126.47999999999999,0.17574092411084402,ok
CHIN_82,CHIN,NC_000913.3,1412520,1414160,1413340,1640,DhnsDstpA,0.5368322644286696,0.5171095280714244,0.526970896250047,0.7886241505556941,0.7066095940085984,0.7476168722821462,0.5045758419669236,0.5816146053708543,0.4231900512379992,-0.05400149465302077,0.32192809488736235,True,increase_consistent,136,1.0,126.47999999999999,0.17429330067434523,ok
CHIN_83,CHIN,NC_000913.3,1417480,1419240,1418360,1760,DstpA,0.5492726927358298,0.5307365728912498,0.5400046328135397,0.6682292283455351,0.6581420604883709,0.663185644416953,0.2964409935008935,0.3073713030181407,0.28542723993465985,-0.049526601763754494,0.32192809488736235,True,within_reference,171,1.0,146.28,0.16728231193422052,ok
CHIN_83,CHIN,NC_000913.3,1417480,1419240,1418360,1760,DhnsDstpA,0.5492726927358298,0.5307365728912498,0.5400046328135397,0.7304305193769025,0.6538561515015769,0.6921433354392397,0.3580990509115723,0.4357752617964494,0.27600149288842085,-0.049526601763754494,0.32192809488736235,True,inconsistent_or_borderline,171,1.0,146.28,0.16986301670258358,ok
CHIN_84,CHIN,NC_000913.3,1419250,1420750,1420000,1500,DstpA,0.6835028541289854,0.6612878957953561,0.6723953749621707,0.7176062203855242,0.7184041181132375,0.7180051692493808,0.09468442960792342,0.0938825948406238,0.09548581897141106,-0.04766886741499594,0.32192809488736235,True,within_reference,120,1.0,105.25,0.17549801070827356,ok
CHIN_84,CHIN,NC_000913.3,1419250,1420750,1420000,1500,DhnsDstpA,0.6835028541289854,0.6612878957953561,0.6723953749621707,1.0470649200776976,0.9467607887545844,0.996912854416141,0.5681575951990654,0.6389691887472091,0.49369015524354737,-0.04766886741499594,0.32192809488736235,True,increase_consistent,120,1.0,105.25,0.18247558733958638,ok
CHIN_85,CHIN,NC_000913.3,1475330,1477350,1476340,2020,DstpA,0.47182458651808773,0.456529203872862,0.4641768951954749,0.5342188638951816,0.557002625492179,0.5456107446936803,0.2331973425037611,0.20275620704586048,0.2630094147985719,-0.04754344716217724,0.32192809488736235,True,within_reference,210,1.0,194.15,0.14282017647208936,ok
CHIN_85,CHIN,NC_000913.3,1475330,1477350,1476340,2020,DhnsDstpA,0.47182458651808773,0.456529203872862,0.4641768951954749,0.7700814977671999,0.6962236957463859,0.7331525967567929,0.6594387958798722,0.7303364213005781,0.584876203470292,-0.04754344716217724,0.32192809488736235,True,increase_consistent,210,1.0,194.15,0.2463504301377614,ok
CHIN_86,CHIN,NC_000913.3,1475330,1479670,1477500,4340,DstpA,0.2341065440177722,0.2288060720702953,0.23145630804403375,0.25686571601726904,0.26974643102497675,0.2633060735211229,0.1860009175735066,0.15027446396776695,0.22086398979173819,-0.0330399239410853,0.32192809488736235,True,within_reference,946,1.0,920.29,0.18089925083877437,ok
CHIN_86,CHIN,NC_000913.3,1475330,1479670,1477500,4340,DhnsDstpA,0.2341065440177722,0.2288060720702953,0.23145630804403375,0.35678961902892975,0.32588780854180854,0.3413387137853692,0.5604641686252506,0.6243337579768093,0.493635499921719,-0.0330399239410853,0.32192809488736235,True,increase_consistent,946,1.0,920.29,0.29595102655684385,ok
CHIN_87,CHIN,NC_000913.3,1519960,1521340,1520650,1380,DstpA,0.5995225613241024,0.5803059681269063,0.5899142647255043,0.668587687432887,0.6861048009319781,0.6773462441824325,0.1993882002287351,0.18061149141994978,0.21792366616471226,-0.047000280089452874,0.32192809488736235,True,within_reference,105,1.0,88.56,0.12079000495462607,ok
CHIN_87,CHIN,NC_000913.3,1519960,1521340,1520650,1380,DhnsDstpA,0.5995225613241024,0.5803059681269063,0.5899142647255043,1.0888218071981388,0.9860450887653806,1.0374334479817597,0.8144415890888266,0.8841906663736088,0.7411483226361523,-0.047000280089452874,0.32192809488736235,True,increase_consistent,105,1.0,88.56,0.3285668558607739,ok
CHIN_88,CHIN,NC_000913.3,1526710,1530630,1528670,3920,DstpA,0.22284380564497855,0.21293168527543224,0.2178877454602054,0.24499730142543927,0.2418536205630433,0.24342546099424128,0.15989501604985382,0.1691808004085601,0.15054907713841958,-0.06564221329806527,0.32192809488736235,True,within_reference,561,0.7139690466970237,748.87,0.16007809544527676,ok
CHIN_88,CHIN,NC_000913.3,1526710,1530630,1528670,3920,DhnsDstpA,0.22284380564497855,0.21293168527543224,0.2178877454602054,0.49244955041977345,0.4527924098638103,0.4726209801417919,1.117098615444329,1.1763908754915364,1.0552647165113913,-0.06564221329806527,0.32192809488736235,True,increase_consistent,561,0.7139690466970237,748.87,0.712490485718919,ok
CHIN_89,CHIN,NC_000913.3,1529440,1532720,1531080,3280,DstpA,0.2064858242033379,0.19495892889365266,0.20072237654849528,0.22953017788293617,0.2230816860380866,0.22630593196051138,0.1730729437722203,0.19348238953355715,0.15237062249732697,-0.0828725102088086,0.32192809488736235,True,within_reference,561,1.0,521.72,0.1084869836763032,ok
CHIN_89,CHIN,NC_000913.3,1529440,1532720,1531080,3280,DhnsDstpA,0.2064858242033379,0.19495892889365266,0.20072237654849528,0.5608093163842839,0.537004530354866,0.5489069233695749,1.451360078718801,1.4823088587251827,1.4197328018952646,-0.0828725102088086,0.32192809488736235,True,increase_consistent,561,1.0,521.72,0.6915422703180053,ok
CHIN_90,CHIN,NC_000913.3,1566010,1567870,1566940,1860,DstpA,0.3945250756826441,0.3820066106902085,0.3882658431864263,0.4264137373101038,0.41895269810170416,0.422683217705904,0.12253203749018025,0.13520912161128792,0.10974257050455367,-0.04651939507545486,0.32192809488736235,True,within_reference,171,1.0,163.82999999999998,0.11987998106410604,ok
CHIN_90,CHIN,NC_000913.3,1566010,1567870,1566940,1860,DhnsDstpA,0.3945250756826441,0.3820066106902085,0.3882658431864263,0.8964386249265451,0.8119228935459357,0.8541807592362405,1.1374966060823803,1.2071600167302965,1.0642979294983417,-0.04651939507545486,0.32192809488736235,True,increase_consistent,171,1.0,163.82999999999998,0.509731799743352,ok
CHIN_91,CHIN,NC_000913.3,1575090,1577150,1576120,2060,DstpA,0.2845928457749288,0.26854546823320125,0.27656915700406504,0.25975005252554595,0.2638262570023249,0.26178815476393547,-0.07924045554406292,-0.09051623522433143,-0.06805212180344296,-0.08373301930585801,0.32192809488736235,True,within_reference,231,1.0,202.05,0.11425681092594364,ok
CHIN_91,CHIN,NC_000913.3,1575090,1577150,1576120,2060,DhnsDstpA,0.2845928457749288,0.26854546823320125,0.27656915700406504,0.5911311236028327,0.5385731772842994,0.5648521504435661,1.0302330166857616,1.0958379057332617,0.961502104580916,-0.08373301930585801,0.32192809488736235,True,increase_consistent,231,1.0,202.05,0.33332143528591307,ok
CHIN_92,CHIN,NC_000913.3,1577970,1580910,1579440,2940,DstpA,0.3215537909783621,0.31013235586348364,0.3158430734209229,0.32296034289906234,0.32064611461233267,0.3218032287556975,0.026970867537805678,0.03214909007376904,0.02177399199042451,-0.05217604928399733,0.32192809488736235,True,within_reference,465,1.0,417.63,0.20886869643715367,ok
CHIN_92,CHIN,NC_000913.3,1577970,1580910,1579440,2940,DhnsDstpA,0.3215537909783621,0.31013235586348364,0.3158430734209229,0.47013395431046323,0.4285910761638023,0.4493625152371328,0.5086718496926407,0.5738639459027477,0.4403938778764288,-0.05217604928399733,0.32192809488736235,True,increase_consistent,465,1.0,417.63,0.24385574899801327,ok
CHIN_93,CHIN,NC_000913.3,1581250,1584230,1582740,2980,DstpA,0.32830749341270776,0.31515520064330943,0.3217313470280086,0.32696294004965887,0.32232885973431924,0.32464589989198905,0.013010481048071709,0.02327061329063788,0.002676858022035334,-0.05898520883326627,0.32192809488736235,True,within_reference,465,1.0,429.35,0.21676288410691896,ok
CHIN_93,CHIN,NC_000913.3,1581250,1584230,1582740,2980,DhnsDstpA,0.32830749341270776,0.31515520064330943,0.3217313470280086,0.5783692011932876,0.53093822940614,0.5546537152997137,0.7857308326342087,0.8461342212624205,0.7226875163335037,-0.05898520883326627,0.32192809488736235,True,increase_consistent,465,1.0,429.35,0.3835570955296352,ok
CHIN_94,CHIN,NC_000913.3,1586080,1590460,1588270,4380,DstpA,0.21963777456953754,0.21028392497878942,0.21496084977416346,0.2320801206139322,0.22977262548152627,0.23092637304772923,0.10335901646500795,0.11054902075295951,0.09613299957632179,-0.06278763030722144,0.32192809488736235,True,within_reference,990,1.0,937.52,0.23675362777745657,ok
CHIN_94,CHIN,NC_000913.3,1586080,1590460,1588270,4380,DhnsDstpA,0.21963777456953754,0.21028392497878942,0.21496084977416346,0.4127029069110943,0.38517002452606597,0.3989364657185801,0.8920850726831399,0.941029670460519,0.8414215015677261,-0.06278763030722144,0.32192809488736235,True,increase_consistent,990,1.0,937.52,0.5713617160503597,ok
CHIN_95,CHIN,NC_000913.3,1596300,1598600,1597450,2300,DstpA,0.3402870118971399,0.3233375310080619,0.3318122714526009,0.38843927875146445,0.3866051740745605,0.3875222264130125,0.2239118161735962,0.2273218499654255,0.220493703136973,-0.0737111112057317,0.32192809488736235,True,within_reference,253,1.0,253.0,0.15910487736147083,ok
CHIN_95,CHIN,NC_000913.3,1596300,1598600,1597450,2300,DhnsDstpA,0.3402870118971399,0.3233375310080619,0.3318122714526009,0.5405316765975987,0.49311831839780207,0.5168249974977004,0.6393086085308051,0.7040119235714475,0.5715666045402672,-0.0737111112057317,0.32192809488736235,True,increase_consistent,253,1.0,253.0,0.2099410217347749,ok
CHIN_96,CHIN,NC_000913.3,1615310,1617130,1616220,1820,DstpA,0.4169946276349931,0.39872987347861805,0.4078622505568056,0.449684507234398,0.4601499471461408,0.4549172271902694,0.15752208331493195,0.14083119483481624,0.17402207726240693,-0.06461709837717777,0.32192809488736235,True,within_reference,171,1.0,156.67000000000002,0.13869039293614394,ok
CHIN_96,CHIN,NC_000913.3,1615310,1617130,1616220,1820,DhnsDstpA,0.4169946276349931,0.39872987347861805,0.4078622505568056,0.7252833673270032,0.6572074493044776,0.6912454083157404,0.7611160065515865,0.8304627789146306,0.6882668474723608,-0.06461709837717777,0.32192809488736235,True,increase_consistent,171,1.0,156.67000000000002,0.1916309864358554,ok
CHIN_97,CHIN,NC_000913.3,1630880,1632680,1631780,1800,DstpA,0.47559074970576626,0.45969986591267264,0.4676453078092194,0.5131998310095688,0.5071608920849919,0.5101803615472804,0.12559265399229735,0.13410598323554462,0.11702878932035625,-0.049028409430650934,0.32192809488736235,True,within_reference,171,1.0,153.16000000000003,0.12279587630197639,ok
CHIN_97,CHIN,NC_000913.3,1630880,1632680,1631780,1800,DhnsDstpA,0.47559074970576626,0.45969986591267264,0.4676453078092194,0.7812923937583559,0.698270512877344,0.73978145331785,0.6616844197160926,0.7404478568269387,0.5783713386044118,-0.049028409430650934,0.32192809488736235,True,increase_consistent,171,1.0,153.16000000000003,0.18631105041909768,ok
CHIN_98,CHIN,NC_000913.3,1636990,1639070,1638030,2080,DstpA,0.3961838337996775,0.3743512008943688,0.38526751734702314,0.4652196831366498,0.4429362658808072,0.4540779745087285,0.23707950443850884,0.2720515828712637,0.20123856955688643,-0.0817776300246532,0.32192809488736235,True,within_reference,231,1.0,206.07,0.2113201846964847,ok
CHIN_98,CHIN,NC_000913.3,1636990,1639070,1638030,2080,DhnsDstpA,0.3961838337996775,0.3743512008943688,0.38526751734702314,0.8439457546942181,0.7779288959585535,0.8109373253263858,1.073729862902701,1.1312897168023417,1.0137777417221958,-0.0817776300246532,0.32192809488736235,True,increase_consistent,231,1.0,206.07,0.6165880927818604,ok
CHIN_99,CHIN,NC_000913.3,1646300,1649960,1648130,3660,DstpA,0.3004724862973879,0.29669766671377584,0.29858507650558186,0.30639846405406596,0.30510742402966534,0.30575294404186565,0.03422432992844264,0.03726700483950124,0.03117522438574011,-0.01823931086470196,0.32192809488736235,True,within_reference,666,1.0,651.6,0.23607878344024763,ok
CHIN_99,CHIN,NC_000913.3,1646300,1649960,1648130,3660,DhnsDstpA,0.3004724862973879,0.29669766671377584,0.29858507650558186,0.42553879728539634,0.3847505953191494,0.4051446963022729,0.4402951942037633,0.5111486111602751,0.3657814984663555,-0.01823931086470196,0.32192809488736235,True,increase_consistent,666,1.0,651.6,0.1959079653101216,ok
CHIN_100,CHIN,NC_000913.3,1753290,1755370,1754330,2080,DstpA,0.3855740693388102,0.3629236685056711,0.37424886892224063,0.42737645301545746,0.42460003964579085,0.42598824633062415,0.18681566874100267,0.1915094665231428,0.18210654986141084,-0.08734188359050213,0.32192809488736235,True,within_reference,231,1.0,206.07,0.17510010573610846,ok
CHIN_100,CHIN,NC_000913.3,1753290,1755370,1754330,2080,DhnsDstpA,0.3855740693388102,0.3629236685056711,0.37424886892224063,0.5641541795629923,0.5187606655217437,0.5414574225423681,0.5328499400045845,0.5920915393242635,0.47107113682318685,-0.08734188359050213,0.32192809488736235,True,increase_consistent,231,1.0,206.07,0.13126284865869992,ok
CHIN_101,CHIN,NC_000913.3,1771840,1774000,1772920,2160,DstpA,0.4267438099035945,0.41244967329765186,0.4195967416006232,0.4960734703513624,0.49550084924778875,0.49578715979957555,0.24071743346750268,0.2415503303728407,0.23988405543622823,-0.04915213264187456,0.32192809488736235,True,within_reference,231,1.0,222.6,0.15119219493792,ok
CHIN_101,CHIN,NC_000913.3,1771840,1774000,1772920,2160,DhnsDstpA,0.4267438099035945,0.41244967329765186,0.4195967416006232,0.5471277272551315,0.49882895352698775,0.5229783403910596,0.317747722584178,0.38287419561283653,0.2495417313019244,-0.04915213264187456,0.32192809488736235,True,inconsistent_or_borderline,231,1.0,222.6,0.1858900854874974,ok
CHIN_102,CHIN,NC_000913.3,1775480,1776960,1776220,1480,DstpA,0.5855643821689444,0.5646424759044644,0.5751034290367043,0.6613871855049615,0.6715831838994549,0.6664851847022082,0.2127513662274349,0.20167365354713981,0.22374466660071207,-0.05249014087587924,0.32192809488736235,True,within_reference,120,1.0,102.32,0.15651543376655289,ok
CHIN_102,CHIN,NC_000913.3,1775480,1776960,1776220,1480,DhnsDstpA,0.5855643821689444,0.5646424759044644,0.5751034290367043,0.7905149651935982,0.718172398300811,0.7543436817472047,0.3914005306450326,0.45897133464131334,0.32050876683098645,-0.05249014087587924,0.32192809488736235,True,inconsistent_or_borderline,120,1.0,102.32,0.12218519041696227,ok
CHIN_103,CHIN,NC_000913.3,1802700,1805220,1803960,2520,DstpA,0.4138057798983865,0.387543729200776,0.40067475454958124,0.5034179225087654,0.4941635934397823,0.49879075797427386,0.3160031216605797,0.32932496748176776,0.3025571145207442,-0.09459468772438083,0.32192809488736235,True,inconsistent_or_borderline,325,1.0,305.0,0.1776807641820384,ok
CHIN_103,CHIN,NC_000913.3,1802700,1805220,1803960,2520,DhnsDstpA,0.4138057798983865,0.387543729200776,0.40067475454958124,0.6352109134441516,0.585228816300142,0.6102198648721469,0.6068975333870643,0.664804087121544,0.5465691963694456,-0.09459468772438083,0.32192809488736235,True,increase_consistent,325,1.0,305.0,0.3873679967951794,ok
CHIN_104,CHIN,NC_000913.3,1843870,1845130,1844500,1260,DstpA,0.6092704418390431,0.5795513762961445,0.5944109090675938,0.6964525663263273,0.6728887447314981,0.6846706555289127,0.20394958740364164,0.22856450423337202,0.17890739616728804,-0.072146191618077,0.32192809488736235,True,within_reference,91,1.0,73.29,0.14050166788393315,ok
CHIN_104,CHIN,NC_000913.3,1843870,1845130,1844500,1260,DhnsDstpA,0.6092704418390431,0.5795513762961445,0.5944109090675938,0.903347657861025,0.8142491641576007,0.8587984110093129,0.5308589283310862,0.603820729448414,0.45400974014440965,-0.072146191618077,0.32192809488736235,True,increase_consistent,91,1.0,73.29,0.11533181890802492,ok
CHIN_105,CHIN,NC_000913.3,1852690,1854510,1853600,1820,DstpA,0.442729587398432,0.41782779791161356,0.4302786926550228,0.5323131422937843,0.5398109795484162,0.5360620609211002,0.3171286339081523,0.30700378545656204,0.3271829209833286,-0.08351731374470368,0.32192809488736235,True,inconsistent_or_borderline,190,1.0,156.60999999999999,0.16952123316085602,ok
CHIN_105,CHIN,NC_000913.3,1852690,1854510,1853600,1820,DhnsDstpA,0.442729587398432,0.41782779791161356,0.4302786926550228,0.6852556858434165,0.6198532780218838,0.6525544819326501,0.6008269576874145,0.6713709937406146,0.5266553637083259,-0.08351731374470368,0.32192809488736235,True,increase_consistent,190,1.0,156.60999999999999,0.1879384244973873,ok
CHIN_106,CHIN,NC_000913.3,1856500,1858100,1857300,1600,DstpA,0.5385647859734793,0.5306838062591851,0.5346242961163322,0.6427004878719648,0.6520588384786,0.6473796631752824,0.27608664269001876,0.26562116486251636,0.2864767491472236,-0.02126737660647829,0.32192809488736235,True,within_reference,120,1.0,120.0,0.15894401587919404,ok
CHIN_106,CHIN,NC_000913.3,1856500,1858100,1857300,1600,DhnsDstpA,0.5385647859734793,0.5306838062591851,0.5346242961163322,0.7126751429711778,0.64924818094975,0.6809616619604639,0.34904817435125957,0.41471920357021436,0.2802446641381393,-0.02126737660647829,0.32192809488736235,True,inconsistent_or_borderline,120,1.0,120.0,0.15114812519403792,ok
CHIN_107,CHIN,NC_000913.3,1869840,1872100,1870970,2260,DstpA,0.40908060681279274,0.3880566361567721,0.39856862148478245,0.45841915502970354,0.4419557496273767,0.4501874523285401,0.1756977122710994,0.20183919418514829,0.14907379432994441,-0.07611791886222988,0.32192809488736235,True,within_reference,253,1.0,244.2,0.17726076417892964,ok
CHIN_107,CHIN,NC_000913.3,1869840,1872100,1870970,2260,DhnsDstpA,0.40908060681279274,0.3880566361567721,0.39856862148478245,0.7334167858056365,0.6787950928543407,0.7061059393299887,0.8250565177465595,0.8798051514417935,0.7681480012516954,-0.07611791886222988,0.32192809488736235,True,increase_consistent,253,1.0,244.2,0.5586353400708713,ok
CHIN_108,CHIN,NC_000913.3,1869840,1873960,1871900,4120,DstpA,0.25087066076862674,0.23773091267519142,0.24430078672190908,0.27177800387070333,0.2581278805164189,0.26495294219356114,0.11707763848186951,0.15377018796912645,0.07942746650858268,-0.07761424566062586,0.32192809488736235,True,within_reference,861,1.0,828.36,0.20682919710616093,ok
CHIN_108,CHIN,NC_000913.3,1869840,1873960,1871900,4120,DhnsDstpA,0.25087066076862674,0.23773091267519142,0.24430078672190908,0.45936822201812,0.43450676100475183,0.4469374915114359,0.8714145612750064,0.9109925484922621,0.8307201162893023,-0.07761424566062586,0.32192809488736235,True,increase_consistent,861,1.0,828.36,0.6410153763719368,ok
CHIN_109,CHIN,NC_000913.3,2010930,2012450,2011690,1520,DstpA,0.4908153069271459,0.4613333782839915,0.4760743426055687,0.6100925654224565,0.5809363880234766,0.5955144767229665,0.32294970100919584,0.35784127126949383,0.287193319700698,-0.08937056493919558,0.32192809488736235,True,inconsistent_or_borderline,120,1.0,108.15,0.20669413693358463,ok
CHIN_109,CHIN,NC_000913.3,2010930,2012450,2011690,1520,DhnsDstpA,0.4908153069271459,0.4613333782839915,0.4760743426055687,0.8695519088637867,0.8053872457985738,0.8374695773311802,0.8148499039232742,0.8690852745239637,0.7584957469303383,-0.08937056493919558,0.32192809488736235,True,increase_consistent,120,1.0,108.15,0.3762712193285712,ok
CHIN_110,CHIN,NC_000913.3,2023320,2024820,2024070,1500,DstpA,0.5033180013450608,0.4812462904089166,0.4922821458769887,0.596802480429547,0.5759864287081072,0.5863944545688271,0.25238604346038307,0.27776811497471915,0.22654940278102562,-0.06469477724163311,0.32192809488736235,True,within_reference,120,1.0,105.16,0.139532523559341,ok
CHIN_110,CHIN,NC_000913.3,2023320,2024820,2024070,1500,DhnsDstpA,0.5033180013450608,0.4812462904089166,0.4922821458769887,0.8152295568771589,0.7319496963566368,0.7735896266168978,0.6520830324924606,0.7277209418939822,0.5722590851523935,-0.06469477724163311,0.32192809488736235,True,increase_consistent,120,1.0,105.16,0.16767002832619163,ok
CHIN_111,CHIN,NC_000913.3,2035550,2037570,2036560,2020,DstpA,0.4506119493305868,0.43406520524291753,0.4423385772867522,0.5511532707690057,0.5472222289735821,0.5491877498712938,0.31214837700630543,0.3173025068891493,0.3069757675914333,-0.053973790985725155,0.32192809488736235,True,within_reference,210,1.0,194.14999999999998,0.1383587233213909,ok
CHIN_111,CHIN,NC_000913.3,2035550,2037570,2036560,2020,DhnsDstpA,0.4506119493305868,0.43406520524291753,0.4423385772867522,0.9588621498457082,0.8848225492221347,0.9218423495339214,1.0593689785361324,1.1161723538735298,1.0002370841188306,-0.053973790985725155,0.32192809488736235,True,increase_consistent,210,1.0,194.14999999999998,0.6694702608043603,ok
CHIN_112,CHIN,NC_000913.3,2052200,2053560,2052880,1360,DstpA,0.5378497361329261,0.5176939841681149,0.5277718601505205,0.5973720193703795,0.5822260908148575,0.5897990550926185,0.1603090802820387,0.17871523326010288,0.1416650604040228,-0.055103616977343006,0.32192809488736235,True,within_reference,91,1.0,85.8,0.13294572012364994,ok
CHIN_112,CHIN,NC_000913.3,2052200,2053560,2052880,1360,DhnsDstpA,0.5378497361329261,0.5176939841681149,0.5277718601505205,0.7197796703470406,0.6594336043873971,0.6896066373672188,0.3858592294299471,0.44764092416516105,0.3213129770557493,-0.055103616977343006,0.32192809488736235,True,inconsistent_or_borderline,91,1.0,85.8,0.09558097004650762,ok
CHIN_113,CHIN,NC_000913.3,2056360,2057820,2057090,1460,DstpA,0.5455790405803157,0.5117134034987891,0.5286462220395525,0.6655337832786462,0.6229649075997112,0.6442493454391787,0.28531659415428773,0.3322093287498954,0.23684832455846547,-0.09245219876144646,0.32192809488736235,True,inconsistent_or_borderline,120,1.0,99.47999999999999,0.1242912393177534,ok
CHIN_113,CHIN,NC_000913.3,2056360,2057820,2057090,1460,DhnsDstpA,0.5455790405803157,0.5117134034987891,0.5286462220395525,0.973149535228593,0.8766056534245903,0.9248775943265917,0.806959868355545,0.8803589360027703,0.7296254110079896,-0.09245219876144646,0.32192809488736235,True,increase_consistent,120,1.0,99.47999999999999,0.331040471493269,ok
CHIN_114,CHIN,NC_000913.3,2102940,2104420,2103680,1480,DstpA,0.6507042599929331,0.5906697791892572,0.6206870195910952,0.7292069982565456,0.6567117206951091,0.6929593594758273,0.15890476879353058,0.23246243190381624,0.0813942288445985,-0.13965019838269446,0.32192809488736235,True,within_reference,120,1.0,102.32,0.1252461780784361,ok
CHIN_114,CHIN,NC_000913.3,2102940,2104420,2103680,1480,DhnsDstpA,0.6507042599929331,0.5906697791892572,0.6206870195910952,1.116080585240945,1.046630954345145,1.0813557697930452,0.8009033725259301,0.8465033186589798,0.7538149524161909,-0.13965019838269446,0.32192809488736235,True,increase_consistent,120,1.0,102.32,0.5174176002564214,ok
CHIN_115,CHIN,NC_000913.3,2102940,2105920,2104430,2980,DstpA,0.4470162737052855,0.4142418335774406,0.43062905364136306,0.49320110688955254,0.45065561789869335,0.47192836239412295,0.1321222201172664,0.19573037917485095,0.0655797171190416,-0.10985409769745837,0.32192809488736235,True,within_reference,465,1.0,429.32,0.15552235825922373,ok
CHIN_115,CHIN,NC_000913.3,2102940,2105920,2104430,2980,DhnsDstpA,0.4470162737052855,0.4142418335774406,0.43062905364136306,0.7886369544997094,0.7538851790243289,0.7712610667620192,0.8407736271187541,0.8729156564336833,0.8078991512077168,-0.10985409769745837,0.32192809488736235,True,increase_consistent,465,1.0,429.32,0.6421450749818001,ok
CHIN_116,CHIN,NC_000913.3,2102940,2106440,2104690,3500,DstpA,0.39544252077832653,0.3666065003577459,0.3810245105680362,0.4389990531284867,0.4001800265132141,0.4195895398208504,0.13909490614416392,0.2043340215546534,0.070765355843902,-0.1092356414303785,0.32192809488736235,True,within_reference,630,1.0,595.24,0.15668342779938743,ok
CHIN_116,CHIN,NC_000913.3,2102940,2106440,2104690,3500,DhnsDstpA,0.39544252077832653,0.3666065003577459,0.3810245105680362,0.7082544711746582,0.6827804910981717,0.695517481136415,0.8682029694418366,0.8943839978143314,0.8415380307417261,-0.1092356414303785,0.32192809488736235,True,increase_consistent,630,1.0,595.24,0.6552506636577045,ok
CHIN_117,CHIN,NC_000913.3,2103970,2107410,2105690,3440,DstpA,0.40310002848314863,0.37475467674900825,0.38892735261607847,0.45753422820787265,0.4175702563230253,0.437552242265449,0.16995457947134512,0.23437897498665974,0.10251825119864871,-0.10519140273957146,0.32192809488736235,True,within_reference,630,1.0,574.63,0.15743199265863556,ok
CHIN_117,CHIN,NC_000913.3,2103970,2107410,2105690,3440,DhnsDstpA,0.40310002848314863,0.37475467674900825,0.38892735261607847,0.7462556854191489,0.7208090051837479,0.7335323453014484,0.9153598826269338,0.9401693170360669,0.8901163343959062,-0.10519140273957146,0.32192809488736235,True,increase_consistent,630,1.0,574.63,0.7387739774933495,ok
CHIN_118,CHIN,NC_000913.3,2105150,2107890,2106520,2740,DstpA,0.45848280446122863,0.4223872882643343,0.44043504636278147,0.5375947802430138,0.4886325448120873,0.5131136625275505,0.22034916844653096,0.287589858576095,0.14982068404580395,-0.11830120863738544,0.32192809488736235,True,within_reference,378,1.0,361.84999999999997,0.14887533074619572,ok
CHIN_118,CHIN,NC_000913.3,2105150,2107890,2106520,2740,DhnsDstpA,0.45848280446122863,0.4223872882643343,0.44043504636278147,0.8546249411832368,0.8245437718372952,0.8395843565102661,0.9307460141646906,0.9563621491094697,0.9046668109776691,-0.11830120863738544,0.32192809488736235,True,increase_consistent,378,1.0,361.84999999999997,0.7397098884762567,ok
CHIN_119,CHIN,NC_000913.3,2105150,2108710,2106930,3560,DstpA,0.36403678105166715,0.3378645468343897,0.35095066394302843,0.43671657252358637,0.3935636957700234,0.4151401341468049,0.24233017974569243,0.31542904642893116,0.1653289124758856,-0.10763925082379565,0.32192809488736235,True,within_reference,666,1.0,616.05,0.15516415461557428,ok
CHIN_119,CHIN,NC_000913.3,2105150,2108710,2106930,3560,DhnsDstpA,0.36403678105166715,0.3378645468343897,0.35095066394302843,0.6711380553522741,0.6492813483361939,0.660209701844234,0.9116561061271177,0.935341331038769,0.8875755330668234,-0.10763925082379565,0.32192809488736235,True,increase_consistent,666,1.0,616.05,0.693750618242865,ok
CHIN_120,CHIN,NC_000913.3,2106480,2109140,2107810,2660,DstpA,0.43975008533889426,0.4066501800005857,0.42320013266974,0.5474556692390086,0.49251639791888424,0.5199860335789463,0.29713279438070855,0.3714020660693694,0.2188316789606504,-0.11289560517509413,0.32192809488736235,True,inconsistent_or_borderline,378,1.0,340.68,0.1517173208387322,ok
CHIN_120,CHIN,NC_000913.3,2106480,2109140,2107810,2660,DhnsDstpA,0.43975008533889426,0.4066501800005857,0.42320013266974,0.7709225429489016,0.7364276501749119,0.7536750965619068,0.8326026432401578,0.8652458355163822,0.7992037159217584,-0.11289560517509413,0.32192809488736235,True,increase_consistent,378,1.0,340.68,0.5968324901251607,ok
CHIN_121,CHIN,NC_000913.3,2108740,2110960,2109850,2220,DstpA,0.5625430867525054,0.5379644760912284,0.5502537814218669,0.7747726360954931,0.7182510016297223,0.7465118188626076,0.4400679469021859,0.4936758462798237,0.38439094509967076,-0.06445269151718756,0.32192809488736235,True,increase_consistent,253,1.0,235.56,0.1922624406369835,ok
CHIN_121,CHIN,NC_000913.3,2108740,2110960,2109850,2220,DhnsDstpA,0.5625430867525054,0.5379644760912284,0.5502537814218669,0.9019094450093424,0.8304300969835048,0.8661697709964236,0.6545526692070865,0.7128854343639804,0.5937615771726492,-0.06445269151718756,0.32192809488736235,True,increase_consistent,253,1.0,235.56,0.4558524110662613,ok
CHIN_122,CHIN,NC_000913.3,2114070,2115310,2114690,1240,DstpA,0.7079497249864045,0.6745301387332603,0.6912399318598323,0.9250263259688938,0.8563673010151966,0.8906968134920452,0.3657478705825885,0.4203078627109514,0.30904314765858387,-0.06976400524892754,0.32192809488736235,True,inconsistent_or_borderline,91,1.0,70.83,0.15762519415678042,ok
CHIN_122,CHIN,NC_000913.3,2114070,2115310,2114690,1240,DhnsDstpA,0.7079497249864045,0.6745301387332603,0.6912399318598323,1.3027567493354688,1.1551224045822566,1.2289395769588627,0.8301555174599007,0.9143092618394834,0.7407872701870419,-0.06976400524892754,0.32192809488736235,True,increase_consistent,91,1.0,70.83,0.3907087568916505,ok
CHIN_123,CHIN,NC_000913.3,2128380,2130680,2129530,2300,DstpA,0.39908860307519406,0.3852768367847116,0.3921827199299528,0.5433213718807617,0.5370967605771184,0.54020906622894,0.4619918825845463,0.47027982747349606,0.4536560501595029,-0.05081362746087809,0.32192809488736235,True,increase_consistent,276,1.0,253.16000000000003,0.21251177133459642,ok
CHIN_123,CHIN,NC_000913.3,2128380,2130680,2129530,2300,DhnsDstpA,0.39908860307519406,0.3852768367847116,0.3921827199299528,0.6621714393164021,0.6005968551165728,0.6313841472164874,0.6869920679908056,0.7556788160113387,0.6148709506335623,-0.05081362746087809,0.32192809488736235,True,increase_consistent,276,1.0,253.16000000000003,0.35439127211393057,ok
CHIN_124,CHIN,NC_000913.3,2167780,2170120,2168950,2340,DstpA,0.3638998139638266,0.3458564571234784,0.3548781355436525,0.47360192818250096,0.4698341222300381,0.47171802520626954,0.41060103891941413,0.4163512636336475,0.4048278034896567,-0.07336792191106316,0.32192809488736235,True,increase_consistent,300,1.0,262.23999999999995,0.2407124976557214,ok
CHIN_124,CHIN,NC_000913.3,2167780,2170120,2168950,2340,DhnsDstpA,0.3638998139638266,0.3458564571234784,0.3548781355436525,0.5783033006396395,0.5179136668277514,0.5481084837336955,0.6271377741735652,0.7045026452501371,0.5453879381366796,-0.07336792191106316,0.32192809488736235,True,increase_consistent,300,1.0,262.23999999999995,0.26330910034259714,ok
CHIN_125,CHIN,NC_000913.3,2169510,2173210,2171360,3700,DstpA,0.30742273609733495,0.3015997778935877,0.30451125699546133,0.6472062193003797,0.63374179772559,0.6404740085129849,1.072644462990393,1.08772990951997,1.0573996081635837,-0.027588500364825137,0.32192809488736235,True,increase_consistent,378,0.5270909336576138,666.09,0.5126679414161671,ok
CHIN_125,CHIN,NC_000913.3,2169510,2173210,2171360,3700,DhnsDstpA,0.30742273609733495,0.3015997778935877,0.30451125699546133,0.6910630441542533,0.6133728680659811,0.6522179561101172,1.098858598413132,1.1823217686669207,1.0102687900166394,-0.027588500364825137,0.32192809488736235,True,increase_consistent,378,0.5270909336576138,666.09,0.6224315018073968,ok
CHIN_126,CHIN,NC_000913.3,2172240,2175080,2173660,2840,DstpA,0.3633892922495686,0.354487561506749,0.3589384268781588,0.8874383008495498,0.9098620888464337,0.8986501948479917,1.3240232649804449,1.3059104375612085,1.3419115052192367,-0.03578090314548683,0.32192809488736235,True,increase_consistent,406,1.0,389.28000000000003,0.9233315932570634,ok
CHIN_126,CHIN,NC_000913.3,2172240,2175080,2173660,2840,DhnsDstpA,0.3633892922495686,0.354487561506749,0.3589384268781588,0.9361500791551532,0.8463438165405105,0.8912469478478319,1.3120888488779925,1.3830034523456023,1.2375074770992298,-0.03578090314548683,0.32192809488736235,True,increase_consistent,406,1.0,389.28000000000003,1.0196519925264553,ok
CHIN_127,CHIN,NC_000913.3,2178150,2180190,2179170,2040,DstpA,0.5005988933017151,0.5029042745933098,0.5017515839475124,0.6335888927498193,0.6434778011620526,0.638533346955936,0.3477886996846485,0.3365737782534676,0.35891711294847317,0.006628714516019514,0.32192809488736235,True,increase_consistent,210,1.0,198.05,0.11470961709673633,ok
CHIN_127,CHIN,NC_000913.3,2178150,2180190,2179170,2040,DhnsDstpA,0.5005988933017151,0.5029042745933098,0.5017515839475124,0.7260699244359509,0.6434020223366405,0.6847359733862957,0.4485745421056644,0.5331352282510233,0.3587472047196603,0.006628714516019514,0.32192809488736235,True,increase_consistent,210,1.0,198.05,0.1146590632368532,ok
CHIN_128,CHIN,NC_000913.3,2187330,2188810,2188070,1480,DstpA,0.5954686304538134,0.5566888882711106,0.576078759362462,0.8049027457329884,0.8001794333119754,0.8025410895224818,0.478309193972279,0.48254841164191925,0.4740574830587264,-0.09715422155820848,0.32192809488736235,True,increase_consistent,120,1.0,102.27,0.22276310597373453,ok
CHIN_128,CHIN,NC_000913.3,2187330,2188810,2188070,1480,DhnsDstpA,0.5954686304538134,0.5566888882711106,0.576078759362462,0.8957625043517341,0.8097091791017573,0.8527358417267457,0.5658328313693365,0.636850212710861,0.4911377673398046,-0.09715422155820848,0.32192809488736235,True,increase_consistent,120,1.0,102.27,0.24145672313601652,ok
CHIN_129,CHIN,NC_000913.3,2188010,2189870,2188940,1860,DstpA,0.4752151507738508,0.4594277617431369,0.46732145625849386,0.5750248379009858,0.5855708629807451,0.5802978504408655,0.3123783072434695,0.29920899629292996,0.32542849175666466,-0.048742795992503654,0.32192809488736235,True,inconsistent_or_borderline,171,1.0,163.82999999999998,0.1269124192623413,ok
CHIN_129,CHIN,NC_000913.3,2188010,2189870,2188940,1860,DhnsDstpA,0.4752151507738508,0.4594277617431369,0.46732145625849386,0.7050620064642803,0.6306179352857317,0.667839970875006,0.5150871651159834,0.5933348628911806,0.4323509244448281,-0.048742795992503654,0.32192809488736235,True,increase_consistent,171,1.0,163.82999999999998,0.20776077760020606,ok
CHIN_130,CHIN,NC_000913.3,2187330,2192810,2190070,5480,DstpA,0.20142898920170746,0.19328436117783496,0.1973566751897712,0.2597773991581346,0.2616345188488823,0.26070595900350846,0.4016182428995383,0.3964706043273082,0.4067475796140044,-0.05954641523550638,0.32192809488736235,True,increase_consistent,1540,1.0,1474.27,0.25068685872774543,ok
CHIN_130,CHIN,NC_000913.3,2187330,2192810,2190070,5480,DhnsDstpA,0.20142898920170746,0.19328436117783496,0.1973566751897712,0.26097019652788384,0.23643089163672762,0.24870054408230574,0.33360434744926415,0.403079740399826,0.260613231486782,-0.05954641523550638,0.32192809488736235,True,inconsistent_or_borderline,1540,1.0,1474.27,0.3034031829464282,ok
CHIN_131,CHIN,NC_000913.3,2190110,2192670,2191390,2560,DstpA,0.3903440030029926,0.3717165476299707,0.38103027531648165,0.5586869304564128,0.5531776006179893,0.555932265537201,0.5450034828219236,0.5521344375437762,0.5378371060521848,-0.07054319140420276,0.32192809488736235,True,increase_consistent,325,1.0,315.03,0.28133897300681976,ok
CHIN_131,CHIN,NC_000913.3,2190110,2192670,2191390,2560,DhnsDstpA,0.3903440030029926,0.3717165476299707,0.38103027531648165,0.46162271938312954,0.4115996375351585,0.436611178459144,0.19644343409020612,0.2768085961955154,0.11133607804699917,-0.07054319140420276,0.32192809488736235,True,within_reference,325,1.0,315.03,0.19275039459737076,ok
CHIN_132,CHIN,NC_000913.3,2233020,2234220,2233620,1200,DstpA,0.7139594582874584,0.6614046392167278,0.6876820487520932,0.9084988321395006,0.9068105838778446,0.9076547080086725,0.40040188269543375,0.40174297391730757,0.39905954367055135,-0.11030898920348454,0.32192809488736235,True,increase_consistent,78,1.0,66.16,0.11947061501080883,ok
CHIN_132,CHIN,NC_000913.3,2233020,2234220,2233620,1200,DhnsDstpA,0.7139594582874584,0.6614046392167278,0.6876820487520932,0.887066401818828,0.7974254165673594,0.8422459091930937,0.2924998301802813,0.36730041627709414,0.21360790351568623,-0.11030898920348454,0.32192809488736235,True,inconsistent_or_borderline,78,1.0,66.16,0.11709339703437657,ok
CHIN_133,CHIN,NC_000913.3,2237570,2239470,2238520,1900,DstpA,0.5080553817296053,0.49053348100536226,0.49929443136748375,0.7709806354961316,0.8919743919891632,0.8314775137426473,0.7357864318030931,0.6268038084546581,0.8371114755188647,-0.05063415991168676,0.32192809488736235,True,increase_consistent,190,1.0,171.20999999999998,0.3598280953333202,ok
CHIN_133,CHIN,NC_000913.3,2237570,2239470,2238520,1900,DhnsDstpA,0.5080553817296053,0.49053348100536226,0.49929443136748375,0.619834446141108,0.5394737547953035,0.5796541004682058,0.21530143489455236,0.3119921158580845,0.11166195844921238,-0.05063415991168676,0.32192809488736235,True,within_reference,190,1.0,171.20999999999998,0.2287792318900479,ok
CHIN_134,CHIN,NC_000913.3,2254830,2256110,2255470,1280,DstpA,0.5647139122446985,0.5499911355156242,0.5573525238801613,0.7014120771412166,0.7210827558446005,0.7112474164929086,0.3517613902814948,0.33167215483828943,0.3715747246704501,-0.03811180768988716,0.32192809488736235,True,increase_consistent,91,1.0,75.67,0.16038467937442372,ok
CHIN_134,CHIN,NC_000913.3,2254830,2256110,2255470,1280,DhnsDstpA,0.5647139122446985,0.5499911355156242,0.5573525238801613,0.7227594732981728,0.6614047140828273,0.6920820936905001,0.31235306147265657,0.3749254966506937,0.24694321144304243,-0.03811180768988716,0.32192809488736235,True,inconsistent_or_borderline,91,1.0,75.67,0.1261404973815002,ok
CHIN_135,CHIN,NC_000913.3,2257770,2259530,2258650,1760,DstpA,0.6118834072378805,0.6102896640435654,0.6110865356407229,0.6558977567391316,0.6599420120213728,0.6579198843802523,0.1065352223204905,0.10209424705543611,0.11096256909688686,-0.0037626204671239783,0.32192809488736235,True,within_reference,171,1.0,146.29000000000002,0.20153963448948092,ok
CHIN_135,CHIN,NC_000913.3,2257770,2259530,2258650,1760,DhnsDstpA,0.6118834072378805,0.6102896640435654,0.6110865356407229,0.6522894865818007,0.5832093332946858,0.6177494099382432,0.015645033730043962,0.09413568196481645,-0.0673628860090139,-0.0037626204671239783,0.32192809488736235,False,within_reference,171,1.0,146.29000000000002,0.359446651919011,ok
CHIN_136,CHIN,NC_000913.3,2343360,2344660,2344010,1300,DstpA,0.46307848893431663,0.43752448733873156,0.4503014881365241,0.6431921764847334,0.620329114836536,0.6317606456606346,0.48848682447119984,0.5143586128538405,0.46214259322576184,-0.0818929782244406,0.32192809488736235,True,increase_consistent,91,1.0,78.24,0.18325049908635774,ok
CHIN_136,CHIN,NC_000913.3,2343360,2344660,2344010,1300,DhnsDstpA,0.46307848893431663,0.43752448733873156,0.4503014881365241,0.7031155838278753,0.650321029957978,0.6767183068929267,0.5876641720783534,0.6428706252328049,0.5302608326881422,-0.0818929782244406,0.32192809488736235,True,increase_consistent,91,1.0,78.24,0.129361311592319,ok
CHIN_137,CHIN,NC_000913.3,2383080,2385200,2384140,2120,DstpA,0.42641516513931177,0.41321922450723786,0.41981719482327484,0.5748944682983055,0.5887425356674122,0.5818185019828588,0.47080791767914537,0.4535358914641303,0.4878756061555083,-0.04535137204390411,0.32192809488736235,True,increase_consistent,231,1.0,214.2,0.13022227220651217,ok
CHIN_137,CHIN,NC_000913.3,2383080,2385200,2384140,2120,DhnsDstpA,0.42641516513931177,0.41321922450723786,0.41981719482327484,0.8508507589123496,0.7827195887054716,0.8167851738089107,0.960195421244005,1.0191448446559552,0.8987342933133136,-0.04535137204390411,0.32192809488736235,True,increase_consistent,231,1.0,214.2,0.7497668342902858,ok
CHIN_138,CHIN,NC_000913.3,2385750,2387030,2386390,1280,DstpA,0.6978049826221202,0.666160002179911,0.6819824924010156,0.9742008115567586,0.9787540569753929,0.9764774342660758,0.5178520013910282,0.514484481615783,0.5212116790473565,-0.0669551652260336,0.32192809488736235,True,increase_consistent,91,1.0,75.75,0.16608965509794207,ok
CHIN_138,CHIN,NC_000913.3,2385750,2387030,2386390,1280,DhnsDstpA,0.6978049826221202,0.666160002179911,0.6819824924010156,1.2271137422903537,1.12996771698541,1.178540729637882,0.7891950095859581,0.8474623714049905,0.7284749471291405,-0.0669551652260336,0.32192809488736235,True,increase_consistent,91,1.0,75.75,0.4412030808739402,ok
CHIN_139,CHIN,NC_000913.3,2385750,2388850,2387300,3100,DstpA,0.31454949588192077,0.29813950653160404,0.3063445012067624,0.42770379564030747,0.4321230733211661,0.4299134344807368,0.4888912385935008,0.4814570548126187,0.4962873104540167,-0.07729949016427586,0.32192809488736235,True,increase_consistent,496,1.0,465.25,0.20897412786367653,ok
CHIN_139,CHIN,NC_000913.3,2385750,2388850,2387300,3100,DhnsDstpA,0.31454949588192077,0.29813950653160404,0.3063445012067624,0.5496794386821399,0.5149101633188194,0.5322948010004797,0.7970705197250789,0.8434355593130854,0.7491657907946606,-0.07729949016427586,0.32192809488736235,True,increase_consistent,496,1.0,465.25,0.5487394699973432,ok
CHIN_140,CHIN,NC_000913.3,2454600,2456380,2455490,1780,DstpA,0.47869970510155946,0.46299349041755256,0.470846597759556,0.682954757626263,0.6555148486065413,0.6692348031164022,0.5072553686733513,0.5365329052102328,0.47737135542843584,-0.0481290076330598,0.32192809488736235,True,increase_consistent,153,1.0,149.60000000000002,0.22427537692021918,ok
CHIN_140,CHIN,NC_000913.3,2454600,2456380,2455490,1780,DhnsDstpA,0.47869970510155946,0.46299349041755256,0.470846597759556,0.7308826026902657,0.6732802195474504,0.702081411118858,0.5763812254786649,0.6343825882318518,0.5159499751240935,-0.0481290076330598,0.32192809488736235,True,increase_consistent,153,1.0,149.60000000000002,0.21995381545285939,ok
CHIN_141,CHIN,NC_000913.3,2462580,2464380,2463480,1800,DstpA,0.4607869977258936,0.44480968102059715,0.4527983393732454,0.7089019245454701,0.6660831059273512,0.6874925152364106,0.6024753397899111,0.6467173795734537,0.5568335237230931,-0.050911820243479414,0.32192809488736235,True,increase_consistent,171,1.0,153.16000000000003,0.22961238389146787,ok
CHIN_141,CHIN,NC_000913.3,2462580,2464380,2463480,1800,DhnsDstpA,0.4607869977258936,0.44480968102059715,0.4527983393732454,0.7564299271297762,0.6891386056536325,0.7227842663917043,0.6746964347470806,0.7403377755691911,0.6059255125741371,-0.050911820243479414,0.32192809488736235,True,increase_consistent,171,1.0,153.16000000000003,0.3467358248508473,ok
CHIN_142,CHIN,NC_000913.3,2480930,2483750,2482340,2820,DstpA,0.3442137632307866,0.32756867484957075,0.3358912190401787,0.4247403911161403,0.41078093741137645,0.41776066426375835,0.3146825759959484,0.3385872290116253,0.2903751531569007,-0.07150738432250939,0.32192809488736235,True,inconsistent_or_borderline,406,1.0,383.75,0.15641211615605286,ok
CHIN_142,CHIN,NC_000913.3,2480930,2483750,2482340,2820,DhnsDstpA,0.3442137632307866,0.32756867484957075,0.3358912190401787,0.4882650070397202,0.4501498958148087,0.46920745142726444,0.4822318440769641,0.5396703059217556,0.4224114050137373,-0.07150738432250939,0.32192809488736235,True,increase_consistent,406,1.0,383.75,0.29501318018899503,ok
CHIN_143,CHIN,NC_000913.3,2480930,2486830,2483880,5900,DstpA,0.19835571392831994,0.19035751426445968,0.19435661409638982,0.23787678381240607,0.23199500653180288,0.23493589517210448,0.27356095090006277,0.2915082706847435,0.2553875486012395,-0.059378436371001785,0.32192809488736235,True,within_reference,1770,1.0,1711.21,0.22368650229053724,ok
CHIN_143,CHIN,NC_000913.3,2480930,2486830,2483880,5900,DhnsDstpA,0.19835571392831994,0.19035751426445968,0.19435661409638982,0.3444446807167088,0.33317070199966675,0.3388076913581878,0.8017604215530232,0.825566094093396,0.777555335674654,-0.059378436371001785,0.32192809488736235,True,increase_consistent,1770,1.0,1711.21,0.5395610918678081,ok
CHIN_144,CHIN,NC_000913.3,2482490,2486530,2484510,4040,DstpA,0.28764135538016844,0.27438684777182093,0.2810141015759947,0.34924659255502494,0.3397147114957046,0.34448065202536476,0.2937804271412937,0.31360351178379914,0.27368116793586356,-0.0680597826481995,0.32192809488736235,True,within_reference,861,1.0,796.03,0.17969368266561617,ok
CHIN_144,CHIN,NC_000913.3,2482490,2486530,2484510,4040,DhnsDstpA,0.28764135538016844,0.27438684777182093,0.2810141015759947,0.5227046793873878,0.5038238198465292,0.5132642496169586,0.8690592478629091,0.8953535465541379,0.8422768034235467,-0.0680597826481995,0.32192809488736235,True,increase_consistent,861,1.0,796.03,0.634662726913602,ok
CHIN_145,CHIN,NC_000913.3,2485190,2488290,2486740,3100,DstpA,0.35188834120165086,0.34232268991473164,0.34710551555819125,0.4252763891995075,0.4193910188399366,0.42233370401972203,0.28300909492576093,0.2930264706188056,0.2729216768030488,-0.039760794792488945,0.32192809488736235,True,within_reference,496,1.0,465.09,0.1586933760727656,ok
CHIN_145,CHIN,NC_000913.3,2485190,2488290,2486740,3100,DhnsDstpA,0.35188834120165086,0.34232268991473164,0.34710551555819125,0.6607627870728492,0.6180553750564872,0.6394090810646682,0.8813649438308857,0.9287581491654785,0.8323618130946139,-0.039760794792488945,0.32192809488736235,True,increase_consistent,496,1.0,465.09,0.7459107998003613,ok
CHIN_146,CHIN,NC_000913.3,2488280,2490700,2489490,2420,DstpA,0.358530486563746,0.3426984800135271,0.35061448328863654,0.43404676761090794,0.42738344470513956,0.4307151061580238,0.29684833045273273,0.30796490574057483,0.2856454316624952,-0.06515600636648089,0.32192809488736235,True,within_reference,300,1.0,280.8,0.13195127018856478,ok
CHIN_146,CHIN,NC_000913.3,2488280,2490700,2489490,2420,DhnsDstpA,0.358530486563746,0.3426984800135271,0.35061448328863654,0.5053309674283218,0.46538282290865207,0.48535689516848696,0.4691603949730589,0.5273430005391773,0.4085323698273063,-0.06515600636648089,0.32192809488736235,True,increase_consistent,300,1.0,280.8,0.18336955771461796,ok
CHIN_147,CHIN,NC_000913.3,2491890,2493890,2492890,2000,DstpA,0.4488838215010847,0.4372407007038736,0.44306226110247915,0.6023231222123234,0.5944836481459495,0.5984033851791364,0.433608889576754,0.4430281956929218,0.4241276807541608,-0.03791439909376384,0.32192809488736235,True,increase_consistent,210,1.0,190.09,0.15767789796562992,ok
CHIN_147,CHIN,NC_000913.3,2491890,2493890,2492890,2000,DhnsDstpA,0.4488838215010847,0.4372407007038736,0.44306226110247915,0.6122002525751783,0.5525153118511851,0.5823577822131817,0.3943963247218124,0.46649419305236495,0.31850499942629484,-0.03791439909376384,0.32192809488736235,True,inconsistent_or_borderline,210,1.0,190.09,0.14146599156158743,ok
CHIN_148,CHIN,NC_000913.3,2628290,2630530,2629410,2240,DstpA,0.40384416720791333,0.3991601851044602,0.4015021761561868,0.5472906953861189,0.5405112768257042,0.5439009861059115,0.4379362342246975,0.4468995219439928,0.4289169103687744,-0.01683087862655578,0.32192809488736235,True,increase_consistent,276,1.0,239.83000000000004,0.14409275592369192,ok
CHIN_148,CHIN,NC_000913.3,2628290,2630530,2629410,2240,DhnsDstpA,0.40384416720791333,0.3991601851044602,0.4015021761561868,0.5907853925937715,0.5335640942863901,0.5621747434400808,0.48561083267095334,0.5572263481064638,0.4102537777071602,-0.01683087862655578,0.32192809488736235,True,increase_consistent,276,1.0,239.83000000000004,0.2402522576083858,ok
CHIN_149,CHIN,NC_000913.3,2653160,2654340,2653750,1180,DstpA,0.8138362804079443,0.8050812664904804,0.8094587734492124,1.1158906342770398,1.09475705824825,1.105323846262645,0.4494396138150124,0.4631661294689711,0.43558124173629925,-0.015604177397380252,0.32192809488736235,True,increase_consistent,78,1.0,63.96000000000001,0.12846120543428316,ok
CHIN_149,CHIN,NC_000913.3,2653160,2654340,2653750,1180,DhnsDstpA,0.8138362804079443,0.8050812664904804,0.8094587734492124,0.9501892107872616,0.8486963194900373,0.8994427651386494,0.1520738759026227,0.2312572208344864,0.06829081649950944,-0.015604177397380252,0.32192809488736235,True,within_reference,78,1.0,63.96000000000001,0.17664609898206643,ok
CHIN_150,CHIN,NC_000913.3,2699740,2700840,2700290,1100,DstpA,0.6922179177514048,0.6817561042812705,0.6869870110163376,1.0204132288602663,0.9187576703816261,0.9695854496209462,0.4970852267176465,0.5707987804620719,0.41940156742179074,-0.021970572757908046,0.32192809488736235,True,increase_consistent,66,1.0,55.24000000000001,0.11128736964547341,ok
CHIN_150,CHIN,NC_000913.3,2699740,2700840,2700290,1100,DhnsDstpA,0.6922179177514048,0.6817561042812705,0.6869870110163376,0.9592451224728047,0.859698254905053,0.9094716886889289,0.4047459063262778,0.48161670208116547,0.3235475557771766,-0.021970572757908046,0.32192809488736235,True,increase_consistent,66,1.0,55.24000000000001,0.07604800166934564,ok
CHIN_151,CHIN,NC_000913.3,2757510,2759670,2758590,2160,DstpA,0.49762005972277856,0.48152003873956023,0.4895700492311694,0.7704637536637401,0.7167326440801332,0.7435981988719367,0.6030079758276425,0.6542117870255494,0.5499197645793886,-0.04744880566548568,0.32192809488736235,True,increase_consistent,231,1.0,222.63,0.1893616962459255,ok
CHIN_151,CHIN,NC_000913.3,2757510,2759670,2758590,2160,DhnsDstpA,0.49762005972277856,0.48152003873956023,0.4895700492311694,0.6090325725084172,0.5589305954082654,0.5839815839583413,0.25440757401577846,0.31500408898403837,0.19115384915258787,-0.04744880566548568,0.32192809488736235,True,within_reference,231,1.0,222.63,0.1708839812978762,ok
CHIN_152,CHIN,NC_000913.3,2757510,2761530,2759520,4020,DstpA,0.25456318616074236,0.24495776560641738,0.24976047588357986,0.3875513930020103,0.3630302477627899,0.37529082038240014,0.5874638110356015,0.6338424468775521,0.5395445676236678,-0.05549076953637453,0.32192809488736235,True,increase_consistent,820,1.0,788.0699999999999,0.22340177265648167,ok
CHIN_152,CHIN,NC_000913.3,2757510,2761530,2759520,4020,DhnsDstpA,0.25456318616074236,0.24495776560641738,0.24976047588357986,0.31610745906776944,0.29008624509860387,0.30309685208318665,0.27923367730924054,0.339869887087268,0.2159366981899566,-0.05549076953637453,0.32192809488736235,True,inconsistent_or_borderline,820,1.0,788.0699999999999,0.20756737018307228,ok
CHIN_153,CHIN,NC_000913.3,2773010,2775530,2774270,2520,DstpA,0.3203378847162492,0.307459389519772,0.3138986371180106,0.527320957771969,0.4846933133046048,0.5060071355382869,0.6888589643968293,0.7483825710768287,0.6267734145637379,-0.059198562297814304,0.32192809488736235,True,increase_consistent,325,1.0,305.07000000000005,0.27353037123077756,ok
CHIN_153,CHIN,NC_000913.3,2773010,2775530,2774270,2520,DhnsDstpA,0.3203378847162492,0.307459389519772,0.3138986371180106,0.744506882822892,0.7102473361034399,0.727377109463166,1.2124047598816217,1.2459864212525054,1.1780227503111937,-0.059198562297814304,0.32192809488736235,True,increase_consistent,325,1.0,305.07000000000005,0.8899364424894648,ok
CHIN_154,CHIN,NC_000913.3,2781040,2785900,2783470,4860,DstpA,0.2119254645392979,0.20203541629795724,0.20698044041862756,0.30614925125233167,0.2824623880179774,0.29430581963515456,0.5078216305941358,0.5647407147299367,0.44856433469511725,-0.06894873353061017,0.32192809488736235,True,increase_consistent,1176,1.0,1156.8,0.19755610116692587,ok
CHIN_154,CHIN,NC_000913.3,2781040,2785900,2783470,4860,DhnsDstpA,0.2119254645392979,0.20203541629795724,0.20698044041862756,0.35219420564688103,0.32959398385522154,0.34089409475105126,0.7198291681655085,0.7668767339499256,0.6711954689866703,-0.06894873353061017,0.32192809488736235,True,increase_consistent,1176,1.0,1156.8,0.569956219501522,ok
CHIN_155,CHIN,NC_000913.3,2784290,2786430,2785360,2140,DstpA,0.3835601105824118,0.3595034258402359,0.37153176821132383,0.5660240199669799,0.5142941812351527,0.5401591006010663,0.5398988317993452,0.6073777018182793,0.4691082558352043,-0.09344717230842897,0.32192809488736235,True,increase_consistent,253,1.0,218.43,0.20362478072747606,ok
CHIN_155,CHIN,NC_000913.3,2784290,2786430,2785360,2140,DhnsDstpA,0.3835601105824118,0.3595034258402359,0.37153176821132383,0.6395280970449724,0.596035910587725,0.6177820038163486,0.7336122702360959,0.7835221687205751,0.6819136791060266,-0.09344717230842897,0.32192809488736235,True,increase_consistent,253,1.0,218.43,0.5747908167886985,ok
CHIN_156,CHIN,NC_000913.3,2784290,2789230,2786760,4940,DstpA,0.18937745404116915,0.17880547066304653,0.18409146235210783,0.2745261336495634,0.2513280717498001,0.2629271026996818,0.5142401435080112,0.5765207737554607,0.44914910002157615,-0.0828737064842085,0.32192809488736235,True,increase_consistent,1275,1.0,1195.63,0.21732231802616211,ok
CHIN_156,CHIN,NC_000913.3,2784290,2789230,2786760,4940,DhnsDstpA,0.18937745404116915,0.17880547066304653,0.18409146235210783,0.3611289408126879,0.34586870953539184,0.35349882517403985,0.9412827002849886,0.9720913221854955,0.9098017800793775,-0.0828737064842085,0.32192809488736235,True,increase_consistent,1275,1.0,1195.63,0.787694896684174,ok
CHIN_157,CHIN,NC_000913.3,2787400,2788660,2788030,1260,DstpA,0.6118003003772531,0.5828635358261811,0.5973319181017172,0.9425330733234075,0.8653407871132831,0.9039369302183453,0.5976893025106967,0.6580104297369507,0.5347355910356937,-0.06990266632624827,0.32192809488736235,True,increase_consistent,78,1.0,73.19999999999999,0.20009287570061413,ok
CHIN_157,CHIN,NC_000913.3,2787400,2788660,2788030,1260,DhnsDstpA,0.6118003003772531,0.5828635358261811,0.5973319181017172,1.093436272051491,1.0113116149978887,1.0523739435246897,0.8170427147795343,0.8722644207276623,0.7596228841574174,-0.06990266632624827,0.32192809488736235,True,increase_consistent,78,1.0,73.19999999999999,0.47442751999932986,ok
CHIN_158,CHIN,NC_000913.3,2797390,2798750,2798070,1360,DstpA,0.6578103731562356,0.6287478578895548,0.6432791155228952,0.8260594798057111,0.7663508997459663,0.7962051897758387,0.3076954237392335,0.36080081417386967,0.25256027887087157,-0.0651901787862065,0.32192809488736235,True,inconsistent_or_borderline,78,0.7181129877693652,85.85,0.3246522032863366,ok
CHIN_158,CHIN,NC_000913.3,2797390,2798750,2798070,1360,DhnsDstpA,0.6578103731562356,0.6287478578895548,0.6432791155228952,0.8137710747314317,0.7105295514568554,0.7621503130941436,0.24463070611430238,0.33917814971834936,0.143449802077451,-0.0651901787862065,0.32192809488736235,True,inconsistent_or_borderline,78,0.7181129877693652,85.85,0.3260473928594042,ok
CHIN_159,CHIN,NC_000913.3,2804290,2805810,2805050,1520,DstpA,0.6477979008103549,0.6409032501231333,0.6443505754667441,1.1473846978223134,1.0701466184525057,1.1087656581374095,0.7830367362797553,0.8324314403023152,0.7318907283435107,-0.015437207072857206,0.32192809488736235,True,increase_consistent,136,1.0,108.00999999999999,0.36830437983666886,ok
CHIN_159,CHIN,NC_000913.3,2804290,2805810,2805050,1520,DhnsDstpA,0.6477979008103549,0.6409032501231333,0.6443505754667441,1.1188767704760552,1.0256381548976317,1.0722574626868435,0.7347336145396236,0.7961334089033791,0.6706040956289765,-0.015437207072857206,0.32192809488736235,True,increase_consistent,136,1.0,108.00999999999999,0.38968392366358323,ok
CHIN_160,CHIN,NC_000913.3,2882580,2884780,2883680,2200,DstpA,0.36041402194934546,0.34674332562557153,0.3535786737874585,0.4785292847937758,0.46304801125356576,0.4707886480236708,0.413048272817423,0.4365759560027756,0.3891305267182792,-0.055787027716484784,0.32192809488736235,True,increase_consistent,253,1.0,231.16000000000003,0.15845388328320498,ok
CHIN_160,CHIN,NC_000913.3,2882580,2884780,2883680,2200,DhnsDstpA,0.36041402194934546,0.34674332562557153,0.3535786737874585,0.6301126406076978,0.5754528705268869,0.6027827555672923,0.7696068841162694,0.8335784909270603,0.7026665160316496,-0.055787027716484784,0.32192809488736235,True,increase_consistent,253,1.0,231.16000000000003,0.4460024976460185,ok
CHIN_161,CHIN,NC_000913.3,2899270,2900870,2900070,1600,DstpA,0.649345393336999,0.6307435343487495,0.6400444638428743,0.7644859908300342,0.7977508753872824,0.7811184331086582,0.2873691737330798,0.2563179319944623,0.3177661540874855,-0.041932553928803046,0.32192809488736235,True,within_reference,136,1.0,120.20999999999998,0.19323840431182235,ok
CHIN_161,CHIN,NC_000913.3,2899270,2900870,2900070,1600,DhnsDstpA,0.649345393336999,0.6307435343487495,0.6400444638428743,0.6754631732519454,0.5905502925347017,0.6330067328933235,-0.015951287742474597,0.0777049823875894,-0.11611220464382095,-0.041932553928803046,0.32192809488736235,False,within_reference,136,1.0,120.20999999999998,0.311889884371238,ok
CHIN_162,CHIN,NC_000913.3,2903620,2906340,2904980,2720,DstpA,0.4072935943070975,0.4064051422945554,0.4068493683008264,0.48653197856669056,0.48144314709936303,0.4839875628330268,0.25047522394512417,0.2580398822845276,0.2428706917454908,-0.003150467769630616,0.32192809488736235,True,within_reference,378,1.0,356.52,0.21134156689312364,ok
CHIN_162,CHIN,NC_000913.3,2903620,2906340,2904980,2720,DhnsDstpA,0.4072935943070975,0.4064051422945554,0.4068493683008264,0.5093860719678972,0.45556832645361156,0.4824771992107544,0.24596601477939628,0.32426476217246164,0.16317269597450987,-0.003150467769630616,0.32192809488736235,True,inconsistent_or_borderline,378,1.0,356.52,0.19183519177213024,ok
CHIN_163,CHIN,NC_000913.3,2933470,2934890,2934180,1420,DstpA,0.6265214964460899,0.6084487011247998,0.6174850987854448,0.8408241701567641,0.8190521734916574,0.8299381718242107,0.4265995416870138,0.44539981945705404,0.40755103238457685,-0.04222837729246505,0.32192809488736235,True,increase_consistent,105,1.0,93.87,0.15432407575785753,ok
CHIN_163,CHIN,NC_000913.3,2933470,2934890,2934180,1420,DhnsDstpA,0.6265214964460899,0.6084487011247998,0.6174850987854448,0.5924623882884357,0.5325641393547601,0.5625132638215979,-0.13451720698948755,-0.05968075256916822,-0.21344903509131485,-0.04222837729246505,0.32192809488736235,True,within_reference,105,1.0,93.87,0.34172010833980027,ok
CHIN_164,CHIN,NC_000913.3,2986330,2988010,2987170,1680,DstpA,0.5774688507019723,0.5546809019956997,0.566074876348836,0.7987600858725259,0.7604294675167885,0.7795947766946572,0.46173152944034956,0.4967693478631235,0.42582154406902994,-0.058085074645884076,0.32192809488736235,True,increase_consistent,153,1.0,132.86999999999998,0.14821065622415003,ok
CHIN_164,CHIN,NC_000913.3,2986330,2988010,2987170,1680,DhnsDstpA,0.5774688507019723,0.5546809019956997,0.566074876348836,0.8159524496711185,0.741328604457966,0.7786405270645422,0.4599645416459995,0.5274921852620359,0.389120284328268,-0.058085074645884076,0.32192809488736235,True,increase_consistent,153,1.0,132.86999999999998,0.26871620975623073,ok
CHIN_165,CHIN,NC_000913.3,2986330,2990830,2988580,4500,DstpA,0.2475866549062441,0.2358967572804428,0.24174170609334344,0.33451806441164406,0.31162895822549164,0.3230735113185679,0.4183960762186969,0.4686177271996864,0.36636290936561244,-0.06977796745503312,0.32192809488736235,True,increase_consistent,1035,1.0,990.2099999999999,0.20470216756791212,ok
CHIN_165,CHIN,NC_000913.3,2986330,2990830,2988580,4500,DhnsDstpA,0.2475866549062441,0.2358967572804428,0.24174170609334344,0.39044220353647324,0.3707315517364983,0.3805868776364858,0.6547594261916716,0.6916426114124848,0.6169085102027108,-0.06977796745503312,0.32192809488736235,True,increase_consistent,1035,1.0,990.2099999999999,0.5870774928817589,ok
CHIN_166,CHIN,NC_000913.3,2986330,2997430,2991880,11100,DstpA,0.11963618527862159,0.11077943934321711,0.11520781231091935,0.15927578238099796,0.14747103306175288,0.15337340772137542,0.4128098162065871,0.4672883740316209,0.35619305139603213,-0.11096367237923446,0.32192809488736235,True,increase_consistent,5151,0.838742647673053,6105.21,0.2717648618063973,ok
CHIN_166,CHIN,NC_000913.3,2986330,2997430,2991880,11100,DhnsDstpA,0.11963618527862159,0.11077943934321711,0.11520781231091935,0.18894440033272378,0.18397664111466064,0.1864605207236922,0.6946316509538462,0.7137232125592542,0.675284053737005,-0.11096367237923446,0.32192809488736235,True,increase_consistent,5151,0.838742647673053,6105.21,0.6189656628426234,ok
CHIN_167,CHIN,NC_000913.3,2993620,2996420,2995020,2800,DstpA,0.32697185275629753,0.3080387122758968,0.31750528251609716,0.4693564272191914,0.4375434553500691,0.45344994128463023,0.5141626978551318,0.5639033202240769,0.46264571267561183,-0.08605477651015042,0.32192809488736235,True,increase_consistent,406,1.0,378.15999999999997,0.23608181399970996,ok
CHIN_167,CHIN,NC_000913.3,2993620,2996420,2995020,2800,DhnsDstpA,0.32697185275629753,0.3080387122758968,0.31750528251609716,0.4895248254287262,0.4574528703223129,0.4734888478755196,0.5765498511476244,0.6246014305153313,0.5268425204944854,-0.08605477651015042,0.32192809488736235,True,increase_consistent,406,1.0,378.15999999999997,0.44860125282928265,ok
CHIN_168,CHIN,NC_000913.3,2995130,2999070,2997100,3940,DstpA,0.30761649895218457,0.29534257580477247,0.30147953737847855,0.4079900844525602,0.3917712423704595,0.39988066341150985,0.40750943605273304,0.4364740062558262,0.37795141774108937,-0.058743537481810236,0.32192809488736235,True,increase_consistent,406,0.5144643116732083,756.69,0.1534939732016049,ok
CHIN_168,CHIN,NC_000913.3,2995130,2999070,2997100,3940,DhnsDstpA,0.30761649895218457,0.29534257580477247,0.30147953737847855,0.38178577544191317,0.3483491779011426,0.3650674766715279,0.27610306293484027,0.34070326790502986,0.20847407458911105,-0.058743537481810236,0.32192809488736235,True,inconsistent_or_borderline,406,0.5144643116732083,756.69,0.16038569190875604,ok
CHIN_169,CHIN,NC_000913.3,3053730,3055230,3054480,1500,DstpA,0.9985523943554457,1.027933214053479,1.0132428042044623,1.2524363759746824,1.2415706137471945,1.2470034948609383,0.2994855787168871,0.3057573863135434,0.29318638668915925,0.04183650067356197,0.32192809488736235,True,within_reference,120,1.0,105.21000000000001,0.2007694106225567,ok
CHIN_169,CHIN,NC_000913.3,3053730,3055230,3054480,1500,DhnsDstpA,0.9985523943554457,1.027933214053479,1.0132428042044623,1.0513618051892106,0.9417674149291957,0.9965646100592032,-0.023944682617143782,0.053279299696464034,-0.10553721827338655,0.04183650067356197,0.32192809488736235,False,within_reference,120,1.0,105.21000000000001,0.3285497885716633,ok
CHIN_170,CHIN,NC_000913.3,3076900,3079440,3078170,2540,DstpA,0.3853074099616178,0.3732728873649912,0.37929014866330446,0.5088787604688155,0.49723006701878003,0.5030544137437978,0.40741255918324365,0.4240200766368924,0.39061163652232944,-0.045779208711177535,0.32192809488736235,True,increase_consistent,325,1.0,310.0,0.16963450020462154,ok
CHIN_170,CHIN,NC_000913.3,3076900,3079440,3078170,2540,DhnsDstpA,0.3853074099616178,0.3732728873649912,0.37929014866330446,0.4270844218915989,0.39217526568370237,0.40962984378765066,0.11101892656508472,0.17121937507622612,0.048196647404384514,-0.045779208711177535,0.32192809488736235,True,within_reference,325,1.0,310.0,0.27880038001197044,ok
CHIN_171,CHIN,NC_000913.3,3185610,3187830,3186720,2220,DstpA,0.5827787267693039,0.5601633944660385,0.5714710606176712,0.8060069921817901,0.7777513881294134,0.7918791901556017,0.47059990617025466,0.4961119123233717,0.44462862269075887,-0.057100506203068994,0.32192809488736235,True,increase_consistent,66,0.24321569626704037,235.47000000000003,0.1351475754938401,ok
CHIN_171,CHIN,NC_000913.3,3185610,3187830,3186720,2220,DhnsDstpA,0.5827787267693039,0.5601633944660385,0.5714710606176712,0.9410337785446552,0.8321098832659759,0.8865718309053155,0.6335570824129393,0.7195660676410967,0.5420936123072879,-0.057100506203068994,0.32192809488736235,True,increase_consistent,66,0.24321569626704037,235.47000000000003,0.3574963279309276,ok
CHIN_172,CHIN,NC_000913.3,3187520,3189020,3188270,1500,DstpA,0.6164953541634097,0.5921717052758533,0.6043335297196315,0.8359607732566071,0.8001803315286062,0.8180705523926066,0.43688028198758244,0.4680902585936276,0.404980179533704,-0.058074464347180034,0.32192809488736235,True,increase_consistent,120,1.0,105.16,0.1321247172488382,ok
CHIN_172,CHIN,NC_000913.3,3187520,3189020,3188270,1500,DhnsDstpA,0.6164953541634097,0.5921717052758533,0.6043335297196315,0.8392071334319952,0.7684739283280723,0.8038405308800337,0.41156433406943166,0.47368195309825206,0.34665132700417256,-0.058074464347180034,0.32192809488736235,True,increase_consistent,120,1.0,105.16,0.1435971416767648,ok
CHIN_173,CHIN,NC_000913.3,3187520,3191480,3189500,3960,DstpA,0.2784674411145815,0.2658280076036639,0.2721477243591227,0.36250077844643447,0.347043079859878,0.35477192915315625,0.3825018902628747,0.41359412061596856,0.35072478887807035,-0.0670155402947697,0.32192809488736235,True,increase_consistent,780,1.0,764.44,0.18003075850864123,ok
CHIN_173,CHIN,NC_000913.3,3187520,3191480,3189500,3960,DhnsDstpA,0.2784674411145815,0.2658280076036639,0.2721477243591227,0.38402257009391966,0.3588851257696654,0.37145384793179254,0.44879299859784694,0.49680113210415294,0.3991321583401119,-0.0670155402947697,0.32192809488736235,True,increase_consistent,780,1.0,764.44,0.24414502109728417,ok
CHIN_174,CHIN,NC_000913.3,3188660,3192060,3190360,3400,DstpA,0.33304607075173176,0.3163841788129453,0.32471512478233855,0.41439606793974604,0.39751969073878446,0.40595787933926525,0.32215546163833203,0.35183572892476783,0.2918517396845452,-0.07404430338114543,0.32192809488736235,True,inconsistent_or_borderline,595,1.0,561.24,0.19430920436146154,ok
CHIN_174,CHIN,NC_000913.3,3188660,3192060,3190360,3400,DhnsDstpA,0.33304607075173176,0.3163841788129453,0.32471512478233855,0.44917014946324874,0.41874284618139546,0.4339564978223221,0.4183758413276402,0.46808746869101214,0.36688995867887114,-0.07404430338114543,0.32192809488736235,True,increase_consistent,595,1.0,561.24,0.2787179742905006,ok
CHIN_175,CHIN,NC_000913.3,3189930,3192250,3191090,2320,DstpA,0.46351265057354124,0.43938617777950145,0.45144941417652135,0.5738047974558129,0.5479328325442847,0.5608688150000488,0.31309902976678455,0.34599569035931543,0.27943471374374196,-0.07711922848230744,0.32192809488736235,True,inconsistent_or_borderline,276,1.0,257.75,0.1428759227941404,ok
CHIN_175,CHIN,NC_000913.3,3189930,3192250,3191090,2320,DhnsDstpA,0.46351265057354124,0.43938617777950145,0.45144941417652135,0.6570289201976661,0.6120176052737883,0.6345232627357272,0.4911087169126768,0.5413925346625049,0.43900881416841214,-0.07711922848230744,0.32192809488736235,True,increase_consistent,276,1.0,257.75,0.38505990367805903,ok
CHIN_176,CHIN,NC_000913.3,3190810,3192830,3191820,2020,DstpA,0.5214034346133716,0.49304994281398457,0.507226688713678,0.6227768233292887,0.5915633751684197,0.6071700992488542,0.2594700877525649,0.29608459778209695,0.22190207749871543,-0.08066629648427295,0.32192809488736235,True,within_reference,210,1.0,194.07,0.14742833268158906,ok
CHIN_176,CHIN,NC_000913.3,3190810,3192830,3191820,2020,DhnsDstpA,0.5214034346133716,0.49304994281398457,0.507226688713678,0.6236195076358151,0.5751326628586596,0.5993760852472374,0.24083086465187595,0.2980354004683656,0.18126411573561105,-0.08066629648427295,0.32192809488736235,True,within_reference,210,1.0,194.07,0.21555599126622613,ok
CHIN_177,CHIN,NC_000913.3,3205500,3206720,3206110,1220,DstpA,0.8217994651446741,0.8068794920572152,0.8143394786009446,1.1576592574026765,1.1396631721505208,1.1486612147765987,0.4962511034294397,0.5075084265092662,0.48490524839708704,-0.026433169340459067,0.32192809488736235,True,increase_consistent,78,1.0,68.39999999999999,0.15002922948745326,ok
CHIN_177,CHIN,NC_000913.3,3205500,3206720,3206110,1220,DhnsDstpA,0.8217994651446741,0.8068794920572152,0.8143394786009446,0.943446533555677,0.8396732610233717,0.8915598972895243,0.13070138022054478,0.212310415728471,0.044197701605487326,-0.026433169340459067,0.32192809488736235,True,within_reference,78,1.0,68.39999999999999,0.15361148078480544,ok
CHIN_178,CHIN,NC_000913.3,3225680,3228200,3226940,2520,DstpA,0.385349263859699,0.38504665743406924,0.3851979606468841,0.5453528013727704,0.5359323309648966,0.5406425661688334,0.48907503826343546,0.5015897796427427,0.47645078639009225,-0.0011333622102159316,0.32192809488736235,True,increase_consistent,325,1.0,305.0,0.19013052052118465,ok
CHIN_178,CHIN,NC_000913.3,3225680,3228200,3226940,2520,DhnsDstpA,0.385349263859699,0.38504665743406924,0.3851979606468841,0.39835935843589365,0.36178813988251274,0.3800737491592032,-0.019320680210520316,0.048470402609853,-0.09045495075240943,-0.0011333622102159316,0.32192809488736235,False,within_reference,325,1.0,305.0,0.28051167442711383,ok
CHIN_179,CHIN,NC_000913.3,3262150,3263750,3262950,1600,DstpA,0.9274187336468647,1.0103777695811216,0.9688982516139931,0.8504282355486665,0.8384630152386402,0.8444456253936534,-0.19834064006783214,-0.1881556722679294,-0.20859802202245187,0.12360202805636426,0.32192809488736235,True,within_reference,136,1.0,120.25,0.5389628911996722,ok
CHIN_179,CHIN,NC_000913.3,3262150,3263750,3262950,1600,DhnsDstpA,0.9274187336468647,1.0103777695811216,0.9688982516139931,0.8455372271350664,0.768034493531296,0.8067858603331812,-0.26415937005554196,-0.19647689495867351,-0.3351740637597363,0.12360202805636426,0.32192809488736235,True,inconsistent_or_borderline,136,1.0,120.25,0.506092802068825,ok
CHIN_180,CHIN,NC_000913.3,3264890,3266490,3265690,1600,DstpA,0.963554210087939,1.0688824802115948,1.0162183451497668,0.8254253165573047,0.8130944538430324,0.8192598852001685,-0.31081733298594333,-0.30000082062190697,-0.32171555444313976,0.1496655019105143,0.32192809488736235,True,within_reference,136,1.0,120.09000000000002,0.6681357604031368,ok
CHIN_180,CHIN,NC_000913.3,3264890,3266490,3265690,1600,DhnsDstpA,0.963554210087939,1.0688824802115948,1.0162183451497668,0.8025136038770196,0.7265879084820742,0.7645507561795469,-0.410526227571811,-0.34061266002681295,-0.48400115110244085,0.1496655019105143,0.32192809488736235,True,decrease_consistent,136,1.0,120.09000000000002,0.6289180724724752,ok
CHIN_181,CHIN,NC_000913.3,3267680,3269860,3268770,2180,DstpA,0.5269341884685227,0.5165242736242422,0.5217292310463825,0.561214837463822,0.5145937447092551,0.5379042910865386,0.0440482321079104,0.10525188575846142,-0.019867345756524345,-0.028786638556391936,0.32192809488736235,False,within_reference,253,1.0,226.92,0.30736162731247246,ok
CHIN_181,CHIN,NC_000913.3,3267680,3269860,3268770,2180,DhnsDstpA,0.5269341884685227,0.5165242736242422,0.5217292310463825,0.6527278618491424,0.6060889644238675,0.629408413136505,0.27069519704531486,0.32318035656396926,0.21622830856797115,-0.028786638556391936,0.32192809488736235,True,inconsistent_or_borderline,253,1.0,226.92,0.38600058019848327,ok
CHIN_182,CHIN,NC_000913.3,3286970,3288890,3287930,1920,DstpA,0.4428003536210925,0.43405755085934217,0.43842895224021733,0.6008869886087607,0.5685151098994259,0.5847010492540933,0.41535610852128424,0.45475061087511714,0.37485562160024255,-0.028770034734329073,0.32192809488736235,True,increase_consistent,190,1.0,174.87,0.19228102568527003,ok
CHIN_182,CHIN,NC_000913.3,3286970,3288890,3287930,1920,DhnsDstpA,0.4428003536210925,0.43405755085934217,0.43842895224021733,0.5713050661889459,0.526204339916504,0.5487547030527249,0.3238183274546659,0.3819182516994721,0.2632800755727788,-0.028770034734329073,0.32192809488736235,True,inconsistent_or_borderline,190,1.0,174.87,0.15431989893121115,ok
CHIN_183,CHIN,NC_000913.3,3320530,3322310,3321420,1780,DstpA,0.6641107244959551,0.6420513418744351,0.6530810331851951,1.175596072566452,1.0067852850456573,1.0911906788060546,0.7405693105641706,0.8480585292110044,0.6244221205086256,-0.04873512873099749,0.32192809488736235,True,increase_consistent,171,1.0,149.67,0.353400721080547,ok
CHIN_183,CHIN,NC_000913.3,3320530,3322310,3321420,1780,DhnsDstpA,0.6641107244959551,0.6420513418744351,0.6530810331851951,0.7847302945519531,0.7107037591640354,0.7477170268579942,0.1952303761426603,0.26493488656164677,0.12198632021678969,-0.04873512873099749,0.32192809488736235,True,within_reference,171,1.0,149.67,0.21502804367286332,ok
CHIN_184,CHIN,NC_000913.3,3329880,3331180,3330530,1300,DstpA,0.9147734447242263,0.8959470105127737,0.9053602276185,1.4708548254841516,1.3195398293593812,1.3951973274217664,0.6239053460214149,0.7000910228503815,0.5434710623861911,-0.030001077163391815,0.32192809488736235,True,increase_consistent,91,1.0,78.16,0.15356507851842274,ok
CHIN_184,CHIN,NC_000913.3,3329880,3331180,3330530,1300,DhnsDstpA,0.9147734447242263,0.8959470105127737,0.9053602276185,1.1331813830173096,1.002211068885567,1.0676962259514382,0.23793740346564832,0.32381496940963056,0.14662254111775688,-0.030001077163391815,0.32192809488736235,True,inconsistent_or_borderline,91,1.0,78.16,0.08923928024409268,ok
CHIN_185,CHIN,NC_000913.3,3360590,3362710,3361650,2120,DstpA,0.47843799520590713,0.46035121067769574,0.46939460294180146,0.7560936719792006,0.7211409776136476,0.7386173247964241,0.654025848407361,0.687763726143995,0.6194800690453501,-0.05559702519628254,0.32192809488736235,True,increase_consistent,253,1.0,214.21,0.27879069557667985,ok
CHIN_185,CHIN,NC_000913.3,3360590,3362710,3361650,2120,DhnsDstpA,0.47843799520590713,0.46035121067769574,0.46939460294180146,0.7069919504752894,0.6536890628910812,0.6803405066831854,0.5354557340785853,0.5908925352106077,0.47780330514794467,-0.05559702519628254,0.32192809488736235,True,increase_consistent,253,1.0,214.21,0.26883654193393597,ok
CHIN_186,CHIN,NC_000913.3,3412610,3414130,3413370,1520,DstpA,0.5848178011147637,0.5727694913821797,0.5787936462484717,1.0145376103873214,0.9438853340094682,0.9792114721983948,0.7585713757249539,0.8097013591189747,0.7055625226970854,-0.030032576403229514,0.32192809488736235,True,increase_consistent,120,1.0,108.07,0.3112634435012855,ok
CHIN_186,CHIN,NC_000913.3,3412610,3414130,3413370,1520,DhnsDstpA,0.5848178011147637,0.5727694913821797,0.5787936462484717,0.7821263145214853,0.7169135498501547,0.7495199321858199,0.37291776000043636,0.43435253900611553,0.30875007509979974,-0.030032576403229514,0.32192809488736235,True,inconsistent_or_borderline,120,1.0,108.07,0.10654711997175313,ok
CHIN_187,CHIN,NC_000913.3,3581640,3583480,3582560,1840,DstpA,0.46135525942910466,0.432487990457768,0.44692162494343635,0.7687414639559929,0.7075224677502869,0.7381319658531399,0.7238569161967369,0.7824766325679855,0.6627541089269214,-0.09321803160686487,0.32192809488736235,True,increase_consistent,171,1.0,160.28000000000003,0.28964404389581216,ok
CHIN_187,CHIN,NC_000913.3,3581640,3583480,3582560,1840,DhnsDstpA,0.46135525942910466,0.432487990457768,0.44692162494343635,0.800696496725536,0.7403696410154346,0.7705330688704852,0.7858350207404087,0.841233640725178,0.7282238851735409,-0.09321803160686487,0.32192809488736235,True,increase_consistent,171,1.0,160.28000000000003,0.4990255276726101,ok
CHIN_188,CHIN,NC_000913.3,3582640,3585100,3583870,2460,DstpA,0.39289729081588515,0.3754349955257535,0.3841661431708193,0.6435065490506148,0.5980267219670248,0.6207666355088197,0.6923206398479346,0.744224452128235,0.6384795717347713,-0.06558908510362545,0.32192809488736235,True,increase_consistent,190,0.628099173553719,290.4,0.21156778256799771,ok
CHIN_188,CHIN,NC_000913.3,3582640,3585100,3583870,2460,DhnsDstpA,0.39289729081588515,0.3754349955257535,0.3841661431708193,0.7092036761888793,0.6441235950123723,0.6766636356006257,0.8167084802533081,0.8844696356408074,0.7456071616295246,-0.06558908510362545,0.32192809488736235,True,increase_consistent,190,0.628099173553719,290.4,0.561741855907387,ok
CHIN_189,CHIN,NC_000913.3,3631380,3633920,3632650,2540,DstpA,0.47212426210262787,0.4307761769580765,0.4514502195303522,0.7379733263182706,0.6769191280026347,0.7074462271604527,0.6480535796464931,0.709001758210159,0.5844165708015032,-0.1322281565315388,0.32192809488736235,True,increase_consistent,351,1.0,310.03999999999996,0.23545611663309188,ok
CHIN_189,CHIN,NC_000913.3,3631380,3633920,3632650,2540,DhnsDstpA,0.47212426210262787,0.4307761769580765,0.4514502195303522,0.8330304703442474,0.78975782263219,0.8113941464882186,0.8458359812587624,0.8838023535145585,0.806843408567673,-0.1322281565315388,0.32192809488736235,True,increase_consistent,351,1.0,310.03999999999996,0.657972542809895,ok
CHIN_190,CHIN,NC_000913.3,3631380,3634760,3633070,3380,DstpA,0.36897286312347066,0.3355917190004406,0.35228229106195563,0.590620414341613,0.5378275070630198,0.5642239607023165,0.6795359800772093,0.745499269406457,0.6104115898260127,-0.13680759764101688,0.32192809488736235,True,increase_consistent,595,1.0,554.52,0.3032316792454206,ok
CHIN_190,CHIN,NC_000913.3,3631380,3634760,3633070,3380,DhnsDstpA,0.36897286312347066,0.3355917190004406,0.35228229106195563,0.7120498502423458,0.6856445313587787,0.6988471908005622,0.9882450783136147,1.015246293487522,0.9607288593239225,-0.13680759764101688,0.32192809488736235,True,increase_consistent,595,1.0,554.52,0.8079976005661,ok
CHIN_191,CHIN,NC_000913.3,3631380,3636320,3633850,4940,DstpA,0.262140452182962,0.24272567294823738,0.2524330625655997,0.3963847131898357,0.36473791921782167,0.3805613162038287,0.5922280395967364,0.6510004447034368,0.53095931374613,-0.11101329067072514,0.32192809488736235,True,increase_consistent,1275,1.0,1195.64,0.24913603272286194,ok
CHIN_191,CHIN,NC_000913.3,3631380,3636320,3633850,4940,DhnsDstpA,0.262140452182962,0.24272567294823738,0.2524330625655997,0.5754685460654227,0.5644726066606692,0.569970576363046,1.1749865643284447,1.1888361952411468,1.1610026895172452,-0.11101329067072514,0.32192809488736235,True,increase_consistent,1275,1.0,1195.64,1.0426960400740304,ok
CHIN_192,CHIN,NC_000913.3,3634410,3635870,3635140,1460,DstpA,0.7203399621064119,0.6828918401224955,0.7016159011144537,1.036731554184607,0.9783564698532559,1.0075440120189314,0.5220895107516094,0.5632890287696597,0.47967877050810565,-0.07702084727236645,0.32192809488736235,True,increase_consistent,105,1.0,99.43,0.09816676951731731,ok
CHIN_192,CHIN,NC_000913.3,3634410,3635870,3635140,1460,DhnsDstpA,0.7203399621064119,0.6828918401224955,0.7016159011144537,1.5294698534579652,1.4488686653799927,1.489169259418979,1.085754390512898,1.124278321132888,1.04617347594578,-0.07702084727236645,0.32192809488736235,True,increase_consistent,105,1.0,99.43,0.8876715443823371,ok
CHIN_193,CHIN,NC_000913.3,3651080,3654040,3652560,2960,DstpA,0.3626646216872488,0.3400889618513237,0.35137679176928627,0.6046954693609329,0.551568713763276,0.5781320915621044,0.7183802518730411,0.7831898644039726,0.6505217208831948,-0.0927238340072217,0.32192809488736235,True,increase_consistent,231,0.4771890053839614,423.48,0.3309574283851793,ok
CHIN_193,CHIN,NC_000913.3,3651080,3654040,3652560,2960,DhnsDstpA,0.3626646216872488,0.3400889618513237,0.35137679176928627,0.6734417426465883,0.6275034750266457,0.6504726088366171,0.8884694015292555,0.9385342426855583,0.8366045431963001,-0.0927238340072217,0.32192809488736235,True,increase_consistent,231,0.4771890053839614,423.48,0.5601154001037132,ok
CHIN_194,CHIN,NC_000913.3,3653170,3655470,3654320,2300,DstpA,0.44889277160647467,0.4252952714912623,0.43709402154886845,0.6871001073512558,0.6357953551698621,0.6614477312605589,0.5976835112853398,0.652576662968459,0.5406188313693191,-0.07790605021782161,0.32192809488736235,True,increase_consistent,276,1.0,253.20999999999998,0.20623532269678754,ok
CHIN_194,CHIN,NC_000913.3,3653170,3655470,3654320,2300,DhnsDstpA,0.44889277160647467,0.4252952714912623,0.43709402154886845,1.1700373726520787,1.1044303566719627,1.1372338646620208,1.379513414895313,1.4205390616816855,1.3372868973028782,-0.07790605021782161,0.32192809488736235,True,increase_consistent,276,1.0,253.20999999999998,0.9688595891235432,ok
CHIN_195,CHIN,NC_000913.3,3655000,3658720,3656860,3720,DstpA,0.3411448559861266,0.3286500298337889,0.3348974429099577,0.4809028475506897,0.4565876170390962,0.46874523229489296,0.48508465614742735,0.5220261083388322,0.4471723727686068,-0.05383234651452276,0.32192809488736235,True,increase_consistent,703,1.0,673.4000000000001,0.19995100115947365,ok
CHIN_195,CHIN,NC_000913.3,3655000,3658720,3656860,3720,DhnsDstpA,0.3411448559861266,0.3286500298337889,0.3348974429099577,0.9803026389426883,0.9601573432652699,0.9702299911039791,1.5346074153790636,1.5495078462034844,1.519551482599228,-0.05383234651452276,0.32192809488736235,True,increase_consistent,703,1.0,673.4000000000001,1.323113767497958,ok
CHIN_196,CHIN,NC_000913.3,3656690,3658770,3657730,2080,DstpA,0.5258323672190638,0.4994295667997034,0.5126309670093836,0.7422768768642071,0.6987255465275171,0.720501211695862,0.49108022506224536,0.5340367956593763,0.4468052569025248,-0.07432171572063791,0.32192809488736235,True,increase_consistent,231,1.0,206.07,0.14252826746658664,ok
CHIN_196,CHIN,NC_000913.3,3656690,3658770,3657730,2080,DhnsDstpA,0.5258323672190638,0.4994295667997034,0.5126309670093836,1.4389512597510876,1.3961200036599124,1.4175356317055,1.467392463054377,1.489025189156578,1.4454304172094092,-0.07432171572063791,0.32192809488736235,True,increase_consistent,231,1.0,206.07,1.3698319365543437,ok
CHIN_197,CHIN,NC_000913.3,3664320,3665980,3665150,1660,DstpA,0.7107012968203493,0.6859965255252375,0.6983489111727934,1.0728522190764953,1.004269791544587,1.0385610053105412,0.5725660376215009,0.6194314392624248,0.5241269681429024,-0.05104206242328829,0.32192809488736235,True,increase_consistent,136,1.0,129.64000000000001,0.21935176242670845,ok
CHIN_197,CHIN,NC_000913.3,3664320,3665980,3665150,1660,DhnsDstpA,0.7107012968203493,0.6859965255252375,0.6983489111727934,1.452084530350677,1.3577122188982715,1.4048983746244743,1.0084458494817865,1.0561055142514135,0.9591577926130617,-0.05104206242328829,0.32192809488736235,True,increase_consistent,136,1.0,129.64000000000001,0.677251011424699,ok
CHIN_198,CHIN,NC_000913.3,3673940,3675060,3674500,1120,DstpA,1.0348262329906681,1.0816852565870374,1.0582557447888528,1.5310979395496922,1.4862579623058003,1.5086779509277464,0.5115965542489115,0.5328782500695461,0.489996218506065,0.06389223985550577,0.32192809488736235,True,increase_consistent,66,1.0,57.36,0.08038225346647439,ok
CHIN_198,CHIN,NC_000913.3,3673940,3675060,3674500,1120,DhnsDstpA,1.0348262329906681,1.0816852565870374,1.0582557447888528,1.3115404115488423,1.1617167894488185,1.2366286004988303,0.22472395704661174,0.30957394059717236,0.13457008201542536,0.06389223985550577,0.32192809488736235,True,within_reference,66,1.0,57.36,0.08566784444496044,ok
CHIN_199,CHIN,NC_000913.3,3720060,3722320,3721190,2260,DstpA,0.5168246593479137,0.4894434266690295,0.5031340430084716,0.8445635626599772,0.7719496165501207,0.808256589605049,0.6838705560713216,0.7472631972960999,0.6175638806182064,-0.07853279466707144,0.32192809488736235,True,increase_consistent,276,1.0,244.27999999999997,0.28573529345648346,ok
CHIN_199,CHIN,NC_000913.3,3720060,3722320,3721190,2260,DhnsDstpA,0.5168246593479137,0.4894434266690295,0.5031340430084716,0.6566329952681674,0.589591231231584,0.6231121132498757,0.3085489546304094,0.38414443754939076,0.22877225950967628,-0.07853279466707144,0.32192809488736235,True,inconsistent_or_borderline,276,1.0,244.27999999999997,0.1606374973925923,ok
CHIN_200,CHIN,NC_000913.3,3730830,3733310,3732070,2480,DstpA,0.477001212529151,0.4651019271180797,0.47105156982361535,0.6893204794042552,0.6547575002413731,0.6720389898228142,0.5126599245898054,0.5492898658053332,0.475075668755343,-0.03644601595894499,0.32192809488736235,True,increase_consistent,325,1.0,295.27000000000004,0.15636946759704617,ok
CHIN_200,CHIN,NC_000913.3,3730830,3733310,3732070,2480,DhnsDstpA,0.477001212529151,0.4651019271180797,0.47105156982361535,0.571249528792225,0.5063201127923388,0.5387848207922818,0.19382419428976855,0.27823605815825614,0.10416478226657416,-0.03644601595894499,0.32192809488736235,True,within_reference,325,1.0,295.27000000000004,0.15819519540077917,ok
CHIN_201,CHIN,NC_000913.3,3743830,3746470,3745150,2640,DstpA,0.4073251472068915,0.39366193937939487,0.4004935432931432,0.59822060344077,0.5670626235264098,0.5826416134835899,0.5408297615853962,0.5788986156019125,0.5017290840325779,-0.049223650962181995,0.32192809488736235,True,increase_consistent,351,1.0,335.49,0.20308506417262137,ok
CHIN_201,CHIN,NC_000913.3,3743830,3746470,3745150,2640,DhnsDstpA,0.4073251472068915,0.39366193937939487,0.4004935432931432,0.48319012030046155,0.4357871359802062,0.45948862814033387,0.1982501729008419,0.27081197257204065,0.12184462623116532,-0.049223650962181995,0.32192809488736235,True,within_reference,351,1.0,335.49,0.16827194633160905,ok
CHIN_202,CHIN,NC_000913.3,3766010,3768530,3767270,2520,DstpA,0.3539290517480301,0.33670262734831224,0.34531583954817113,0.539082013677361,0.4953423757035851,0.5172121946904731,0.5828397792689438,0.6425882634928874,0.5205095346186361,-0.0719852093276743,0.32192809488736235,True,increase_consistent,325,1.0,305.07000000000005,0.20889579059014546,ok
CHIN_202,CHIN,NC_000913.3,3766010,3768530,3767270,2520,DhnsDstpA,0.3539290517480301,0.33670262734831224,0.34531583954817113,0.5376517803000623,0.4921472168246959,0.5148994985623792,0.5763743534026471,0.6387555764799334,0.5111734241602478,-0.0719852093276743,0.32192809488736235,True,increase_consistent,325,1.0,305.07000000000005,0.34190290657584943,ok
CHIN_203,CHIN,NC_000913.3,3767450,3770090,3768770,2640,DstpA,0.39049576002677444,0.36186991828466153,0.376182839155718,0.5699582448741984,0.5235457215896816,0.5467519832319401,0.5394525113864634,0.5994221943684198,0.4768814971776147,-0.10983570020636026,0.32192809488736235,True,increase_consistent,351,1.0,335.45,0.24819337042641842,ok
CHIN_203,CHIN,NC_000913.3,3767450,3770090,3768770,2640,DhnsDstpA,0.39049576002677444,0.36186991828466153,0.376182839155718,0.721338032699987,0.6868723586350479,0.7041051956675175,0.9043569514423846,0.9392414552383946,0.8686079912143493,-0.10983570020636026,0.32192809488736235,True,increase_consistent,351,1.0,335.45,0.7373048841821587,ok
CHIN_204,CHIN,NC_000913.3,3788920,3790480,3789700,1560,DstpA,0.6511426151944741,0.6461803593637859,0.6486614872791301,0.9772658419806115,0.9323357639253476,0.9548008029529795,0.5577339948753147,0.5912852817315121,0.523383824280563,-0.011036660774301403,0.32192809488736235,True,increase_consistent,120,1.0,114.03999999999999,0.18484369884577134,ok
CHIN_204,CHIN,NC_000913.3,3788920,3790480,3789700,1560,DhnsDstpA,0.6511426151944741,0.6461803593637859,0.6486614872791301,0.7233162822276328,0.6526540390508833,0.687985160639258,0.08491166253645982,0.15716084304738476,0.008852661170257365,-0.011036660774301403,0.32192809488736235,True,within_reference,120,1.0,114.03999999999999,0.17934875470776282,ok
CHIN_205,CHIN,NC_000913.3,3796820,3799260,3798040,2440,DstpA,0.42557521801047055,0.38814858191042095,0.40686189996044575,0.6547418825918544,0.5863806051468137,0.620561243869334,0.609034411051459,0.686387080848298,0.5272981988627934,-0.13280512590629304,0.32192809488736235,True,increase_consistent,300,1.0,285.68,0.29173778851101223,ok
CHIN_205,CHIN,NC_000913.3,3796820,3799260,3798040,2440,DhnsDstpA,0.42557521801047055,0.38814858191042095,0.40686189996044575,0.7763714053798744,0.7474195935386039,0.7618954994592391,0.9050539457310633,0.9322077954858901,0.8773791968520277,-0.13280512590629304,0.32192809488736235,True,increase_consistent,300,1.0,285.68,0.7551174668403778,ok
CHIN_206,CHIN,NC_000913.3,3796820,3800060,3798440,3240,DstpA,0.35248914094406963,0.32076269048711203,0.33662591571559086,0.5382390960888763,0.4778805681664776,0.508059832127677,0.593852158032763,0.6771009386042867,0.5055038558831114,-0.13607246892999741,0.32192809488736235,True,increase_consistent,528,1.0,508.88,0.27512741275715674,ok
CHIN_206,CHIN,NC_000913.3,3796820,3800060,3798440,3240,DhnsDstpA,0.35248914094406963,0.32076269048711203,0.33662591571559086,0.6198407663511178,0.6005463497137811,0.6101935580324495,0.8581206998391396,0.8807513934946917,0.8351293470799699,-0.13607246892999741,0.32192809488736235,True,increase_consistent,528,1.0,508.88,0.7345860596377638,ok
CHIN_207,CHIN,NC_000913.3,3796820,3801260,3799040,4440,DstpA,0.28426512048153596,0.2594837170365933,0.2718744187590646,0.43776184511229466,0.3853500523948035,0.41155594875354906,0.598148158874695,0.6872058046202537,0.503229175607459,-0.13159307993095576,0.32192809488736235,True,increase_consistent,990,1.0,963.6800000000001,0.29371403192932943,ok
CHIN_207,CHIN,NC_000913.3,3796820,3801260,3799040,4440,DhnsDstpA,0.28426512048153596,0.2594837170365933,0.2718744187590646,0.4918113510786501,0.4803707066890289,0.4860910288838395,0.8382860970153255,0.8551646214219351,0.8212077657544063,-0.13159307993095576,0.32192809488736235,True,increase_consistent,990,1.0,963.6800000000001,0.721921318289689,ok
CHIN_208,CHIN,NC_000913.3,3796820,3802940,3799880,6120,DstpA,0.23528915255641616,0.2156517218554922,0.22547043720595417,0.36080905426618515,0.3186874274176207,0.3397482408419029,0.5915277955851128,0.6782972571323238,0.49920381887460225,-0.12573157487926484,0.32192809488736235,True,increase_consistent,1891,1.0,1842.3200000000002,0.2822134476497861,ok
CHIN_208,CHIN,NC_000913.3,3796820,3802940,3799880,6120,DhnsDstpA,0.23528915255641616,0.2156517218554922,0.22547043720595417,0.39648221374067844,0.3914991601905232,0.3939906869656008,0.8052232426899125,0.814317862437261,0.7960709273779387,-0.12573157487926484,0.32192809488736235,True,increase_consistent,1891,1.0,1842.3200000000002,0.6507736189266091,ok
CHIN_209,CHIN,NC_000913.3,3796820,3804000,3800410,7180,DstpA,0.2155406215524267,0.19868866755973053,0.20711464455607861,0.3308470468252641,0.29348791536793506,0.3121674810965996,0.5918906911678542,0.6757348354618535,0.5028715337706314,-0.117450201242206,0.32192809488736235,True,increase_consistent,2556,1.0,2541.8,0.2807606409225566,ok
CHIN_209,CHIN,NC_000913.3,3796820,3804000,3800410,7180,DhnsDstpA,0.2155406215524267,0.19868866755973053,0.20711464455607861,0.350916722991368,0.3472691903807761,0.34909295668607204,0.7531816828033654,0.7606991347301982,0.7456248544167027,-0.117450201242206,0.32192809488736235,True,increase_consistent,2556,1.0,2541.8,0.5999776155956796,ok
CHIN_210,CHIN,NC_000913.3,3796820,3806500,3801660,9680,DstpA,0.17055206153920374,0.15800688771886978,0.16427947462903675,0.2601647524042132,0.23187553157280807,0.24602014198851063,0.5826241970638655,0.6632732776836435,0.49719835045156774,-0.11022474489464124,0.32192809488736235,True,increase_consistent,4656,1.0,4636.8,0.2853772495958674,ok
CHIN_210,CHIN,NC_000913.3,3796820,3806500,3801660,9680,DhnsDstpA,0.17055206153920374,0.15800688771886978,0.16427947462903675,0.26286052235344637,0.2607236301152115,0.26179207623432893,0.6722691926625426,0.6781452487521685,0.666369105652072,-0.11022474489464124,0.32192809488736235,True,increase_consistent,4656,1.0,4636.8,0.5449237192750483,ok
CHIN_211,CHIN,NC_000913.3,3796820,3807720,3802270,10900,DstpA,0.1571509227218308,0.14684453661228977,0.15199772966706027,0.23843400832079542,0.21364349201017052,0.22603875016548297,0.572520342403143,0.6495402501271523,0.49115559559870386,-0.09786115220755567,0.32192809488736235,True,increase_consistent,5995,1.0,5886.16,0.2826392748777819,ok
CHIN_211,CHIN,NC_000913.3,3796820,3807720,3802270,10900,DhnsDstpA,0.1571509227218308,0.14684453661228977,0.15199772966706027,0.22673986822256137,0.22430839634233674,0.22552413228244905,0.5692320429521329,0.5769883111251652,0.5614338497551271,-0.09786115220755567,0.32192809488736235,True,increase_consistent,5995,1.0,5886.16,0.5077796797039815,ok
CHIN_212,CHIN,NC_000913.3,3796820,3808240,3802530,11420,DstpA,0.14981613529729515,0.14020135037195183,0.1450087428346235,0.22822624828887894,0.2043598397277846,0.21629304400833177,0.5768473834156975,0.6543248399414426,0.4949718238872984,-0.0956927664130108,0.32192809488736235,True,increase_consistent,6555,1.0,6463.92,0.28827258775248166,ok
CHIN_212,CHIN,NC_000913.3,3796820,3808240,3802530,11420,DhnsDstpA,0.14981613529729515,0.14020135037195183,0.1450087428346235,0.21328340056704503,0.210782992984325,0.21203319677568502,0.5481502711398825,0.5566318023851624,0.5396185823821906,-0.0956927664130108,0.32192809488736235,True,increase_consistent,6555,1.0,6463.92,0.49202688907778164,ok
CHIN_213,CHIN,NC_000913.3,3798700,3807820,3803260,9120,DstpA,0.1908648405176536,0.1794339899869387,0.18514941525229617,0.29043288695851743,0.26057953943163237,0.2755062131950749,0.5733948615831379,0.6495148319875491,0.49303381556888226,-0.08909816201373467,0.32192809488736235,True,increase_consistent,4186,1.0,4113.2,0.2731757019788854,ok
CHIN_213,CHIN,NC_000913.3,3798700,3807820,3803260,9120,DhnsDstpA,0.1908648405176536,0.1794339899869387,0.18514941525229617,0.25917317545325647,0.254595063712173,0.25688411958271473,0.47242771335228056,0.4852264131989179,0.45951445428431936,-0.08909816201373467,0.32192809488736235,True,increase_consistent,4186,1.0,4113.2,0.48270713610795335,ok
CHIN_214,CHIN,NC_000913.3,3803270,3807830,3805550,4560,DstpA,0.3372034832898672,0.32474938909497997,0.33097643619242356,0.5194059254814748,0.4717497420658168,0.49557783377364584,0.5823831517208257,0.6501339643734779,0.5112932207412617,-0.054292627564215365,0.32192809488736235,True,increase_consistent,1081,1.0,1017.09,0.23583742447018863,ok
CHIN_214,CHIN,NC_000913.3,3803270,3807830,3805550,4560,DhnsDstpA,0.3372034832898672,0.32474938909497997,0.33097643619242356,0.37379545957918603,0.35078560917988516,0.3622905343795356,0.13041860449273976,0.17552053677734047,0.08386105481275509,-0.054292627564215365,0.32192809488736235,True,within_reference,1081,1.0,1017.09,0.3813910213184499,ok
CHIN_215,CHIN,NC_000913.3,3803910,3808030,3805970,4120,DstpA,0.3578663532337197,0.3446463888783013,0.3512563710560105,0.5519966118942004,0.4999398084286925,0.5259682101614465,0.5824512117448789,0.6521350188556796,0.5092300152279229,-0.05430400806570547,0.32192809488736235,True,increase_consistent,861,1.0,828.27,0.24187745643513725,ok
CHIN_215,CHIN,NC_000913.3,3803910,3808030,3805970,4120,DhnsDstpA,0.3578663532337197,0.3446463888783013,0.3512563710560105,0.3778847570272893,0.35305431960104844,0.36546953831416884,0.057226770305411644,0.10542193184159362,0.00736577512920164,-0.05430400806570547,0.32192809488736235,True,within_reference,861,1.0,828.27,0.3439031038827177,ok
CHIN_216,CHIN,NC_000913.3,3836700,3838100,3837400,1400,DstpA,0.8329624149866484,0.8236562999906939,0.8283093574886711,1.3508443127867285,1.2577189313513892,1.304281622069059,0.6550138195534025,0.7056198189578787,0.6025679599518424,-0.016208952683544848,0.32192809488736235,True,increase_consistent,91,1.0,91.0,0.2333034547706788,ok
CHIN_216,CHIN,NC_000913.3,3836700,3838100,3837400,1400,DhnsDstpA,0.8329624149866484,0.8236562999906939,0.8283093574886711,1.3244949827728036,1.2250833704576387,1.2747891766152213,0.6220170832055759,0.6772007866319558,0.5646383400149788,-0.016208952683544848,0.32192809488736235,True,increase_consistent,91,1.0,91.0,0.3986456368950512,ok
CHIN_217,CHIN,NC_000913.3,3842940,3844140,3843540,1200,DstpA,0.8157323930572249,0.7943092197481236,0.8050208064026743,1.2579970711725197,1.1803008068402427,1.2191489390063812,0.5987764091261869,0.644030586963949,0.5520566096327381,-0.038395194092923725,0.32192809488736235,True,increase_consistent,78,1.0,66.24000000000001,0.201510390158132,ok
CHIN_217,CHIN,NC_000913.3,3842940,3844140,3843540,1200,DhnsDstpA,0.8157323930572249,0.7943092197481236,0.8050208064026743,1.0089071397692109,0.8930153523837238,0.9509612460764674,0.24036047773394095,0.32569541788403455,0.1496589065203781,-0.038395194092923725,0.32192809488736235,True,inconsistent_or_borderline,78,1.0,66.24000000000001,0.11472387282011992,ok
CHIN_218,CHIN,NC_000913.3,3874630,3876290,3875460,1660,DstpA,0.7841556234493442,0.7798873014366744,0.7820214624430093,1.0653281882980041,1.0010371307307837,1.0331826595143938,0.4018152275064854,0.44601783231832304,0.35621538028470406,-0.00787433923950188,0.32192809488736235,True,increase_consistent,136,1.0,129.63,0.15764927180140942,ok
CHIN_218,CHIN,NC_000913.3,3874630,3876290,3875460,1660,DhnsDstpA,0.7841556234493442,0.7798873014366744,0.7820214624430093,0.8735605951662714,0.7679338813024774,0.8207472382343743,0.06972978763302547,0.1596995776138057,-0.026226101570269684,-0.00787433923950188,0.32192809488736235,False,within_reference,136,1.0,129.63,0.18903172039684588,ok
CHIN_219,CHIN,NC_000913.3,3900640,3902720,3901680,2080,DstpA,0.5453356842973264,0.5348490046038313,0.5400923444505789,0.8577321817937212,0.8210900694113054,0.8394111256025133,0.6361714859862059,0.6673211521631809,0.6043343880780108,-0.028012906080417795,0.32192809488736235,True,increase_consistent,231,1.0,206.11999999999998,0.25601588338225334,ok
CHIN_219,CHIN,NC_000913.3,3900640,3902720,3901680,2080,DhnsDstpA,0.5453356842973264,0.5348490046038313,0.5400923444505789,0.5489504547302073,0.494716455377642,0.5218334550539246,-0.04961665976640005,0.02346984640546732,-0.12660421136213681,-0.028012906080417795,0.32192809488736235,False,within_reference,231,1.0,206.11999999999998,0.34106366546765154,ok
CHIN_220,CHIN,NC_000913.3,3905540,3906960,3906250,1420,DstpA,0.791557845538629,0.7883395509942637,0.7899486982664463,1.343510018297653,1.2476481602195353,1.295579089258594,0.7137662199033801,0.7661762109659896,0.6593802797584751,-0.005877627257971577,0.32192809488736235,True,increase_consistent,105,1.0,93.96,0.3300183896979674,ok
CHIN_220,CHIN,NC_000913.3,3905540,3906960,3906250,1420,DhnsDstpA,0.791557845538629,0.7883395509942637,0.7899486982664463,0.826941792564542,0.7424550147425018,0.7846984036535218,-0.009620697948038551,0.06602682019238237,-0.0894553473665884,-0.005877627257971577,0.32192809488736235,False,within_reference,105,1.0,93.96,0.2279425787965759,ok
CHIN_221,CHIN,NC_000913.3,4061600,4065400,4063500,3800,DstpA,0.3393105100933065,0.33103009622946783,0.3351703031613872,0.5415377071323363,0.5083732464619691,0.5249554767971527,0.6473007395576865,0.6921674671266336,0.6009937806984808,-0.035643729655191546,0.32192809488736235,True,increase_consistent,703,1.0,703.0,0.20915850653201756,ok
CHIN_221,CHIN,NC_000913.3,4061600,4065400,4063500,3800,DhnsDstpA,0.3393105100933065,0.33103009622946783,0.3351703031613872,0.3189546672897586,0.2903266494569089,0.30464065837333376,-0.13778582705359016,-0.07154293894550187,-0.20721732381409957,-0.035643729655191546,0.32192809488736235,True,within_reference,703,1.0,703.0,0.4461631081225127,ok
CHIN_222,CHIN,NC_000913.3,4063250,4065170,4064210,1920,DstpA,0.5712857405027196,0.5524300652428095,0.5618579028727646,0.918302398128688,0.8456736441225743,0.8819880211256311,0.6505537510802301,0.7087640025398345,0.58989570633638,-0.04842068176852019,0.32192809488736235,True,increase_consistent,190,1.0,174.95,0.16300024059203236,ok
CHIN_222,CHIN,NC_000913.3,4063250,4065170,4064210,1920,DhnsDstpA,0.5712857405027196,0.5524300652428095,0.5618579028727646,0.5571209985664886,0.5077694027492189,0.5324452006578537,-0.07757226003810905,-0.012214616674879426,-0.14603184716743664,-0.04842068176852019,0.32192809488736235,True,within_reference,190,1.0,174.95,0.19535264016602252,ok
CHIN_223,CHIN,NC_000913.3,4063900,4065500,4064700,1600,DstpA,0.7105673831266661,0.6844930612947792,0.6975302222107227,1.1553562288793424,1.0656560911020885,1.1105061599907153,0.6708897638373879,0.7280101120465127,0.6114142944554508,-0.05393554981053364,0.32192809488736235,True,increase_consistent,120,1.0,120.0,0.20224647962167647,ok
CHIN_223,CHIN,NC_000913.3,4063900,4065500,4064700,1600,DhnsDstpA,0.7105673831266661,0.6844930612947792,0.6975302222107227,0.6879519680670152,0.6251753817933301,0.6565636749301726,-0.08732079309181165,-0.019947885295979243,-0.1579947577091345,-0.05393554981053364,0.32192809488736235,True,within_reference,120,1.0,120.0,0.2152238172187315,ok
CHIN_224,CHIN,NC_000913.3,4214840,4216080,4215460,1240,DstpA,1.0060424926789568,0.996104952361031,1.001073722519994,1.7677800265407826,1.722492344954953,1.7451361857478678,0.801791401757505,0.8203905412205503,0.7829493482424081,-0.014321580466487786,0.32192809488736235,True,increase_consistent,78,1.0,70.88,0.275102247711144,ok
CHIN_224,CHIN,NC_000913.3,4214840,4216080,4215460,1240,DhnsDstpA,1.0060424926789568,0.996104952361031,1.001073722519994,1.3027745519089882,1.1553860265051032,1.2290802892070456,0.296030939176643,0.3800392207342985,0.20682672849980535,-0.014321580466487786,0.32192809488736235,True,inconsistent_or_borderline,78,1.0,70.88,0.11444486262496126,ok
CHIN_225,CHIN,NC_000913.3,4220330,4222730,4221530,2400,DstpA,0.5531437051795095,0.527378447125401,0.5402610761524553,0.9439653003637074,0.8711741741510367,0.9075697372573721,0.7483517586431335,0.8050770831256424,0.6893044414018119,-0.06881572484883956,0.32192809488736235,True,increase_consistent,300,1.0,276.21000000000004,0.2945364824459297,ok
CHIN_225,CHIN,NC_000913.3,4220330,4222730,4221530,2400,DhnsDstpA,0.5531437051795095,0.527378447125401,0.5402610761524553,0.48065219671443155,0.44224409446479557,0.46144814558961356,-0.22748820807028416,-0.16866341746261354,-0.28881386685111754,-0.06881572484883956,0.32192809488736235,True,within_reference,300,1.0,276.21000000000004,0.4068687601125483,ok
CHIN_226,CHIN,NC_000913.3,4250240,4252640,4251440,2400,DstpA,0.6449794684246273,0.5913962806336842,0.6181878745291558,0.7475841825603016,0.7154701009678366,0.7315271417640691,0.24286603682445512,0.2741906880869958,0.21084612224625046,-0.12512806588653394,0.32192809488736235,True,within_reference,300,1.0,276.24,0.2780499636186621,ok
CHIN_226,CHIN,NC_000913.3,4250240,4252640,4251440,2400,DhnsDstpA,0.6449794684246273,0.5913962806336842,0.6181878745291558,0.5105090005929609,0.4645730197010791,0.48754101014702,-0.34252177853521665,-0.2761089597307912,-0.4121399852945718,-0.12512806588653394,0.32192809488736235,True,inconsistent_or_borderline,300,1.0,276.24,0.4621153614841022,ok
CHIN_227,CHIN,NC_000913.3,4259950,4261730,4260840,1780,DstpA,0.5663084897347951,0.5330452113833671,0.5496768505590811,0.8632715785934999,0.7976281695845281,0.830449874089014,0.5953093677410104,0.6512307694869297,0.5371326397678671,-0.08733025447258803,0.32192809488736235,True,increase_consistent,171,1.0,149.75,0.28849895306617274,ok
CHIN_227,CHIN,NC_000913.3,4259950,4261730,4260840,1780,DhnsDstpA,0.5663084897347951,0.5330452113833671,0.5496768505590811,0.6901240642299138,0.630420220026339,0.6602721421281263,0.26447705568993024,0.3282720177264162,0.19773008629542363,-0.08733025447258803,0.32192809488736235,True,inconsistent_or_borderline,171,1.0,149.75,0.19837817295933888,ok
CHIN_228,CHIN,NC_000913.3,4268140,4269400,4268770,1260,DstpA,0.7844587348228513,0.7191124976068083,0.7517856162148298,1.067299718319698,1.021160030177708,1.0442298742487028,0.4740461203593074,0.5055721516943601,0.441815756670967,-0.1254800757352789,0.32192809488736235,True,increase_consistent,78,1.0,73.2,0.1575814697660358,ok
CHIN_228,CHIN,NC_000913.3,4268140,4269400,4268770,1260,DhnsDstpA,0.7844587348228513,0.7191124976068083,0.7517856162148298,0.8127384077085823,0.7314507714243698,0.772094589566476,0.038456290564537296,0.11246976073339293,-0.03956054237742709,-0.1254800757352789,0.32192809488736235,False,within_reference,78,1.0,73.2,0.11973591395817654,ok
CHIN_229,CHIN,NC_000913.3,4281710,4283310,4282510,1600,DstpA,0.5734941930432474,0.5348079351857037,0.5541510641144756,0.8890166378297201,0.8391975754322432,0.8641071066309816,0.6409308312932271,0.6819311039999073,0.5987311946025138,-0.10075800669771087,0.32192809488736235,True,increase_consistent,136,1.0,120.08999999999999,0.2887197844874336,ok
CHIN_229,CHIN,NC_000913.3,4281710,4283310,4282510,1600,DhnsDstpA,0.5734941930432474,0.5348079351857037,0.5541510641144756,0.6364583343606189,0.5758412159645561,0.6061497751625875,0.12939500195168865,0.19978675627000803,0.05539173866288197,-0.10075800669771087,0.32192809488736235,True,within_reference,136,1.0,120.08999999999999,0.15414874958325034,ok
CHIN_230,CHIN,NC_000913.3,4310500,4312380,4311440,1880,DstpA,0.5561303260114172,0.5441082751727802,0.5501193005920987,0.8475611515147353,0.8613901967427545,0.8544756741287449,0.6352949008073532,0.6235729424876947,0.6469223848113927,-0.03152923996845268,0.32192809488736235,True,increase_consistent,171,1.0,167.40000000000003,0.24129313487824688,ok
CHIN_230,CHIN,NC_000913.3,4310500,4312380,4311440,1880,DhnsDstpA,0.5561303260114172,0.5441082751727802,0.5501193005920987,0.6142607229765117,0.5527858832932278,0.5835233031348697,0.08504575150960204,0.15910661760274888,0.00697625360999591,-0.03152923996845268,0.32192809488736235,True,within_reference,171,1.0,167.40000000000003,0.22563075355893603,ok
CHIN_231,CHIN,NC_000913.3,4336710,4338650,4337680,1940,DstpA,0.5079740666743423,0.48351232808478445,0.4957431973795634,0.6978488123915482,0.6755396172835935,0.6866942148375708,0.4700748336220969,0.4933215373357601,0.4464474036091043,-0.071202171266911,0.32192809488736235,True,increase_consistent,190,1.0,178.65,0.1871051726689558,ok
CHIN_231,CHIN,NC_000913.3,4336710,4338650,4337680,1940,DhnsDstpA,0.5079740666743423,0.48351232808478445,0.4957431973795634,0.6898450847999775,0.6187900470279359,0.6543175659139567,0.40039802620672466,0.47667944332630663,0.31985701600899114,-0.071202171266911,0.32192809488736235,True,inconsistent_or_borderline,190,1.0,178.65,0.26736326180769726,ok
CHIN_232,CHIN,NC_000913.3,4359540,4361040,4360290,1500,DstpA,0.7385722889516435,0.6833544876985748,0.7109633883251092,1.0189274003065865,0.9687005584416696,0.9938139793741281,0.48320056661255995,0.519204087522998,0.446275504437837,-0.11210496840761637,0.32192809488736235,True,increase_consistent,120,1.0,105.24000000000001,0.09087152976163239,ok
CHIN_232,CHIN,NC_000913.3,4359540,4361040,4360290,1500,DhnsDstpA,0.7385722889516435,0.6833544876985748,0.7109633883251092,0.744608486362909,0.6908648356976548,0.7177366610302819,0.013679344600201572,0.06670678986674564,-0.04137178688599869,-0.11210496840761637,0.32192809488736235,False,within_reference,120,1.0,105.24000000000001,0.19573020748558678,ok
CHIN_233,CHIN,NC_000913.3,4383690,4384710,4384200,1020,DstpA,0.8697971443149783,0.8265199452068857,0.848158544760932,1.257854279641825,1.1887477787092273,1.2233010291755262,0.5283735895593354,0.5685589225246327,0.48703676975715976,-0.07362933780376811,0.32192809488736235,True,increase_consistent,66,1.0,47.01,0.11922120697542747,ok
CHIN_233,CHIN,NC_000913.3,4383690,4384710,4384200,1020,DhnsDstpA,0.8697971443149783,0.8265199452068857,0.848158544760932,0.9544529037641621,0.8468284961497865,0.9006406999569743,0.08661770414514203,0.17034004107444584,-0.0022641529203113963,-0.07362933780376811,0.32192809488736235,False,within_reference,66,1.0,47.01,0.16742847184591714,ok
CHIN_234,CHIN,NC_000913.3,4409780,4412680,4411230,2900,DstpA,0.38965217400790186,0.3833314004826169,0.38649178724525934,0.5790667226787539,0.5639949136768405,0.5715308181777972,0.5643935358371507,0.583291833683096,0.5452443939668337,-0.023594684739187577,0.32192809488736235,True,increase_consistent,435,1.0,406.16,0.21258885475458275,ok
CHIN_234,CHIN,NC_000913.3,4409780,4412680,4411230,2900,DhnsDstpA,0.38965217400790186,0.3833314004826169,0.38649178724525934,0.4553047401785795,0.4092366732921109,0.4322707067353452,0.16149731591074704,0.2363947213994465,0.08249767846095718,-0.023594684739187577,0.32192809488736235,True,within_reference,435,1.0,406.16,0.19675227840388282,ok
CHIN_235,CHIN,NC_000913.3,4426690,4427830,4427260,1140,DstpA,0.7700833643311937,0.7254802924625535,0.7477818283968736,1.1681719230139735,1.0574254233527367,1.112798673183355,0.5735032865623092,0.6435632968942014,0.49986660024810714,-0.08607820697702076,0.32192809488736235,True,increase_consistent,78,1.0,59.43000000000001,0.07972782876179123,ok
CHIN_235,CHIN,NC_000913.3,4426690,4427830,4427260,1140,DhnsDstpA,0.7700833643311937,0.7254802924625535,0.7477818283968736,0.8848677595339849,0.7974620792314586,0.8411649193827218,0.16977127085293534,0.24284445229699128,0.0927985045833216,-0.08607820697702076,0.32192809488736235,True,within_reference,78,1.0,59.43000000000001,0.07869873924041841,ok
CHIN_236,CHIN,NC_000913.3,4475240,4477300,4476270,2060,DstpA,0.4516855769403426,0.40975905530486667,0.43072231612260464,0.7276680607929605,0.6648586102383267,0.6962633355156436,0.6928749817381352,0.7565224156472493,0.6262894948033727,-0.1405430149634695,0.32192809488736235,True,increase_consistent,210,1.0,202.0,0.31829353524712367,ok
CHIN_236,CHIN,NC_000913.3,4475240,4477300,4476270,2060,DhnsDstpA,0.4516855769403426,0.40975905530486667,0.43072231612260464,0.5325030653433191,0.49429718090571684,0.513400123124518,0.2533255690189531,0.30603175732365273,0.19862060558442646,-0.1405430149634695,0.32192809488736235,True,within_reference,210,1.0,202.0,0.1696104079672721,ok
CHIN_237,CHIN,NC_000913.3,4479470,4480810,4480140,1340,DstpA,0.6305814755049485,0.5890485070387104,0.6098149912718294,0.9204262041473481,0.853134123002881,0.8867801635751146,0.5402048818516202,0.5939304400633374,0.4844009514789162,-0.09829634663755735,0.32192809488736235,True,increase_consistent,105,1.0,83.23,0.20379865128796612,ok
CHIN_237,CHIN,NC_000913.3,4479470,4480810,4480140,1340,DhnsDstpA,0.6305814755049485,0.5890485070387104,0.6098149912718294,0.8494248905114068,0.7776667824050605,0.8135458364582336,0.4158520149014377,0.478114767276258,0.3507804991963259,-0.09829634663755735,0.32192809488736235,True,increase_consistent,105,1.0,83.23,0.18195565166613534,ok
CHIN_238,CHIN,NC_000913.3,4495410,4497470,4496440,2060,DstpA,0.5814950739926028,0.5635603961326849,0.5725277350626439,0.8407946258337756,0.8024312118493364,0.821612918841556,0.5211132827858536,0.5544078643197925,0.48703213934536077,-0.04519673959217267,0.32192809488736235,True,increase_consistent,210,1.0,202.02999999999997,0.12849503962890016,ok
CHIN_238,CHIN,NC_000913.3,4495410,4497470,4496440,2060,DhnsDstpA,0.5814950739926028,0.5635603961326849,0.5725277350626439,0.6900390178279648,0.6205726032714775,0.6553058105497211,0.1948227404241684,0.26933235685858714,0.11625442326002522,-0.04519673959217267,0.32192809488736235,True,within_reference,210,1.0,202.02999999999997,0.12051032208330736,ok
CHIN_239,CHIN,NC_000913.3,4503670,4504910,4504290,1240,DstpA,0.732260523089666,0.6989759609122137,0.7156182420009398,1.0725779800044541,1.034132900046529,1.0533554400254914,0.5577302666663275,0.5838204712238807,0.5311595343018733,-0.06711418129920797,0.32192809488736235,True,increase_consistent,91,1.0,70.83,0.10728055982769714,ok
CHIN_239,CHIN,NC_000913.3,4503670,4504910,4504290,1240,DhnsDstpA,0.732260523089666,0.6989759609122137,0.7156182420009398,1.0289153851096398,0.9298637427277069,0.9793895639186734,0.45269265924976876,0.5238622751658575,0.377829162919972,-0.06711418129920797,0.32192809488736235,True,increase_consistent,91,1.0,70.83,0.2776973239143283,ok
CHIN_240,CHIN,NC_000913.3,4503670,4505470,4504570,1800,DstpA,0.5277734665552317,0.49936208938567644,0.513567777970454,0.7962848406731714,0.7506161337275471,0.7734504872003592,0.5907542514216434,0.6327299040747526,0.5475206114137476,-0.07983252321889027,0.32192809488736235,True,increase_consistent,171,1.0,153.20999999999998,0.20412534023564127,ok
CHIN_240,CHIN,NC_000913.3,4503670,4505470,4504570,1800,DhnsDstpA,0.5277734665552317,0.49936208938567644,0.513567777970454,0.7310760570542323,0.6673108016417161,0.6991934293479742,0.4451369388116088,0.5094668154875946,0.3778041682873862,-0.07983252321889027,0.32192809488736235,True,increase_consistent,171,1.0,153.20999999999998,0.32524171554479003,ok
CHIN_241,CHIN,NC_000913.3,4524820,4526100,4525460,1280,DstpA,0.7281633662454114,0.7028741719073088,0.7155187690763601,1.0555214543023674,1.0279343253070559,1.0417278898047115,0.5419169633202172,0.5608943863860578,0.5226865772270807,-0.05099571885380783,0.32192809488736235,True,increase_consistent,78,1.0,75.6,0.17223324250733762,ok
CHIN_241,CHIN,NC_000913.3,4524820,4526100,4525460,1280,DhnsDstpA,0.7281633662454114,0.7028741719073088,0.7155187690763601,0.8651992395919349,0.7851782303214783,0.8251887349567066,0.2057345150497848,0.27404278594777914,0.1340305621200033,-0.05099571885380783,0.32192809488736235,True,within_reference,78,1.0,75.6,0.10287349713618435,ok
CHIN_242,CHIN,NC_000913.3,4537470,4539730,4538600,2260,DstpA,0.48149214317519884,0.4630719574500838,0.4722820503126413,0.6699715397002012,0.6540594659867688,0.662015502843485,0.48721629689919443,0.5044511063351348,0.46977310404552913,-0.056275863390210915,0.32192809488736235,True,increase_consistent,276,1.0,244.29000000000002,0.15148367221838113,ok
CHIN_242,CHIN,NC_000913.3,4537470,4539730,4538600,2260,DhnsDstpA,0.48149214317519884,0.4630719574500838,0.4722820503126413,0.6426795480840026,0.5888639794495384,0.6157717637667706,0.38274700902582537,0.4444508573416784,0.31828572215548695,-0.056275863390210915,0.32192809488736235,True,inconsistent_or_borderline,276,1.0,244.29000000000002,0.2114060550760779,ok
CHIN_243,CHIN,NC_000913.3,4537470,4542770,4540120,5300,DstpA,0.21225532151715643,0.20368469182360727,0.20797000667038185,0.2916609237680336,0.2834043120689048,0.2875326179184692,0.4673501471450807,0.4879166307517542,0.4464862307797713,-0.059463167636427165,0.32192809488736235,True,increase_consistent,1431,1.0,1378.21,0.20604218555774192,ok
CHIN_243,CHIN,NC_000913.3,4537470,4542770,4540120,5300,DhnsDstpA,0.21225532151715643,0.20368469182360727,0.20797000667038185,0.3248418108884064,0.3070856736467036,0.31596374226755497,0.6033835359507879,0.6433618573527556,0.5622657297543123,-0.059463167636427165,0.32192809488736235,True,increase_consistent,1431,1.0,1378.21,0.46460297177820625,ok
CHIN_244,CHIN,NC_000913.3,4540460,4542540,4541500,2080,DstpA,0.4323605263531989,0.4082984405963295,0.4203294834747642,0.6088450583175756,0.5826594193368793,0.5957522388272274,0.5031918120100546,0.5345544751499179,0.47113217831046444,-0.0826107564024049,0.32192809488736235,True,increase_consistent,231,1.0,206.15999999999997,0.16719664769432258,ok
CHIN_244,CHIN,NC_000913.3,4540460,4542540,4541500,2080,DhnsDstpA,0.4323605263531989,0.4082984405963295,0.4203294834747642,0.7067411869191874,0.6669886507517466,0.686864918835467,0.708505745640886,0.749661331684098,0.6661415571785568,-0.0826107564024049,0.32192809488736235,True,increase_consistent,231,1.0,206.15999999999997,0.5120957798640614,ok
CHIN_245,CHIN,NC_000913.3,4544360,4546580,4545470,2220,DstpA,0.46320484122185474,0.44975927636962454,0.45648205879573966,0.6887672457055685,0.6836382262309083,0.6862027359682383,0.5880767192995708,0.5934583782738069,0.5826749100313801,-0.042497294206664836,0.32192809488736235,True,increase_consistent,253,1.0,235.52000000000004,0.21545792935666253,ok
CHIN_245,CHIN,NC_000913.3,4544360,4546580,4545470,2220,DhnsDstpA,0.46320484122185474,0.44975927636962454,0.45648205879573966,0.5064557256384589,0.46829335018739343,0.4873745379129262,0.09447272298642334,0.1498779953361924,0.036854392971516284,-0.042497294206664836,0.32192809488736235,True,within_reference,253,1.0,235.52000000000004,0.21834883632780405,ok
CHIN_246,CHIN,NC_000913.3,4555270,4556750,4556010,1480,DstpA,0.5743038801100555,0.5254251148458889,0.5498644974779723,0.8457259969739402,0.8101456869843097,0.827935841979125,0.5904428347656484,0.6211141860251046,0.5591052278448343,-0.12832914724902447,0.32192809488736235,True,increase_consistent,120,1.0,102.35,0.25380998662492205,ok
CHIN_246,CHIN,NC_000913.3,4555270,4556750,4556010,1480,DhnsDstpA,0.5743038801100555,0.5254251148458889,0.5498644974779723,0.6945507701888541,0.6233292134213897,0.658939991805122,0.2610709475624635,0.3370040153758747,0.18091818814290203,-0.12832914724902447,0.32192809488736235,True,inconsistent_or_borderline,120,1.0,102.35,0.12692225312145156,ok
CHIN_247,CHIN,NC_000913.3,4576950,4579290,4578120,2340,DstpA,0.4405912887191381,0.421945509289323,0.43126839900423053,0.6779996487856252,0.6458677200911241,0.6619336844383747,0.6181006813237018,0.6526985189009586,0.5826527102579889,-0.062384271607957,0.32192809488736235,True,increase_consistent,276,1.0,262.25,0.2521824666658723,ok
CHIN_247,CHIN,NC_000913.3,4576950,4579290,4578120,2340,DhnsDstpA,0.4405912887191381,0.421945509289323,0.43126839900423053,0.5052525433691288,0.4621408198497571,0.48369668160944296,0.16551663311743747,0.22841867182167894,0.0997465179888859,-0.062384271607957,0.32192809488736235,True,within_reference,276,1.0,262.25,0.1836774520694169,ok
CHIN_248,CHIN,NC_000913.3,4594330,4596410,4595370,2080,DstpA,0.5274877352833918,0.5217651832153154,0.5246264592493536,0.7534331928494097,0.7704176758245389,0.7619254343369743,0.5383592446224534,0.5221890223104245,0.5543502325848466,-0.015736871833176007,0.32192809488736235,True,increase_consistent,231,1.0,206.07,0.16517705550924006,ok
CHIN_248,CHIN,NC_000913.3,4594330,4596410,4595370,2080,DhnsDstpA,0.5274877352833918,0.5217651832153154,0.5246264592493536,0.6013031422580467,0.5424770435819829,0.5718900929200148,0.12444734240116942,0.19680192673747407,0.048271516238542526,-0.015736871833176007,0.32192809488736235,True,within_reference,231,1.0,206.07,0.2462205703647929,ok
CHIN_249,CHIN,NC_000913.3,4602820,4604820,4603820,2000,DstpA,0.4781476779641849,0.4505905285709783,0.46436910326758163,0.7454898370191656,0.7355095548949021,0.7404996959570338,0.6732271572690047,0.6829166990404877,0.6634720975511404,-0.08563928119988648,0.32192809488736235,True,increase_consistent,210,1.0,190.16,0.24572864159882463,ok
CHIN_249,CHIN,NC_000913.3,4602820,4604820,4603820,2000,DhnsDstpA,0.4781476779641849,0.4505905285709783,0.46436910326758163,0.7015312456760555,0.6320981760885446,0.6668147108823,0.5220139466961724,0.595235375945606,0.4448766661169629,-0.08563928119988648,0.32192809488736235,True,increase_consistent,210,1.0,190.16,0.2275552653422779,ok
CHIN_250,CHIN,NC_000913.3,4616400,4617480,4616940,1080,DstpA,1.1109322046123022,1.106527635665997,1.1087299201391496,1.8869944355960162,1.8766156130241896,1.8818050243101028,0.7632091801776779,0.7671821921346693,0.7592251967934588,-0.005731294896723897,0.32192809488736235,True,increase_consistent,55,1.0,53.0,0.23148436798168165,ok
CHIN_250,CHIN,NC_000913.3,4616400,4617480,4616940,1080,DhnsDstpA,1.1109322046123022,1.106527635665997,1.1087299201391496,1.463159213932055,1.262655710906915,1.362907462419485,0.2977796339716646,0.4001787885734837,0.18755333565753163,-0.005731294896723897,0.32192809488736235,True,inconsistent_or_borderline,55,1.0,53.0,0.06086717181322023,ok
CHID_1,CHID,NC_000913.3,149900,157060,153480,7160,DstpA,0.16289645186873766,0.15552288747546908,0.15920966967210337,0.26983166206583864,0.24929989687744708,0.25956577947164283,0.7051722331422066,0.7611316828688681,0.6469543247750456,-0.06682827039482143,0.32192809488736235,True,increase_consistent,2556,1.0,2527.6,0.2679458505504025,ok
CHID_1,CHID,NC_000913.3,149900,157060,153480,7160,DhnsDstpA,0.16289645186873766,0.15552288747546908,0.15920966967210337,0.21797850247067807,0.20602598533692837,0.21200224390380323,0.4131515735582218,0.4532578989080162,0.3718983496783663,-0.06682827039482143,0.32192809488736235,True,increase_consistent,2556,1.0,2527.6,0.30601830434144334,ok
CHID_2,CHID,NC_000913.3,310750,320090,315420,9340,DstpA,0.11711181414958607,0.11197815535516574,0.1145449847523759,0.15305324693688976,0.14885119864658622,0.15095222279173798,0.3981777079463954,0.41811935819812523,0.3779565462011299,-0.06466930167037971,0.32192809488736235,True,increase_consistent,3570,0.8156306123631307,4315.25,0.2381265895424986,ok
CHID_2,CHID,NC_000913.3,310750,320090,315420,9340,DhnsDstpA,0.11711181414958607,0.11197815535516574,0.1145449847523759,0.15586485722952445,0.14331996420598742,0.14959241071775592,0.38512269179399183,0.444381388040614,0.3233252954101033,-0.06466930167037971,0.32192809488736235,True,increase_consistent,3570,0.8156306123631307,4315.25,0.27106710304300224,ok
CHID_3,CHID,NC_000913.3,558100,572380,565240,14280,DstpA,0.07241251822860696,0.07015359175320068,0.07128305499090382,0.10311587190036219,0.10155811558737962,0.1023369937438709,0.52169668526645,0.5326353405488832,0.5106744579723189,-0.04572215362508838,0.32192809488736235,True,increase_consistent,8778,0.8643897042846137,10124.6,0.2697497122965521,ok
CHID_3,CHID,NC_000913.3,558100,572380,565240,14280,DhnsDstpA,0.07241251822860696,0.07015359175320068,0.07128305499090382,0.14341150121669272,0.1378069568063683,0.1406092290115305,0.980060216945299,1.0085296557994092,0.9510176472418396,-0.04572215362508838,0.32192809488736235,True,increase_consistent,8778,0.8643897042846137,10124.6,0.5922115569302788,ok
CHID_4,CHID,NC_000913.3,574340,585760,580050,11420,DstpA,0.08098265658580046,0.07920802933961132,0.0800953429627059,0.13697380966066597,0.13339827766232154,0.13518604366149375,0.7551559517397206,0.7741097996905827,0.7359497730564878,-0.031966286397262435,0.32192809488736235,True,increase_consistent,5460,0.8318368306734572,6463.96,0.32557401123182617,ok
CHID_4,CHID,NC_000913.3,574340,585760,580050,11420,DhnsDstpA,0.08098265658580046,0.07920802933961132,0.0800953429627059,0.14953356823152714,0.1406794847078,0.14510652646966357,0.8573221424933174,0.9006791193960719,0.8126216890664699,-0.031966286397262435,0.32192809488736235,True,increase_consistent,5460,0.8318368306734572,6463.96,0.45459192246322006,ok
CHID_5,CHID,NC_000913.3,872940,876560,874750,3620,DstpA,0.2968723221474636,0.28782085368466565,0.2923465879160646,0.3567464964136876,0.350178560691294,0.35346252855249083,0.27387752623432854,0.2872195079538364,0.2604110058170246,-0.04467147051522653,0.32192809488736235,True,within_reference,666,1.0,637.36,0.19932434918625558,ok
CHID_5,CHID,NC_000913.3,872940,876560,874750,3620,DhnsDstpA,0.2968723221474636,0.28782085368466565,0.2923465879160646,0.47790541245139273,0.45119736820470585,0.46455139032804926,0.6681584483020037,0.7090453535254518,0.6260788994518103,-0.04467147051522653,0.32192809488736235,True,increase_consistent,666,1.0,637.36,0.45826065530223303,ok
CHID_6,CHID,NC_000913.3,1085960,1104240,1095100,18280,DstpA,0.05923433621862266,0.05729514695231577,0.05826474158546922,0.07521462190118063,0.07292292236018198,0.0740687721306813,0.3462423084370601,0.36839003971308754,0.32374926522827796,-0.04802075759309718,0.32192809488736235,True,increase_consistent,14706,0.8726827612603177,16616.760000000002,0.27668577229849883,ok
CHID_6,CHID,NC_000913.3,1085960,1104240,1095100,18280,DhnsDstpA,0.05923433621862266,0.05729514695231577,0.05826474158546922,0.09538417671266908,0.08976094647912501,0.09257256159589705,0.6679615308445085,0.7111268445067632,0.6234647756435853,-0.04802075759309718,0.32192809488736235,True,increase_consistent,14706,0.8726827612603177,16616.760000000002,0.381517267111714,ok
CHID_7,CHID,NC_000913.3,1207850,1221040,1214445,13190,DstpA,0.08323257921473916,0.0792455185467201,0.08123904888072964,0.10549685876664015,0.10231078643162314,0.10390382259913164,0.35500347739595445,0.37695478818594425,0.3327129994352168,-0.07081899314562654,0.32192809488736235,True,increase_consistent,8778,1.0,8633.1,0.27012225253168787,ok
CHID_7,CHID,NC_000913.3,1207850,1221040,1214445,13190,DhnsDstpA,0.08323257921473916,0.0792455185467201,0.08123904888072964,0.1578161935985275,0.1525588288906667,0.1551875112445971,0.9337672066764583,0.9579999943456896,0.9091204197772231,-0.07081899314562654,0.32192809488736235,True,increase_consistent,8778,1.0,8633.1,0.6232578513725825,ok
CHID_8,CHID,NC_000913.3,1543310,1546830,1545070,3520,DstpA,0.22473868730927798,0.2122835927596058,0.2185111400344419,0.2700175138944548,0.2647509224963626,0.2673842181954087,0.2912074834150712,0.30534615407958565,0.27692887872758126,-0.08225562577296448,0.32192809488736235,True,within_reference,630,1.0,602.07,0.17577472536990496,ok
CHID_8,CHID,NC_000913.3,1543310,1546830,1545070,3520,DhnsDstpA,0.22473868730927798,0.2122835927596058,0.2185111400344419,0.5293048383993804,0.49364937540738757,0.511477106903384,1.2269628357149,1.2763920093576024,1.175779869390821,-0.08225562577296448,0.32192809488736235,True,increase_consistent,630,1.0,602.07,0.7928896022550299,ok
CHID_9,CHID,NC_000913.3,1586640,1590260,1588450,3620,DstpA,0.27657086950807125,0.2643278964640108,0.27044938298604104,0.2915393967047948,0.2890181023080089,0.29027874950640187,0.10208035409681417,0.10833224678680493,0.09580125098505525,-0.06532051794916485,0.32192809488736235,True,within_reference,666,1.0,637.36,0.2503667939006734,ok
CHID_9,CHID,NC_000913.3,1586640,1590260,1588450,3620,DhnsDstpA,0.27657086950807125,0.2643278964640108,0.27044938298604104,0.4804624472720215,0.44660155331040047,0.463532000291211,0.7773103337867114,0.8290650689389167,0.7236296628865909,-0.06532051794916485,0.32192809488736235,True,increase_consistent,666,1.0,637.36,0.4501088761611375,ok
CHID_10,CHID,NC_000913.3,1770410,1779620,1775015,9210,DstpA,0.10909506857037816,0.10589308085419123,0.1074940747122847,0.11971727553949423,0.1205847180531569,0.12015099679632557,0.16059147962015088,0.1553742144754385,0.16578994536318112,-0.04297756345846972,0.32192809488736235,True,within_reference,4278,1.0,4195.28,0.23074971550336823,ok
CHID_10,CHID,NC_000913.3,1770410,1779620,1775015,9210,DhnsDstpA,0.10909506857037816,0.10589308085419123,0.1074940747122847,0.1524571850738489,0.14018135085794495,0.14631926796589692,0.44486262464642734,0.504147006180233,0.38303729420576854,-0.04297756345846972,0.32192809488736235,True,increase_consistent,4278,1.0,4195.28,0.22634729718370916,ok
CHID_11,CHID,NC_000913.3,2101300,2110960,2106130,9660,DstpA,0.16994709822127393,0.1583816827963358,0.16416439050880488,0.20310282799497095,0.18403178372761256,0.19356730586129176,0.2376940765136003,0.30706910694067785,0.16481373165567487,-0.10168023456336235,0.32192809488736235,True,within_reference,3828,0.8214656964656963,4617.6,0.22133032301989658,ok
CHID_11,CHID,NC_000913.3,2101300,2110960,2106130,9660,DhnsDstpA,0.16994709822127393,0.1583816827963358,0.16416439050880488,0.3061769843052101,0.3007180079109729,0.3034474961080915,0.886305695436171,0.8992246169233883,0.8732700426190393,-0.10168023456336235,0.32192809488736235,True,increase_consistent,3828,0.8214656964656963,4617.6,0.5344544876251085,ok
CHID_12,CHID,NC_000913.3,2187180,2192430,2189805,5250,DstpA,0.21180159591265443,0.20291759262617684,0.20735959426941564,0.27350946007185384,0.274046273454038,0.2737778667629459,0.40087101790695634,0.399455932944309,0.40228471622631695,-0.061819510156904775,0.32192809488736235,True,increase_consistent,1431,1.0,1352.06,0.2472460098968487,ok
CHID_12,CHID,NC_000913.3,2187180,2192430,2189805,5250,DhnsDstpA,0.21180159591265443,0.20291759262617684,0.20735959426941564,0.275361079152977,0.24930003196816453,0.2623305555605707,0.3392510581592075,0.40918985600566193,0.26574826734298534,-0.061819510156904775,0.32192809488736235,True,inconsistent_or_borderline,1431,1.0,1352.06,0.3141741892595516,ok
CHID_13,CHID,NC_000913.3,2382590,2389020,2385805,6430,DstpA,0.1634377810834147,0.15696509879754406,0.16020143994047936,0.21576099871394294,0.2217922987395758,0.21877664872675937,0.4495716441214269,0.42954698944697955,0.46932215669010174,-0.05829771112087619,0.32192809488736235,True,increase_consistent,2145,1.0,2035.2199999999998,0.2415519414293414,ok
CHID_13,CHID,NC_000913.3,2382590,2389020,2385805,6430,DhnsDstpA,0.1634377810834147,0.15696509879754406,0.16020143994047936,0.33110391586408383,0.31444576967247617,0.32277484276828,1.0106410234310579,1.047396957948291,0.9729241115388189,-0.05829771112087619,0.32192809488736235,True,increase_consistent,2145,1.0,2035.2199999999998,0.7633064740968428,ok
CHID_14,CHID,NC_000913.3,2480590,2492350,2486470,11760,DstpA,0.09989183563193002,0.09648334337635103,0.09818758950414053,0.1174784159915099,0.11628596817230706,0.11688219208190848,0.25144255008805283,0.2587831278450294,0.2440644316394691,-0.05008686745729039,0.32192809488736235,True,within_reference,7021,1.0,6856.25,0.2664795349795009,ok
CHID_14,CHID,NC_000913.3,2480590,2492350,2486470,11760,DhnsDstpA,0.09989183563193002,0.09648334337635103,0.09818758950414053,0.16849208630495105,0.16233647643627366,0.16541428137061237,0.7524712072020441,0.7790682422239602,0.7253746141943237,-0.05008686745729039,0.32192809488736235,True,increase_consistent,7021,1.0,6856.25,0.43096115750569464,ok
CHID_15,CHID,NC_000913.3,2757490,2761220,2759355,3730,DstpA,0.2738375007917359,0.26329416955797225,0.2685658351748541,0.42150368666699844,0.3937672174076908,0.40763545203734464,0.6020037399191721,0.6502694615381183,0.5520672183203853,-0.05664445621227157,0.32192809488736235,True,increase_consistent,741,1.0,677.12,0.2289859254801419,ok
CHID_15,CHID,NC_000913.3,2757490,2761220,2759355,3730,DhnsDstpA,0.2738375007917359,0.26329416955797225,0.2685658351748541,0.3309663225234971,0.30480972883538404,0.3178880256794406,0.2432428853780923,0.3014086349088952,0.18263316295522353,-0.05664445621227157,0.32192809488736235,True,within_reference,741,1.0,677.12,0.19767823079264593,ok
CHID_16,CHID,NC_000913.3,2780610,2788810,2784710,8200,DstpA,0.12564706810372667,0.1189097263813676,0.12227839724254713,0.1801295106823712,0.16626362252406476,0.17319656660321797,0.5022407833798557,0.5588650104392511,0.44330300277984963,-0.07951028012302748,0.32192809488736235,True,increase_consistent,3403,1.0,3321.0899999999997,0.23717896054323884,ok
CHID_16,CHID,NC_000913.3,2780610,2788810,2784710,8200,DhnsDstpA,0.12564706810372667,0.1189097263813676,0.12227839724254713,0.23454722413827883,0.22570914503331016,0.23012818458579448,0.9122681387639895,0.9397088792533544,0.8842953258202326,-0.07951028012302748,0.32192809488736235,True,increase_consistent,3403,1.0,3321.0899999999997,0.7541052829577353,ok
CHID_17,CHID,NC_000913.3,2986150,2998700,2992425,12550,DstpA,0.10430479009573257,0.09693373853347051,0.10061926431460154,0.13743927092060662,0.12800242673330783,0.13272084882695723,0.39948847190893527,0.4498877420891958,0.3472646154104245,-0.10573461447253563,0.32192809488736235,True,increase_consistent,6555,0.831744,7812.5,0.27755948895615534,ok
CHID_17,CHID,NC_000913.3,2986150,2998700,2992425,12550,DhnsDstpA,0.10430479009573257,0.09693373853347051,0.10061926431460154,0.1623111723308191,0.15763623188021164,0.15997370210551537,0.6689282152110161,0.6898557616281783,0.6476926225709472,-0.10573461447253563,0.32192809488736235,True,increase_consistent,6555,0.831744,7812.5,0.5632111529864533,ok
CHID_18,CHID,NC_000913.3,3183500,3193050,3188275,9550,DstpA,0.14588170705860493,0.14028552549096857,0.14308361627478675,0.17707654807844375,0.1714623299154903,0.174269438996967,0.28446110504446726,0.3075146686220518,0.2610331663296074,-0.05643282589666491,0.32192809488736235,True,within_reference,3570,0.7818282548476454,4512.5,0.2929073195263654,ok
CHID_18,CHID,NC_000913.3,3183500,3193050,3188275,9550,DhnsDstpA,0.14588170705860493,0.14028552549096857,0.14308361627478675,0.19499438600110464,0.18428088145981525,0.18963763373045994,0.40638681018603495,0.4465741021908441,0.3650479174549156,-0.05643282589666491,0.32192809488736235,True,increase_consistent,3570,0.7818282548476454,4512.5,0.35013587319703415,ok
CHID_19,CHID,NC_000913.3,3631260,3635950,3633605,4690,DstpA,0.27630581341759297,0.2555761092083611,0.26594096131297706,0.42239291287288033,0.3896517280658585,0.4060223204693694,0.6104530354986795,0.6674796245222289,0.5510792104692189,-0.11251293440801811,0.32192809488736235,True,increase_consistent,1128,1.0,1076.6,0.2568249662860204,ok
CHID_19,CHID,NC_000913.3,3631260,3635950,3633605,4690,DhnsDstpA,0.27630581341759297,0.2555761092083611,0.26594096131297706,0.5969223638457724,0.5854017193076747,0.5911620415767236,1.1524476331400957,1.1664373016386733,1.1383209788134934,-0.11251293440801811,0.32192809488736235,True,increase_consistent,1128,1.0,1076.6,0.9953910754020919,ok
CHID_20,CHID,NC_000913.3,3650910,3658770,3654840,7860,DstpA,0.16873074872689692,0.16048311826012265,0.1646069334935098,0.2453775041010162,0.23013885611267204,0.23775818010684413,0.5304698725440317,0.5759778850671289,0.4834794798831482,-0.0723013642324087,0.32192809488736235,True,increase_consistent,2415,0.782807566323369,3049.83,0.2520033772814392,ok
CHID_20,CHID,NC_000913.3,3650910,3658770,3654840,7860,DhnsDstpA,0.16873074872689692,0.16048311826012265,0.1646069334935098,0.4660365210126826,0.45675058927868917,0.4613935551456859,1.4869727467150455,1.5014179107534649,1.472381484612012,-0.0723013642324087,0.32192809488736235,True,increase_consistent,2415,0.782807566323369,3049.83,0.9054232148439915,ok
CHID_21,CHID,NC_000913.3,3765970,3769680,3767825,3710,DstpA,0.2777982247663778,0.2610408946602917,0.26941955971333476,0.41010923104962005,0.37910038183342476,0.3946048064415224,0.5505539352838997,0.6061536238279887,0.49272531612832443,-0.08976154292166919,0.32192809488736235,True,increase_consistent,703,1.0,669.84,0.23192062529660495,ok
CHID_21,CHID,NC_000913.3,3765970,3769680,3767825,3710,DhnsDstpA,0.2777982247663778,0.2610408946602917,0.26941955971333476,0.4614688103899999,0.43697371009618136,0.4492212602430906,0.7375716141402863,0.7763785492669089,0.6976918911580074,-0.08976154292166919,0.32192809488736235,True,increase_consistent,703,1.0,669.84,0.48909210491934785,ok
CHID_22,CHID,NC_000913.3,3797060,3808210,3802635,11150,DstpA,0.15460757800665784,0.14471709509582265,0.14966233655124023,0.2354962174895025,0.21086274042581937,0.22317947895766094,0.5764931754855304,0.6539926836590112,0.49459298858290085,-0.09537567974592008,0.32192809488736235,True,increase_consistent,6328,1.0,6160.540000000001,0.2860763576575481,ok
CHID_22,CHID,NC_000913.3,3797060,3808210,3802635,11150,DhnsDstpA,0.15460757800665784,0.14471709509582265,0.14966233655124023,0.21853606305688114,0.2156576249213845,0.21709684398913282,0.5366275491759906,0.5461601704841229,0.527031521792742,-0.09537567974592008,0.32192809488736235,True,increase_consistent,6328,1.0,6160.540000000001,0.486362805150936,ok
CHID_23,CHID,NC_000913.3,4061010,4065490,4063250,4480,DstpA,0.291496343267773,0.2838727600513812,0.28768455165957707,0.4687709509656281,0.44068168273842734,0.4547263168520277,0.6605107490603366,0.7043954188389813,0.6152491791320429,-0.03823336823779393,0.32192809488736235,True,increase_consistent,990,1.0,981.21,0.2391591068888676,ok
CHID_23,CHID,NC_000913.3,4061010,4065490,4063250,4480,DhnsDstpA,0.291496343267773,0.2838727600513812,0.28768455165957707,0.27224602057007297,0.24781221071938792,0.2600291156447304,-0.14581458015177431,-0.07957679086752247,-0.21524047533339855,-0.03823336823779393,0.32192809488736235,True,within_reference,990,1.0,981.21,0.45665111478514026,ok
CHID_24,CHID,NC_000913.3,4503590,4507480,4505535,3890,DstpA,0.307097578342008,0.2932130877563092,0.30015533304915865,0.445432986288198,0.42742695595080077,0.4364299711194994,0.540040878337088,0.5694990985826952,0.5099685938748654,-0.06674763526118672,0.32192809488736235,True,increase_consistent,780,1.0,737.28,0.22034260476448514,ok
CHID_24,CHID,NC_000913.3,4503590,4507480,4505535,3890,DhnsDstpA,0.307097578342008,0.2932130877563092,0.30015533304915865,0.43330219613663856,0.4042833543302449,0.4187927752334417,0.4805272524919095,0.5296642472777296,0.4296575028871999,-0.06674763526118672,0.32192809488736235,True,increase_consistent,780,1.0,737.28,0.31501376659348446,ok
CHID_25,CHID,NC_000913.3,4533730,4546660,4540195,12930,DstpA,0.09493787381831757,0.09212726681282835,0.09353257031557297,0.12802048711754038,0.12726449187899505,0.12764248949826773,0.44856791276502217,0.45283396407500986,0.4442892093135304,-0.04335552775282902,0.32192809488736235,True,increase_consistent,8385,1.0,8294.82,0.26906482564150197,ok
CHID_25,CHID,NC_000913.3,4533730,4546660,4540195,12930,DhnsDstpA,0.09493787381831757,0.09212726681282835,0.09353257031557297,0.13325830825662485,0.12594863610751925,0.12960347218207205,0.4705636306082044,0.5106847444041601,0.42929476017121676,-0.04335552775282902,0.32192809488736235,True,increase_consistent,8385,1.0,8294.82,0.38369164545860174,ok
CHID_26,CHID,NC_000913.3,4576950,4581280,4579115,4330,DstpA,0.2594536020631971,0.25073475004539836,0.25509417605429774,0.3808446603559779,0.3674775227235313,0.37416109153975463,0.5526295808835548,0.5781727067343485,0.5266260464236143,-0.049314608077245504,0.32192809488736235,True,increase_consistent,946,1.0,916.0,0.2305962694461967,ok
CHID_26,CHID,NC_000913.3,4576950,4581280,4579115,4330,DhnsDstpA,0.2594536020631971,0.25073475004539836,0.25509417605429774,0.28777058634349845,0.26498807044715034,0.2763793283953244,0.11561975259809502,0.17388917685623734,0.05489745038600804,-0.049314608077245504,0.32192809488736235,True,within_reference,946,1.0,916.0,0.2201320838429527,ok
