latent_row,window_id,chrom,start,end,center,length_bp,segments,sample_id,condition,replicate,known_overlap,known_structure_ids,known_types,valid_pixel_fraction,intensity_score,reconstruction_error,candidate_threshold,is_candidate,score_rank,is_known_reference,is_background_reference,known_reference_ids,known_reference_types,PC1,PC2,PC3,PC4,PC5,PC6,PC7,PC8,PC9,PC10,cluster,independent_locus_id,nearest_known_window_id,nearest_known_ids,nearest_known_types,nearest_known_pca_distance
4,WT_rep1__scan_0004000,NC_000913.3,4633652,4657652,4000,24000,"[{""start"":4633652,""end"":4641652},{""start"":0,""end"":16000}]",WT_rep1,WT,1,False,,,0.96893310546875,0.0637114686181809,0.011443883,0.0463359728455543,False,1811,False,True,,,0.05973400933128575,0.4247489192754949,-0.3150242508492264,-0.23694041815210293,-0.4056230811535524,1.6527135229669194,1.3702576666293778,1.0200547596253002,1.4856649702619447,0.34107542434906957,0,,WT_rep1__scan_1220000,CHIN_75,CHIN,1.915133028574269
10,WT_rep1__scan_0010000,NC_000913.3,4639652,4663652,10000,24000,"[{""start"":4639652,""end"":4641652},{""start"":0,""end"":22000}]",WT_rep1,WT,1,False,,,0.89349365234375,0.0649281332459035,0.01309933,0.0463359728455543,False,1479,False,True,,,0.37780641090821465,0.35918147492882496,-0.18185471644349968,1.0246230851260631,1.04212683952618,0.25413442285033516,-0.12017265021069877,0.3801434958859327,0.1370043723158465,-0.014426800520500323,0,,WT_rep1__scan_1199000,CHIN_68,CHIN,1.1164600922179788
11,WT_rep1__scan_0011000,NC_000913.3,4640652,4664652,11000,24000,"[{""start"":4640652,""end"":4641652},{""start"":0,""end"":23000}]",WT_rep1,WT,1,False,,,0.89349365234375,0.0644230591780568,0.011887578,0.0463359728455543,False,1707,False,True,,,0.43792130605205615,0.20724580447070792,0.4771677022170186,0.899344288201458,1.5172960410746605,-0.604735562978716,-1.0289787523866143,-0.1615628517477507,1.0028257770328743,1.1212081194519996,0,,WT_rep1__scan_4065000,CHIN_223,CHIN,1.4263626836525338
13,WT_rep1__scan_0013000,NC_000913.3,1000,25000,13000,24000,"[{""start"":1000,""end"":25000}]",WT_rep1,WT,1,False,,,0.89349365234375,0.0670245543479442,0.012677205,0.0463359728455543,False,1549,False,True,,,0.49790228743518533,-0.07711375878392143,0.9456788947419827,-0.6365292422083525,1.1763572519481649,0.3642084717957135,0.0401059517044966,-0.2646884187541871,0.6226279244588333,0.3286032743624888,0,,WT_rep1__scan_1203000,CHIN_69,CHIN,0.9938202762777367
14,WT_rep1__scan_0014000,NC_000913.3,2000,26000,14000,24000,"[{""start"":2000,""end"":26000}]",WT_rep1,WT,1,False,,,0.89349365234375,0.0679832285741871,0.012433312,0.0463359728455543,False,1598,False,True,,,0.3188959395987394,-0.011123144980186555,1.267862496349797,-0.8185500806387426,0.9644681483792718,1.2403640382693584,1.2147212560165603,-0.0761513828018416,0.02174108778672138,0.369250846511203,0,,WT_rep1__scan_2629000,CHIN_148,CHIN,1.696116218099019
16,WT_rep1__scan_0016000,NC_000913.3,4000,28000,16000,24000,"[{""start"":4000,""end"":28000}]",WT_rep1,WT,1,False,,,0.89349365234375,0.0687124420913556,0.012891292,0.0463359728455543,False,1513,False,True,,,0.30443015520687383,-0.25842432280590344,1.547013708235808,0.0014179966241232606,-0.17906877153026657,-0.9986465843116433,0.8990859163202014,-0.12971310246929824,1.1261909170839597,0.4251135529185497,0,,WT_rep1__scan_1119000,CHIN_64,CHIN,1.392432441428946
30,WT_rep1__scan_0030000,NC_000913.3,18000,42000,30000,24000,"[{""start"":18000,""end"":42000}]",WT_rep1,WT,1,False,,,0.98431396484375,0.0633504255856843,0.007825385,0.0463359728455543,False,3059,False,True,,,0.4740064202225751,0.8354609636962346,0.11098848302771647,-0.30575660828247764,0.23678313455573483,-1.2297860396560296,-0.728741524841163,0.40363848050224765,0.6017461630490887,0.9002895368802574,0,,WT_rep1__scan_0059000,CHIN_1,CHIN,1.2496592038355199
32,WT_rep1__scan_0032000,NC_000913.3,20000,44000,32000,24000,"[{""start"":20000,""end"":44000}]",WT_rep1,WT,1,False,,,0.968994140625,0.0628378143648254,0.006782282,0.0463359728455543,False,3547,False,True,,,0.5275696566967554,1.0267399398775006,0.31500711261405473,-0.5495493389712667,-0.23675662353341914,0.055551124110890006,-0.7735871864022552,-0.29770561203069296,-0.5068155735276612,1.007937207152481,0,,WT_rep1__scan_3583000,CHIN_187,CHIN,0.9787765655018215
55,WT_rep1__scan_0055000,NC_000913.3,43000,67000,55000,24000,"[{""start"":43000,""end"":67000}]",WT_rep1,WT,1,True,OPCID_1;CHIN_1,CHIN;OPCID,1.0,0.0589639851683815,0.006468331,0.0463359728455543,False,3725,True,False,OPCID_1,OPCID,0.38151154111265745,-0.06789502449366719,-1.264882635415504,-0.10700686841130963,0.47682934237352737,0.2213910757275332,-0.14517990900021777,-0.8871354672961501,-0.06756539542947092,0.22461849142436413,0,,WT_rep1__scan_0055000,OPCID_1,OPCID,0.0
59,WT_rep1__scan_0059000,NC_000913.3,47000,71000,59000,24000,"[{""start"":47000,""end"":71000}]",WT_rep1,WT,1,True,OPCID_1;CHIN_1,CHIN;OPCID,1.0,0.0595220415716577,0.0060536694,0.0463359728455543,False,3982,True,False,CHIN_1,CHIN,0.5734030504016618,0.6922400284174032,0.07138705007046589,-0.9162940709939574,0.6078598560687203,-1.001579170508868,-0.8344056736671193,0.24211803679197777,-0.362350569916052,0.8798115609310719,0,,WT_rep1__scan_0059000,CHIN_1,CHIN,0.0
85,WT_rep1__scan_0085000,NC_000913.3,73000,97000,85000,24000,"[{""start"":73000,""end"":97000}]",WT_rep1,WT,1,True,CHIN_2;OPCID_2,CHIN;OPCID,1.0,0.0651020380356927,0.013871981,0.0463359728455543,False,1359,True,False,CHIN_2,CHIN,-0.1595508638136029,-1.598598040963323,0.09652037015539786,-0.31818872199220016,-1.6039516304914752,-0.7389955823786586,-0.384351827861116,1.6204108272080793,-0.665327557879592,0.6705992366495901,0,,WT_rep1__scan_0085000,CHIN_2,CHIN,0.0
91,WT_rep1__scan_0091000,NC_000913.3,79000,103000,91000,24000,"[{""start"":79000,""end"":103000}]",WT_rep1,WT,1,True,CHIN_2;OPCID_2,CHIN;OPCID,1.0,0.0727237962314604,0.019806204,0.0463359728455543,False,730,True,False,OPCID_2,OPCID,-1.1559841374605642,-1.4277183912931708,-0.6863999044773291,0.9452388294149887,1.1063690799501873,-0.7913856250849793,-1.2390499853850023,0.4886449416131565,-0.4222133634731543,1.7581069889791336,0,,WT_rep1__scan_0091000,OPCID_2,OPCID,0.0
108,WT_rep1__scan_0108000,NC_000913.3,96000,120000,108000,24000,"[{""start"":96000,""end"":120000}]",WT_rep1,WT,1,True,OPCID_3,OPCID,1.0,0.082474036910701,0.020095468,0.0463359728455543,False,701,True,False,OPCID_3,OPCID,-1.7680493098547319,1.9676545249935404,-1.4547203850402612,1.0344008071293398,2.478574508649345,0.08789298176241601,-0.1458718727103246,0.5580099690990514,-0.7601275951038233,-0.12448920599392105,0,,WT_rep1__scan_0108000,OPCID_3,OPCID,0.0
117,WT_rep1__scan_0117000,NC_000913.3,105000,129000,117000,24000,"[{""start"":105000,""end"":129000}]",WT_rep1,WT,1,True,OPCID_3;OPCID_4,OPCID,1.0,0.094828257010795,0.050907724,0.0463359728455543,True,30,False,False,,,-1.763302679368986,0.02675303312625839,4.098312889573572,-0.46953349350551593,-1.2116302199702076,2.5522892072048964,1.2544164396794977,-1.6435647256991366,0.37362866642666837,-1.110490606605543,-1,NC_000913.3:locus_0001,WT_rep1__scan_3875000,CHIN_218,CHIN,4.561211333251082
118,WT_rep1__scan_0118000,NC_000913.3,106000,130000,118000,24000,"[{""start"":106000,""end"":130000}]",WT_rep1,WT,1,True,OPCID_3;OPCID_4,OPCID,1.0,0.094992997563987,0.050282385,0.0463359728455543,True,31,False,False,,,-2.026393397260944,-0.4662745984591254,2.9416383858591466,0.5653325024328267,-1.7599777885758996,3.472708924359735,1.8807649996415317,-0.26570775334232016,0.2619184146920105,-1.9952864634011906,-1,NC_000913.3:locus_0001,WT_rep1__scan_3875000,CHIN_218,CHIN,4.642660771692503
126,WT_rep1__scan_0126000,NC_000913.3,114000,138000,126000,24000,"[{""start"":114000,""end"":138000}]",WT_rep1,WT,1,True,OPCID_4,OPCID,1.0,0.0839071476278694,0.01973742,0.0463359728455543,False,737,True,False,OPCID_4,OPCID,-1.698242754355473,0.9482923288268851,-2.4469703902790174,-0.5116279016442182,1.5112981076351644,-0.19335360108261843,0.22693558734635866,-0.8029016368284099,0.46350940311846595,0.20113904625187445,0,,WT_rep1__scan_0126000,OPCID_4,OPCID,0.0
151,WT_rep1__scan_0151000,NC_000913.3,139000,163000,151000,24000,"[{""start"":139000,""end"":163000}]",WT_rep1,WT,1,True,CHID_1;CHIN_3;CHIN_4;CHIN_5;CHIN_6;CHIN_7,CHID;CHIN,1.0,0.0572397886752703,0.010278761,0.0463359728455543,False,2136,True,False,CHIN_3,CHIN,0.25403699117558964,-0.1703111790690724,0.5258878908462314,-0.05900899449651248,0.6984117589036979,-0.5787670918283653,0.8755365576466094,-1.504824988177558,-0.06668075616432435,1.2539683674121593,0,,WT_rep1__scan_0151000,CHIN_3,CHIN,0.0
152,WT_rep1__scan_0152000,NC_000913.3,140000,164000,152000,24000,"[{""start"":140000,""end"":164000}]",WT_rep1,WT,1,True,CHID_1;CHIN_3;CHIN_4;CHIN_5;CHIN_6;CHIN_7,CHID;CHIN,1.0,0.0571674427726128,0.010398793,0.0463359728455543,False,2104,True,False,CHIN_4;CHIN_5,CHIN,0.24040921427190673,0.1171036495912035,0.5990191049935466,-0.20530544631470746,0.02917418956247092,-0.3077863324311552,0.6252372146762881,-1.1093915884960874,0.6064054092605344,1.0966035532480973,0,,WT_rep1__scan_0152000,CHIN_4;CHIN_5,CHIN,0.0
153,WT_rep1__scan_0153000,NC_000913.3,141000,165000,153000,24000,"[{""start"":141000,""end"":165000}]",WT_rep1,WT,1,True,CHID_1;CHIN_3;CHIN_4;CHIN_5;CHIN_6;CHIN_7,CHID;CHIN,1.0,0.0572667410706963,0.010100345,0.0463359728455543,False,2184,True,False,CHID_1,CHID,0.26427630622582104,0.4281367416306867,0.6070381579877367,-0.1478427275236237,-0.31055982126913634,-0.3433653488525171,0.277608966641543,-0.25864996254257244,1.3067565192078456,0.9252202476397586,0,,WT_rep1__scan_0153000,CHID_1,CHID,0.0
155,WT_rep1__scan_0155000,NC_000913.3,143000,167000,155000,24000,"[{""start"":143000,""end"":167000}]",WT_rep1,WT,1,True,CHID_1;CHIN_3;CHIN_4;CHIN_5;CHIN_6;CHIN_7,CHID;CHIN,1.0,0.0578401177225314,0.00947813,0.0463359728455543,False,2377,True,False,CHIN_6,CHIN,0.2485277191185693,0.6662870944823178,0.0497548363975904,-0.484975397309896,-0.23634913139173191,0.1283138882990206,0.4345025234014767,1.115786584766238,1.5671572690340647,-0.5381429973653417,0,,WT_rep1__scan_0155000,CHIN_6,CHIN,0.0
157,WT_rep1__scan_0157000,NC_000913.3,145000,169000,157000,24000,"[{""start"":145000,""end"":169000}]",WT_rep1,WT,1,True,CHID_1;CHIN_3;CHIN_4;CHIN_5;CHIN_6;CHIN_7,CHID;CHIN,1.0,0.0570689010157833,0.009340401,0.0463359728455543,False,2426,True,False,CHIN_7,CHIN,0.32747971320583336,0.43489069425121624,-0.07319434594659731,-0.08613481960373462,-0.21342696545648396,-0.6803416800198991,0.26093098824781097,1.210819905990103,0.5583422491299859,0.29889561528633996,0,,WT_rep1__scan_0157000,CHIN_7,CHIN,0.0
180,WT_rep1__scan_0180000,NC_000913.3,168000,192000,180000,24000,"[{""start"":168000,""end"":192000}]",WT_rep1,WT,1,True,CHIN_8;OPCID_5,CHIN;OPCID,1.0,0.060534978745183,0.0069312896,0.0463359728455543,False,3476,True,False,CHIN_8,CHIN,0.1217803946670764,-0.49824272154147914,-0.22670496258089742,-0.42209326915618606,0.05533383358509634,-0.37203405574216786,1.3872819792824709,1.2538022476365303,-0.4492339382162386,0.35563577308180727,0,,WT_rep1__scan_0180000,CHIN_8,CHIN,0.0
183,WT_rep1__scan_0183000,NC_000913.3,171000,195000,183000,24000,"[{""start"":171000,""end"":195000}]",WT_rep1,WT,1,True,CHIN_8;OPCID_5;OPCID_6;OPCID_7,CHIN;OPCID,1.0,0.0636371517846506,0.009710906,0.0463359728455543,False,2299,True,False,OPCID_5,OPCID,-0.07651733707977414,-0.5736021471701268,0.530555118309736,1.537743689211309,1.180060075960692,-0.8979255683317173,0.9802919156064273,0.8868504464082776,-0.44157951462991546,1.2069481015865666,0,,WT_rep1__scan_0183000,OPCID_5,OPCID,0.0
193,WT_rep1__scan_0193000,NC_000913.3,181000,205000,193000,24000,"[{""start"":181000,""end"":205000}]",WT_rep1,WT,1,True,CHIN_8;OPCID_5;OPCID_6;OPCID_7;OPCID_8,CHIN;OPCID,1.0,0.0758345750894402,0.023744576,0.0463359728455543,False,468,True,False,OPCID_6,OPCID,-1.3684357226017407,-0.9731179452531337,0.6781028069411112,1.2255397845850549,-0.3181497897656835,0.3579218525137893,-0.8136739148460574,0.6926537656088407,1.3162067819760332,-0.04025729435937224,0,,WT_rep1__scan_0193000,OPCID_6,OPCID,0.0
197,WT_rep1__scan_0197000,NC_000913.3,185000,209000,197000,24000,"[{""start"":185000,""end"":209000}]",WT_rep1,WT,1,True,OPCID_6;OPCID_7;OPCID_8,OPCID,1.0,0.0736307205577774,0.011571286,0.0463359728455543,False,1780,True,False,OPCID_7,OPCID,-1.5478342775915874,0.3411223205528823,-1.6698058283707187,-0.8420503319927543,-1.2266070957163808,-0.3745215496914302,1.5753545001520082,-0.3968842838578326,2.4167937522464595,0.8587025640743173,0,,WT_rep1__scan_0197000,OPCID_7,OPCID,0.0
201,WT_rep1__scan_0201000,NC_000913.3,189000,213000,201000,24000,"[{""start"":189000,""end"":213000}]",WT_rep1,WT,1,True,OPCID_6;OPCID_7;OPCID_8,OPCID,1.0,0.0725304955070724,0.015224128,0.0463359728455543,False,1179,True,False,OPCID_8,OPCID,-1.205003648698618,1.8929714421448665,-1.0091004671164296,1.0407325009251456,1.0479791989651988,-0.6145834851743129,0.28239474584559826,0.8738790036846468,-0.1843120600124829,0.22748223383965074,0,,WT_rep1__scan_0201000,OPCID_8,OPCID,0.0
214,WT_rep1__scan_0214000,NC_000913.3,202000,226000,214000,24000,"[{""start"":202000,""end"":226000}]",WT_rep1,WT,1,False,,,0.938232421875,0.0597517058626674,0.010405991,0.0463359728455543,False,2100,False,True,,,0.6484228763245051,0.29975194364677354,-0.1996957708441323,-0.02407891337118284,-0.3847114026035161,1.0210743637121957,0.05248689824557589,0.23383819531533712,0.4832558061680416,-0.14929647987783357,0,,WT_rep1__scan_4617000,CHIN_250,CHIN,0.7547178700372106
221,WT_rep1__scan_0221000,NC_000913.3,209000,233000,221000,24000,"[{""start"":209000,""end"":233000}]",WT_rep1,WT,1,False,,,0.83514404296875,0.0547707559923667,0.010829609,0.0463359728455543,False,1975,False,True,,,0.851525537397416,-0.0987841735114522,-0.13890347650382687,-0.12125192566398253,0.5659455368587007,-0.29432242372234857,-0.34268210394941373,-0.1810043950859874,-0.08384636237666607,-0.9807515013739719,0,,WT_rep1__scan_3227000,CHIN_178,CHIN,0.5710263192785627
238,WT_rep1__scan_0238000,NC_000913.3,226000,250000,238000,24000,"[{""start"":226000,""end"":250000}]",WT_rep1,WT,1,True,CHIN_9;OPCID_9,CHIN;OPCID,0.90826416015625,0.0520686769199345,0.011083043,0.0463359728455543,False,1913,True,False,CHIN_9,CHIN,0.6772362003570488,-0.12444201684381992,-0.1305837136597033,-0.4130978955931638,0.38366003551560207,-0.2253727682389163,0.06314874052344482,0.45466291109142926,-0.4083060989487137,-0.0657153255882296,0,,WT_rep1__scan_0238000,CHIN_9,CHIN,0.0
246,WT_rep1__scan_0246000,NC_000913.3,234000,258000,246000,24000,"[{""start"":234000,""end"":258000}]",WT_rep1,WT,1,True,CHIN_9;OPCID_9;CHIN_10;CHIN_11,CHIN;OPCID,1.0,0.0517237215436023,0.008442945,0.0463359728455543,False,2743,True,False,OPCID_9,OPCID,0.6980243694988748,0.09994552997466669,0.11294336288406823,0.6979574537160698,0.1593359773820834,-0.06389206486552089,-0.6282404888566077,0.20253142412825814,1.1857371936556307,-0.373974651668771,0,,WT_rep1__scan_0246000,OPCID_9,OPCID,0.0
253,WT_rep1__scan_0253000,NC_000913.3,241000,265000,253000,24000,"[{""start"":241000,""end"":265000}]",WT_rep1,WT,1,True,OPCID_9;CHIN_10;CHIN_11;CHIN_12;CHIN_13,CHIN;OPCID,0.96893310546875,0.0538324421426577,0.008859009,0.0463359728455543,False,2586,True,False,CHIN_10,CHIN,0.6003492160201156,-0.17990082378490718,0.013569504867559454,0.6910355262750771,0.11683626308051867,-0.9496116998638041,0.10376477523687001,0.5552519697561619,0.21397376086388586,-0.06325831344562131,0,,WT_rep1__scan_0253000,CHIN_10,CHIN,0.0
256,WT_rep1__scan_0256000,NC_000913.3,244000,268000,256000,24000,"[{""start"":244000,""end"":268000}]",WT_rep1,WT,1,True,OPCID_9;CHIN_10;CHIN_11;CHIN_12;CHIN_13,CHIN;OPCID,0.96893310546875,0.0538598025574452,0.008659707,0.0463359728455543,False,2651,True,False,CHIN_11,CHIN,0.6497573308262928,0.1814049494995917,-0.39538262548704445,-0.11053886469989652,-0.1278204587515207,0.7408298180845408,-0.20055942805809635,0.04746109361457015,0.9457705328108953,0.5609023250336369,0,,WT_rep1__scan_0256000,CHIN_11,CHIN,0.0
260,WT_rep1__scan_0260000,NC_000913.3,248000,272000,260000,24000,"[{""start"":248000,""end"":272000}]",WT_rep1,WT,1,True,OPCID_9;CHIN_10;CHIN_11;CHIN_12;CHIN_13,CHIN;OPCID,0.95343017578125,0.0524695803890272,0.009405586,0.0463359728455543,False,2400,True,False,CHIN_12,CHIN,0.7484321921552944,0.030031693598736472,-0.40854348321446976,-0.2846914190849003,0.0036961896948073,-0.5955575084732508,0.15236670640009659,0.2946150070552311,-0.022936427819191627,-0.40383485058495217,0,,WT_rep1__scan_0260000,CHIN_12,CHIN,0.0
263,WT_rep1__scan_0263000,NC_000913.3,251000,275000,263000,24000,"[{""start"":251000,""end"":275000}]",WT_rep1,WT,1,True,CHIN_10;CHIN_11;CHIN_12;CHIN_13,CHIN,0.9080810546875,0.0541832032015433,0.009471715,0.0463359728455543,False,2380,True,False,CHIN_13,CHIN,0.8496415764765284,0.2625324509214451,-0.3291669091228795,0.03533677150132121,0.1654753468867164,-0.33860005016249695,-0.7720563559317192,-0.19405340044659183,0.14130785713963334,-0.5459014131316399,0,,WT_rep1__scan_0263000,CHIN_13,CHIN,0.0
277,WT_rep1__scan_0277000,NC_000913.3,265000,289000,277000,24000,"[{""start"":265000,""end"":289000}]",WT_rep1,WT,1,False,,,0.92291259765625,0.0539189596445134,0.00863478,0.0463359728455543,False,2665,False,True,,,1.0279950122717205,-0.14920751114084047,-0.34720083359980625,-0.5076117417665501,-0.06673157541716004,-0.11156485243631993,-0.39862031975834644,-0.46241007283226404,-0.35953429759949107,-1.689873096991907,0,,WT_rep1__scan_1567000,CHIN_90,CHIN,0.2528444711989783
294,WT_rep1__scan_0294000,NC_000913.3,282000,306000,294000,24000,"[{""start"":282000,""end"":306000}]",WT_rep1,WT,1,True,CHIN_14;CHIN_15;CHIN_16;CHIN_17,CHIN,0.96893310546875,0.0537807137506385,0.0077242423,0.0463359728455543,False,3107,True,False,CHIN_14,CHIN,0.8515404570994302,-0.25851629763487566,-0.5394918673300801,-0.09163215428624893,0.0010484662881001755,-0.15880953422916966,-0.23613369403835552,-0.0720547119329215,-0.9228975295758647,-0.8803797016823444,0,,WT_rep1__scan_0294000,CHIN_14,CHIN,0.0
296,WT_rep1__scan_0296000,NC_000913.3,284000,308000,296000,24000,"[{""start"":284000,""end"":308000}]",WT_rep1,WT,1,True,CHIN_14;CHIN_15;CHIN_16;CHIN_17,CHIN,0.98431396484375,0.0524033247249495,0.008377685,0.0463359728455543,False,2777,True,False,CHIN_15,CHIN,0.897593503647632,-0.11749512976053386,-0.49388236319853485,-0.1645346048068354,0.25567209333015356,-0.004090497273277497,-0.7536676653470775,-0.28420402796031186,-0.23006301316469008,-0.8438361070492435,0,,WT_rep1__scan_0296000,CHIN_15,CHIN,0.0
297,WT_rep1__scan_0297000,NC_000913.3,285000,309000,297000,24000,"[{""start"":285000,""end"":309000}]",WT_rep1,WT,1,True,CHIN_14;CHIN_15;CHIN_16;CHIN_17,CHIN,0.96893310546875,0.0515970939206364,0.008014339,0.0463359728455543,False,2955,True,False,CHIN_16,CHIN,0.919004702413242,-0.051516218539359004,-0.4007390316318919,-0.5211801959033029,0.24033452500394184,0.07519763058422146,-0.7942235657336975,-0.21727336821197532,-0.04047602182442838,-0.8657058381498383,0,,WT_rep1__scan_0297000,CHIN_16,CHIN,0.0
303,WT_rep1__scan_0303000,NC_000913.3,291000,315000,303000,24000,"[{""start"":291000,""end"":315000}]",WT_rep1,WT,1,True,CHIN_14;CHIN_15;CHIN_16;CHIN_17;CHID_2;CHIN_18,CHID;CHIN,0.984375,0.0491745110672386,0.009046767,0.0463359728455543,False,2511,True,False,CHIN_17,CHIN,0.8618727978739756,-0.017167756154733416,0.2231729616402198,0.28924509508962015,0.07542723176966723,-0.7358268411998534,-0.10884440241781253,-0.8631330696931009,0.12311574581365256,-1.250826226533515,0,,WT_rep1__scan_0303000,CHIN_17,CHIN,0.0
314,WT_rep1__scan_0314000,NC_000913.3,302000,326000,314000,24000,"[{""start"":302000,""end"":326000}]",WT_rep1,WT,1,True,CHIN_17;CHID_2;CHIN_18;CHIN_19;OPCID_10,CHID;CHIN;OPCID,0.93841552734375,0.060155751271485,0.020070693,0.0463359728455543,False,705,True,False,CHIN_18,CHIN,0.5439483425376064,-1.442508658530294,1.172866231273165,-0.03768074300699105,0.9292396124070895,0.5306731325389897,-0.041404718471385805,-1.5994428628348252,-0.1104988025117397,-0.10836877437230415,0,,WT_rep1__scan_0314000,CHIN_18,CHIN,0.0
315,WT_rep1__scan_0315000,NC_000913.3,303000,327000,315000,24000,"[{""start"":303000,""end"":327000}]",WT_rep1,WT,1,True,CHIN_17;CHID_2;CHIN_18;CHIN_19;OPCID_10,CHID;CHIN;OPCID,0.95355224609375,0.0608059181437196,0.023830494,0.0463359728455543,False,465,True,False,CHID_2,CHID,0.48430541421272366,-1.2403619165371154,0.950865879583405,-0.8324450681727998,-0.4616689472357175,0.7666567690568615,-1.7698201748407854,1.4440569814648883,0.40061429289442113,0.033963804836542356,0,,WT_rep1__scan_0315000,CHID_2,CHID,0.0
319,WT_rep1__scan_0319000,NC_000913.3,307000,331000,319000,24000,"[{""start"":307000,""end"":331000}]",WT_rep1,WT,1,True,CHID_2;CHIN_18;CHIN_19;OPCID_10,CHID;CHIN;OPCID,0.93841552734375,0.0616311849189409,0.018534182,0.0463359728455543,False,841,True,False,CHIN_19,CHIN,-0.09951044635121781,-0.5559850642100498,-1.6999347112981447,-0.5376532976558274,-2.0338108460860553,-0.9058625719646483,0.9593987541667776,-3.1805353476149554,-0.12009249872460082,0.6051048647192675,0,,WT_rep1__scan_0319000,CHIN_19,CHIN,0.0
323,WT_rep1__scan_0323000,NC_000913.3,311000,335000,323000,24000,"[{""start"":311000,""end"":335000}]",WT_rep1,WT,1,True,CHID_2;CHIN_18;CHIN_19;OPCID_10,CHID;CHIN;OPCID,0.93841552734375,0.0607072904392229,0.021726096,0.0463359728455543,False,585,True,False,OPCID_10,OPCID,0.036032095530752296,0.30855609151375274,-1.8778903934214604,0.594737638054173,1.0270463434191088,0.7834977761866627,-0.04637561626743116,-0.7640137140248352,-0.42611593395090186,-1.2167061831136148,0,,WT_rep1__scan_0323000,OPCID_10,OPCID,0.0
336,WT_rep1__scan_0336000,NC_000913.3,324000,348000,336000,24000,"[{""start"":324000,""end"":348000}]",WT_rep1,WT,1,True,OPCID_10;CHIN_20;CHIN_21,CHIN;OPCID,1.0,0.0484546327355903,0.0067285253,0.0463359728455543,False,3567,True,False,CHIN_20,CHIN,0.9484188681529225,-0.08095854298262631,-0.11330540412526173,-0.1134908659570466,0.13497548291079953,0.4991277584215647,-0.3018825776665964,-0.6661487757822343,0.4583410760755172,-0.7910979290632327,0,,WT_rep1__scan_0336000,CHIN_20,CHIN,0.0
345,WT_rep1__scan_0345000,NC_000913.3,333000,357000,345000,24000,"[{""start"":333000,""end"":357000}]",WT_rep1,WT,1,True,CHIN_20;CHIN_21,CHIN,1.0,0.0467382854649555,0.006335702,0.0463359728455543,False,3806,True,False,CHIN_21,CHIN,0.9353048446426665,-0.1344744748886645,-0.4289891441522666,-0.20912094494286038,0.054763385313123726,-0.20719631850128858,-0.18828609813432376,-0.4512905458080606,-0.2801384442603989,-1.2009997755317765,0,,WT_rep1__scan_0345000,CHIN_21,CHIN,0.0
359,WT_rep1__scan_0359000,NC_000913.3,347000,371000,359000,24000,"[{""start"":347000,""end"":371000}]",WT_rep1,WT,1,False,,,1.0,0.0505654306931945,0.005960834,0.0463359728455543,False,4027,False,True,,,0.9363932791830718,-0.22238513905495869,-0.3833346924013905,-0.5449071607742411,-0.27832299739127025,-0.028712031691609893,-0.2758298604628204,-0.4563608472088587,-0.2825031177972437,-0.9844502004664271,0,,WT_rep1__scan_1576000,CHIN_91,CHIN,0.22536239871108438
369,WT_rep1__scan_0369000,NC_000913.3,357000,381000,369000,24000,"[{""start"":357000,""end"":381000}]",WT_rep1,WT,1,False,,,1.0,0.0493550318495579,0.005504429,0.0463359728455543,False,4269,False,True,,,0.9224722379895497,-0.04187681805211564,0.018054645315453977,-0.6768792712479208,0.2457105262752325,-0.20653301302495783,-0.18438175871452464,-0.31079744563059586,-0.27119059944086227,-0.6530147968489117,0,,WT_rep1__scan_1776000,CHIN_102,CHIN,0.5599752192977139
373,WT_rep1__scan_0373000,NC_000913.3,361000,385000,373000,24000,"[{""start"":361000,""end"":385000}]",WT_rep1,WT,1,False,,,0.92333984375,0.0495261540789107,0.0064885863,0.0463359728455543,False,3708,False,True,,,0.936523029307194,0.10443435167752191,-0.10959831120131017,-0.19478221254597963,-0.38036762955933634,-0.246357326913732,-0.5289085309016015,-0.2512216509771414,0.18573024755489387,-1.0048902223815417,0,,WT_rep1__scan_1529000,CHIN_88,CHIN,0.4464947142180203
377,WT_rep1__scan_0377000,NC_000913.3,365000,389000,377000,24000,"[{""start"":365000,""end"":389000}]",WT_rep1,WT,1,False,,,0.92333984375,0.0473839596486393,0.0060173324,0.0463359728455543,False,3997,False,True,,,0.996754011816597,-0.08180203381241796,-0.3611231316378412,-0.35545139681740506,-0.10186559845854258,-0.021137169000716948,-0.3687428571199691,-0.32889916960788584,-0.10085230643150497,-1.3153827856902964,0,,WT_rep1__scan_0546000,CHIN_28,CHIN,0.2055422685057797
379,WT_rep1__scan_0379000,NC_000913.3,367000,391000,379000,24000,"[{""start"":367000,""end"":391000}]",WT_rep1,WT,1,False,,,0.92333984375,0.0459778556344925,0.0059207245,0.0463359728455543,False,4056,False,True,,,1.0122483323219669,-0.134843897178224,-0.3342824700585836,-0.4613538054415748,-0.030643903147204367,-0.11928691734135964,-0.37212475141796353,-0.3548199690145928,-0.2703677945075526,-1.3643536751736998,0,,WT_rep1__scan_0546000,CHIN_28,CHIN,0.12407413909499243
384,WT_rep1__scan_0384000,NC_000913.3,372000,396000,384000,24000,"[{""start"":372000,""end"":396000}]",WT_rep1,WT,1,False,,,0.87872314453125,0.0453884458678108,0.006940864,0.0463359728455543,False,3471,False,True,,,0.9986690919288727,-0.15233028049528066,-0.35093552148778273,-0.4848671004349828,-0.03258046113092295,-0.17281603051552114,-0.2547060513153089,-0.3235953606080729,-0.4704547170348043,-1.3366128420057812,0,,WT_rep1__scan_0619000,CHIN_37,CHIN,0.11686881126269161
390,WT_rep1__scan_0390000,NC_000913.3,378000,402000,390000,24000,"[{""start"":378000,""end"":402000}]",WT_rep1,WT,1,False,,,0.87872314453125,0.049012901311359,0.00786807,0.0463359728455543,False,3029,False,True,,,0.9252261790964814,-0.35665752200215034,-0.02329709583168635,-0.3204788094494349,0.3059122663329759,-0.04057009524266026,0.05733550626745438,-0.22529306473804364,-0.3625943395221923,-1.109653605784558,0,,WT_rep1__scan_1616000,CHIN_96,CHIN,0.494716894037409
391,WT_rep1__scan_0391000,NC_000913.3,379000,403000,391000,24000,"[{""start"":379000,""end"":403000}]",WT_rep1,WT,1,False,,,0.86419677734375,0.0493230831919909,0.0070967944,0.0463359728455543,False,3405,False,True,,,0.9317316713369029,-0.3826437975262792,0.00024640630045339584,-0.3869076823066289,0.15555418484298933,-0.08091623437892358,-0.09131484155402342,-0.1763626119302822,-0.44955550779449605,-1.2139494820946175,0,,WT_rep1__scan_1616000,CHIN_96,CHIN,0.4858048646472748
393,WT_rep1__scan_0393000,NC_000913.3,381000,405000,393000,24000,"[{""start"":381000,""end"":405000}]",WT_rep1,WT,1,False,,,0.87872314453125,0.0506690810986973,0.008151421,0.0463359728455543,False,2899,False,True,,,0.8780655224425289,-0.33927170802480233,-0.023890601913933638,-0.568159852238695,-0.23539952053658242,-0.013509770163153634,-0.2722519404825574,0.08765045558942884,-0.25925420515561776,-0.5874952835455738,0,,WT_rep1__scan_1413000,CHIN_82,CHIN,0.46608304914306437
395,WT_rep1__scan_0395000,NC_000913.3,383000,407000,395000,24000,"[{""start"":383000,""end"":407000}]",WT_rep1,WT,1,False,,,0.93841552734375,0.0494098240308745,0.0075961375,0.0463359728455543,False,3168,False,True,,,0.7826669004114933,-0.27238159325053607,-0.30337519066671353,-0.4078941773822751,-0.383111513645324,0.010596273616954125,0.19164785712361382,0.028152360471366898,-0.08858009164165945,-0.5155585442034848,0,,WT_rep1__scan_2344000,CHIN_136,CHIN,0.44754046905892264
398,WT_rep1__scan_0398000,NC_000913.3,386000,410000,398000,24000,"[{""start"":386000,""end"":410000}]",WT_rep1,WT,1,False,,,0.93841552734375,0.0507630451271931,0.007820432,0.0463359728455543,False,3061,False,True,,,0.6329144950998282,-0.47913910935648674,-0.44635770807880754,-0.2671263069437919,-0.27880652176440746,-0.49150240841980286,-0.1485282882779308,0.925664330823619,-1.2897020256007075,-0.04869170875143879,0,,WT_rep1__scan_2213000,OPCID_32,OPCID,1.010419099685004
399,WT_rep1__scan_0399000,NC_000913.3,387000,411000,399000,24000,"[{""start"":387000,""end"":411000}]",WT_rep1,WT,1,False,,,0.95355224609375,0.0508036805700693,0.008109776,0.0463359728455543,False,2917,False,True,,,0.6011711513220875,-0.4349453474986456,-0.6322523623406919,-0.11475149015280899,-0.12225352838125657,-0.11762110568461484,-0.14731258526645677,0.749288145260616,-1.2817085736986242,-0.10138169329508885,0,,WT_rep1__scan_2213000,OPCID_32,OPCID,0.7909049313290506
432,WT_rep1__scan_0432000,NC_000913.3,420000,444000,432000,24000,"[{""start"":420000,""end"":444000}]",WT_rep1,WT,1,True,OPCID_11;CHIN_22,CHIN;OPCID,1.0,0.0661109085304849,0.011925485,0.0463359728455543,False,1696,True,False,CHIN_22,CHIN,-0.9430906012343492,0.1392584029014672,-1.643734020556116,-0.2306841407661117,0.5757044836895319,1.2535575992300667,0.4424304159343325,1.5379446447077922,1.15234483165658,0.7955255029269652,0,,WT_rep1__scan_0432000,CHIN_22,CHIN,0.0
434,WT_rep1__scan_0434000,NC_000913.3,422000,446000,434000,24000,"[{""start"":422000,""end"":446000}]",WT_rep1,WT,1,True,OPCID_11;CHIN_22,CHIN;OPCID,1.0,0.0661794716321487,0.011033958,0.0463359728455543,False,1928,True,False,OPCID_11,OPCID,-0.817375330145195,0.9362356715580069,-1.1025064289932371,-0.8983981057022199,0.5255305331470834,-0.28521988428237627,0.3289169896609295,0.9603766298877913,0.7532927044239345,1.3211404548793713,0,,WT_rep1__scan_0434000,OPCID_11,OPCID,0.0
454,WT_rep1__scan_0454000,NC_000913.3,442000,466000,454000,24000,"[{""start"":442000,""end"":466000}]",WT_rep1,WT,1,False,,,1.0,0.0666582785699077,0.012155234,0.0463359728455543,False,1651,False,True,,,-0.6952429349601713,-1.1287686725436183,0.15817559219331645,-0.09236197607395404,-0.7084692295054336,0.14630682030186448,0.4936679015396691,1.6097825152682685,0.6610160162337205,0.7051320125856331,0,,WT_rep1__scan_4579000,CHID_26,CHID,1.700416733508969
457,WT_rep1__scan_0457000,NC_000913.3,445000,469000,457000,24000,"[{""start"":445000,""end"":469000}]",WT_rep1,WT,1,False,,,1.0,0.0665487667603153,0.0102627175,0.0463359728455543,False,2140,False,True,,,-1.0227209244173188,-0.11987662121104728,-1.2734761827429952,0.22069445095383824,-1.0203861170578783,-0.2724257352806785,1.1164554929281219,1.6398347043718782,1.0549204690440108,0.42258332523287456,0,,WT_rep1__scan_1395000,CHIN_80,CHIN,1.936412734333982
459,WT_rep1__scan_0459000,NC_000913.3,447000,471000,459000,24000,"[{""start"":447000,""end"":471000}]",WT_rep1,WT,1,False,,,1.0,0.0667535103666251,0.009755551,0.0463359728455543,False,2285,False,True,,,-0.9287266801649502,0.482918293258256,-1.3915709431970686,0.34549511344885125,-0.37812763128421645,-0.4404786701620949,0.592723164144454,0.12536924902798205,1.5254167456557026,1.022523562050624,0,,WT_rep1__scan_1395000,CHIN_80,CHIN,2.021830238992333
464,WT_rep1__scan_0464000,NC_000913.3,452000,476000,464000,24000,"[{""start"":452000,""end"":476000}]",WT_rep1,WT,1,False,,,1.0,0.0641743082233615,0.009014832,0.0463359728455543,False,2530,False,True,,,-0.24035608881469372,1.7194660241553694,0.10377372119982216,-0.09287268474873928,1.1681578008503624,-0.84057704190045,-0.837508679877798,0.2396150625144179,0.5341096099100829,0.7617410237431439,0,,WT_rep1__scan_3806000,CHIN_214;CHIN_215,CHIN,1.8183412046924798
467,WT_rep1__scan_0467000,NC_000913.3,455000,479000,467000,24000,"[{""start"":455000,""end"":479000}]",WT_rep1,WT,1,False,,,1.0,0.0632444034240597,0.011099201,0.0463359728455543,False,1909,False,True,,,0.005674994857747316,1.5607109522077174,1.3701240760530609,-0.9478582993798955,0.8290446622443332,0.38591940892904214,0.3456075514580976,-0.19211851670712426,-0.86171458159968,0.8590149898847473,0,,WT_rep1__scan_2760000,CHIN_152,CHIN,2.144799966596063
481,WT_rep1__scan_0481000,NC_000913.3,469000,493000,481000,24000,"[{""start"":469000,""end"":493000}]",WT_rep1,WT,1,True,CHIN_23,CHIN,1.0,0.0579505752317147,0.006007691,0.0463359728455543,False,4002,True,False,CHIN_23,CHIN,0.3585495288363611,-0.34623528056020836,-0.5114137280169371,0.08130707249520644,0.38482318243927927,0.1043291219618037,0.5026890320846532,0.8078411838676613,-0.6165240883962336,0.7897251043354021,0,,WT_rep1__scan_0481000,CHIN_23,CHIN,0.0
494,WT_rep1__scan_0494000,NC_000913.3,482000,506000,494000,24000,"[{""start"":482000,""end"":506000}]",WT_rep1,WT,1,False,,,1.0,0.0603988927400007,0.007493295,0.0463359728455543,False,3221,False,True,,,0.5467392086759272,0.10102776649606017,0.611661334042906,0.5719116981401705,0.17303987826165496,0.2376786498923378,-0.13245121726114106,0.14359985603611006,1.3706921502132616,0.5894195737425212,0,,WT_rep1__scan_1872000,CHIN_108,CHIN,1.0010894624462807
497,WT_rep1__scan_0497000,NC_000913.3,485000,509000,497000,24000,"[{""start"":485000,""end"":509000}]",WT_rep1,WT,1,False,,,1.0,0.0585974326856029,0.006980337,0.0463359728455543,False,3457,False,True,,,0.4544673317815813,-0.028251515228617664,0.19039326537386259,-0.11735091345293569,-0.13715836753111704,0.31265635313467655,0.5474391702450812,0.9346770349699872,1.0254560822584635,0.5135452627459377,0,,WT_rep1__scan_1220000,CHIN_75,CHIN,0.7554826994027601
498,WT_rep1__scan_0498000,NC_000913.3,486000,510000,498000,24000,"[{""start"":486000,""end"":510000}]",WT_rep1,WT,1,False,,,1.0,0.0584695742957195,0.006483745,0.0463359728455543,False,3714,False,True,,,0.44951037075509354,-0.1475452297559998,0.07035027228838521,-0.11106458419941205,-0.28521645532006634,-0.0025210647447401918,0.6895540646610385,0.9694586166532762,0.7609866109494628,0.443707870337298,0,,WT_rep1__scan_4579000,CHID_26,CHID,0.9018174598070006
516,WT_rep1__scan_0516000,NC_000913.3,504000,528000,516000,24000,"[{""start"":504000,""end"":528000}]",WT_rep1,WT,1,True,CHIN_24;CHIN_25,CHIN,0.9688720703125,0.0522947874158183,0.0055686594,0.0463359728455543,False,4234,True,False,CHIN_24,CHIN,0.8477423457443781,0.03753516089731016,-0.4295692843932249,0.02511891885003852,-0.09011326747086548,-0.331171532725021,-0.3311653720087511,-0.16992392946072574,0.21621861957130653,-0.6368182704098738,0,,WT_rep1__scan_0516000,CHIN_24,CHIN,0.0
528,WT_rep1__scan_0528000,NC_000913.3,516000,540000,528000,24000,"[{""start"":516000,""end"":540000}]",WT_rep1,WT,1,True,CHIN_24;CHIN_25;CHIN_26;CHIN_27,CHIN,0.9688720703125,0.0480589987577223,0.006527749,0.0463359728455543,False,3683,True,False,CHIN_25,CHIN,0.9266790035706136,-0.08021608844408006,-0.31505449557125786,-0.17855742428105356,-0.15175266898286527,0.01663000182681255,-0.20778724902853485,-0.2729869962170353,-0.2545757735283683,-0.9552213322369117,0,,WT_rep1__scan_0528000,CHIN_25,CHIN,0.0
537,WT_rep1__scan_0537000,NC_000913.3,525000,549000,537000,24000,"[{""start"":525000,""end"":549000}]",WT_rep1,WT,1,True,CHIN_25;CHIN_26;CHIN_27;CHIN_28,CHIN,0.9688720703125,0.0434749868059669,0.006242119,0.0463359728455543,False,3870,True,False,CHIN_26,CHIN,0.9829798864155014,-0.08146134788326671,-0.29863452801767804,-0.31831891862465594,-0.0025463779012657854,-0.37707353798360227,-0.44960836847779395,-0.34544361142040586,-0.3016044678347405,-1.1705866289998283,0,,WT_rep1__scan_0537000,CHIN_26,CHIN,0.0
538,WT_rep1__scan_0538000,NC_000913.3,526000,550000,538000,24000,"[{""start"":526000,""end"":550000}]",WT_rep1,WT,1,True,CHIN_25;CHIN_26;CHIN_27;CHIN_28,CHIN,0.95367431640625,0.0437873928649466,0.0057708183,0.0463359728455543,False,4129,True,False,CHIN_27,CHIN,0.9929135008535124,-0.0688871955680551,-0.33547764526242096,-0.40868229390061267,0.011744499452464207,-0.12382800902066207,-0.4322131567391665,-0.3763724077185954,-0.1581570926830421,-1.1248941821092,0,,WT_rep1__scan_0538000,CHIN_27,CHIN,0.0
546,WT_rep1__scan_0546000,NC_000913.3,534000,558000,546000,24000,"[{""start"":534000,""end"":558000}]",WT_rep1,WT,1,True,CHIN_26;CHIN_27;CHIN_28,CHIN,1.0,0.0454747383813328,0.005314943,0.0463359728455543,False,4366,True,False,CHIN_28,CHIN,1.0108376252517308,-0.13281199813785247,-0.29368387318812617,-0.42128221189217624,-0.003866885722874388,-0.09484585490467158,-0.36801825645237063,-0.3982006851230158,-0.2029769861697987,-1.2981747545720288,0,,WT_rep1__scan_0546000,CHIN_28,CHIN,0.0
559,WT_rep1__scan_0559000,NC_000913.3,547000,571000,559000,24000,"[{""start"":547000,""end"":571000}]",WT_rep1,WT,1,True,CHID_3;CHIN_29;CHIN_30;CHIN_31;CHIN_32;CHIN_33;CHIN_34;CHIN_35,CHID;CHIN,0.9383544921875,0.0471157002951493,0.006538356,0.0463359728455543,False,3679,True,False,CHIN_29,CHIN,0.8866254293054425,-0.25183568783333976,-0.4156225867511602,-0.23762488864222175,0.11323083067144725,-0.24253629626641812,-0.17204789753130276,-0.004737214746591498,-1.008176310123338,-0.7193323686933659,0,,WT_rep1__scan_0559000,CHIN_29,CHIN,0.0
560,WT_rep1__scan_0560000,NC_000913.3,548000,572000,560000,24000,"[{""start"":548000,""end"":572000}]",WT_rep1,WT,1,True,CHID_3;CHIN_29;CHIN_30;CHIN_31;CHIN_32;CHIN_33;CHIN_34;CHIN_35,CHID;CHIN,0.92340087890625,0.0468519409627248,0.0060982383,0.0463359728455543,False,3954,True,False,CHIN_30,CHIN,0.8959893554282748,-0.2944978261694162,-0.37345393221521556,-0.2100111793201729,0.21147632445894538,-0.16727206791207086,-0.16498761559200817,-0.3220046734495262,-0.9260931844310312,-0.8442268135257379,0,,WT_rep1__scan_0560000,CHIN_30,CHIN,0.0
563,WT_rep1__scan_0563000,NC_000913.3,551000,575000,563000,24000,"[{""start"":551000,""end"":575000}]",WT_rep1,WT,1,True,CHID_3;CHIN_29;CHIN_30;CHIN_31;CHIN_32;CHIN_33;CHIN_34;CHIN_35;CHID_4,CHID;CHIN,0.90838623046875,0.047165821437441,0.0063480246,0.0463359728455543,False,3798,True,False,CHIN_31,CHIN,0.9022399637747059,-0.13328865910689433,-0.23840233545083359,-0.5896270604975213,0.06638433759372074,0.07760869536411785,-0.4024920864392648,0.08145178006399886,-0.012669052412153936,-0.5107359869069907,0,,WT_rep1__scan_0563000,CHIN_31,CHIN,0.0
565,WT_rep1__scan_0565000,NC_000913.3,553000,577000,565000,24000,"[{""start"":553000,""end"":577000}]",WT_rep1,WT,1,True,CHID_3;CHIN_29;CHIN_30;CHIN_31;CHIN_32;CHIN_33;CHIN_34;CHIN_35;CHID_4,CHID;CHIN,0.8787841796875,0.0473315169814796,0.007286741,0.0463359728455543,False,3322,True,False,CHID_3,CHID,0.860617397158302,-0.08882255672357295,-0.305798752752548,-0.604251241749248,-0.12724723142017505,-0.20406812544626152,-0.09141948463115648,0.003846928555606721,0.029496509510578837,-0.8786055233843068,0,,WT_rep1__scan_0565000,CHID_3,CHID,0.0
566,WT_rep1__scan_0566000,NC_000913.3,554000,578000,566000,24000,"[{""start"":554000,""end"":578000}]",WT_rep1,WT,1,True,CHID_3;CHIN_29;CHIN_30;CHIN_31;CHIN_32;CHIN_33;CHIN_34;CHIN_35;CHID_4,CHID;CHIN,0.8787841796875,0.0466576253382997,0.007145793,0.0463359728455543,False,3381,True,False,CHIN_32,CHIN,0.8525713359385322,-0.09780171556211331,-0.19884617948960157,-0.519448628813777,-0.1174567269819769,-0.4800504915588447,-0.014360838669169262,-0.22120388288763038,-0.04730423135879154,-0.42295259903842036,0,,WT_rep1__scan_0566000,CHIN_32,CHIN,0.0
569,WT_rep1__scan_0569000,NC_000913.3,557000,581000,569000,24000,"[{""start"":557000,""end"":581000}]",WT_rep1,WT,1,True,CHID_3;CHIN_29;CHIN_30;CHIN_31;CHIN_32;CHIN_33;CHIN_34;CHIN_35;CHID_4,CHID;CHIN,0.8787841796875,0.044064220560969,0.0076083373,0.0463359728455543,False,3163,True,False,CHIN_33,CHIN,0.8325428392543532,-0.01978360390000642,-0.36211635874578335,-0.10276630261331006,-0.11188644036068168,-0.003553498009013339,-0.07660695251920026,-0.18786374951214552,-0.25812612380174116,-0.8575220992556243,0,,WT_rep1__scan_0569000,CHIN_33,CHIN,0.0
571,WT_rep1__scan_0571000,NC_000913.3,559000,583000,571000,24000,"[{""start"":559000,""end"":583000}]",WT_rep1,WT,1,True,CHID_3;CHIN_29;CHIN_30;CHIN_31;CHIN_32;CHIN_33;CHIN_34;CHIN_35;CHID_4;CHIN_36,CHID;CHIN,0.8787841796875,0.0426921130691303,0.007979176,0.0463359728455543,False,2972,True,False,CHIN_34,CHIN,0.8929201754692172,-0.013755052799427672,-0.41411287666479496,-0.08442653544234444,-0.010189816534522838,-0.14383864251569434,-0.497714635841444,-0.29897635652200977,0.12844885732690872,-0.8728675763399155,0,,WT_rep1__scan_0571000,CHIN_34,CHIN,0.0
572,WT_rep1__scan_0572000,NC_000913.3,560000,584000,572000,24000,"[{""start"":560000,""end"":584000}]",WT_rep1,WT,1,True,CHID_3;CHIN_29;CHIN_30;CHIN_31;CHIN_32;CHIN_33;CHIN_34;CHIN_35;CHID_4;CHIN_36,CHID;CHIN,0.8787841796875,0.0419193766210101,0.007992333,0.0463359728455543,False,2968,True,False,CHIN_35,CHIN,0.9261312537197421,-0.04419878226384411,-0.34862135308972475,-0.308550457456928,0.07448136362194452,-0.1481014394934087,-0.6377820501996675,-0.5000246561582083,-0.029293147776387054,-0.7271476830063094,0,,WT_rep1__scan_0572000,CHIN_35,CHIN,0.0
580,WT_rep1__scan_0580000,NC_000913.3,568000,592000,580000,24000,"[{""start"":568000,""end"":592000}]",WT_rep1,WT,1,True,CHID_3;CHIN_32;CHIN_33;CHIN_34;CHIN_35;CHID_4;CHIN_36,CHID;CHIN,0.9384765625,0.0408569101812402,0.00835963,0.0463359728455543,False,2786,True,False,CHID_4,CHID,0.872920508907099,0.021156920742456935,-0.4286254393668962,-0.31171155544360096,-0.20401647377330848,0.0422760066082522,-0.5736034234340975,-0.7348680370133174,0.035801751996372595,-0.4297661959174992,0,,WT_rep1__scan_0580000,CHID_4,CHID,0.0
584,WT_rep1__scan_0584000,NC_000913.3,572000,596000,584000,24000,"[{""start"":572000,""end"":596000}]",WT_rep1,WT,1,True,CHID_3;CHIN_34;CHIN_35;CHID_4;CHIN_36,CHID;CHIN,0.95355224609375,0.0411236219767843,0.008369575,0.0463359728455543,False,2780,True,False,CHIN_36,CHIN,0.9120848150220434,-0.032959531883281025,-0.4178021162112188,-0.4150495804897179,0.09780538029586865,-0.2568606320241378,-0.14835176949737286,-0.20007158431606323,-0.2873857046495014,-1.324198252698472,0,,WT_rep1__scan_0584000,CHIN_36,CHIN,0.0
602,WT_rep1__scan_0602000,NC_000913.3,590000,614000,602000,24000,"[{""start"":590000,""end"":614000}]",WT_rep1,WT,1,False,,,0.93841552734375,0.0441760348870456,0.006390177,0.0463359728455543,False,3780,False,True,,,1.0158918266175523,-0.1344311843822688,-0.3731353528781533,-0.5121867224722066,-0.027874740582071796,-0.1473945928832217,-0.3488633505019959,-0.44756931644869136,-0.39492529168225743,-1.3539730450949692,0,,WT_rep1__scan_1567000,CHIN_90,CHIN,0.1468887248239736
619,WT_rep1__scan_0619000,NC_000913.3,607000,631000,619000,24000,"[{""start"":607000,""end"":631000}]",WT_rep1,WT,1,True,CHIN_37;OPCID_12,CHIN;OPCID,0.9383544921875,0.0473325988780321,0.0063487072,0.0463359728455543,False,3797,True,False,CHIN_37,CHIN,1.010915702123961,-0.17566281062037395,-0.31739505440018734,-0.5028672729094041,0.043942997392247586,-0.15516653412957024,-0.2778808529813152,-0.38441875841498657,-0.4688370939296301,-1.3033195214067401,0,,WT_rep1__scan_0619000,CHIN_37,CHIN,0.0
631,WT_rep1__scan_0631000,NC_000913.3,619000,643000,631000,24000,"[{""start"":619000,""end"":643000}]",WT_rep1,WT,1,True,CHIN_37;OPCID_12;CHIN_38,CHIN;OPCID,1.0,0.052295206804374,0.0070451517,0.0463359728455543,False,3429,True,False,OPCID_12,OPCID,0.6558201370525846,-0.3713153681394391,-0.6015123389455388,0.454717321513937,0.14808233548662791,-0.066989230732962,0.19274835176331004,-0.15609559043630788,-0.9351014024387099,-0.5342569039480839,0,,WT_rep1__scan_0631000,OPCID_12,OPCID,0.0
637,WT_rep1__scan_0637000,NC_000913.3,625000,649000,637000,24000,"[{""start"":625000,""end"":649000}]",WT_rep1,WT,1,True,OPCID_12;CHIN_38,CHIN;OPCID,1.0,0.0538379239312319,0.007615563,0.0463359728455543,False,3160,True,False,CHIN_38,CHIN,0.6405554212810383,0.07966524732824892,-0.15157505833535675,-0.9817063886914867,-0.2662285157070954,-0.33273604824161557,0.8829597723648891,0.5000483703244635,-0.7513699770558144,-0.033936651152787045,0,,WT_rep1__scan_0637000,CHIN_38,CHIN,0.0
656,WT_rep1__scan_0656000,NC_000913.3,644000,668000,656000,24000,"[{""start"":644000,""end"":668000}]",WT_rep1,WT,1,True,CHIN_39;CHIN_40,CHIN,1.0,0.0508485726248719,0.0076665725,0.0463359728455543,False,3138,True,False,CHIN_39,CHIN,0.4883983122291764,-0.36768760209758156,-0.9672126696801147,-0.0004627592655449833,-0.42552801607957386,0.016733633955622572,0.5390255153861103,-0.8022652562979763,-0.6856321397415575,0.38206301541299464,0,,WT_rep1__scan_0656000,CHIN_39,CHIN,0.0
662,WT_rep1__scan_0662000,NC_000913.3,650000,674000,662000,24000,"[{""start"":650000,""end"":674000}]",WT_rep1,WT,1,True,CHIN_39;CHIN_40,CHIN,1.0,0.0535141169861533,0.00953919,0.0463359728455543,False,2353,True,False,CHIN_40,CHIN,0.4691011192153735,-0.15519338900578816,0.31956974808307226,-1.0437973204669988,1.4595385823268598,0.2699592413917944,0.5974215952198476,1.1365538454933006,-1.254826247800747,0.6263152875811212,0,,WT_rep1__scan_0662000,CHIN_40,CHIN,0.0
677,WT_rep1__scan_0677000,NC_000913.3,665000,689000,677000,24000,"[{""start"":665000,""end"":689000}]",WT_rep1,WT,1,True,CHIN_41;CHIN_42,CHIN,0.93841552734375,0.0530275005143947,0.0072333026,0.0463359728455543,False,3345,True,False,CHIN_41,CHIN,0.708126574424609,0.22300727643155932,0.043026899178062815,-0.49840823502387965,0.3653294775683487,0.09765467018986972,-0.6053071552691067,0.2804094506819477,0.16837249974349167,0.6877088646822611,0,,WT_rep1__scan_0677000,CHIN_41,CHIN,0.0
678,WT_rep1__scan_0678000,NC_000913.3,666000,690000,678000,24000,"[{""start"":666000,""end"":690000}]",WT_rep1,WT,1,True,CHIN_41;CHIN_42,CHIN,0.93841552734375,0.0525139421875976,0.0066767232,0.0463359728455543,False,3596,True,False,CHIN_42,CHIN,0.7274007529470263,0.28238242457784113,0.07839563918386581,-0.8359164811170249,0.006533438765761791,-0.11266775181983572,-0.6263157690905448,0.06943696585891544,0.30601018278161946,0.7313806961786635,0,,WT_rep1__scan_0678000,CHIN_42,CHIN,0.0
704,WT_rep1__scan_0704000,NC_000913.3,692000,716000,704000,24000,"[{""start"":692000,""end"":716000}]",WT_rep1,WT,1,True,OPCID_13;CHIN_43,CHIN;OPCID,1.0,0.0679512368638206,0.015749164,0.0463359728455543,False,1112,True,False,OPCID_13,OPCID,-1.1430074717265488,-0.4348283476057223,0.27429476876312736,-0.007128946022079613,0.4556949777941072,-0.8353689485217759,0.5086149217382853,0.33509466171492375,2.1860359357318604,0.752736352668586,0,,WT_rep1__scan_0704000,OPCID_13,OPCID,0.0
716,WT_rep1__scan_0716000,NC_000913.3,704000,728000,716000,24000,"[{""start"":704000,""end"":728000}]",WT_rep1,WT,1,True,OPCID_13;CHIN_43;CHIN_44,CHIN;OPCID,1.0,0.0576026530275212,0.009118667,0.0463359728455543,False,2493,True,False,CHIN_43,CHIN,0.3706022713439622,1.5153739581652759,0.5287215722895942,-0.6320140627736991,0.07887552935871153,-0.9488565114129651,-1.8591776850377615,0.10008170755171494,-0.7875514013526048,1.6073993008383392,0,,WT_rep1__scan_0716000,CHIN_43,CHIN,0.0
721,WT_rep1__scan_0721000,NC_000913.3,709000,733000,721000,24000,"[{""start"":709000,""end"":733000}]",WT_rep1,WT,1,True,CHIN_43;CHIN_44;CHIN_45,CHIN,0.9998779296875,0.0481229918678823,0.010789714,0.0463359728455543,False,1988,True,False,CHIN_44,CHIN,0.7676741088076888,0.6307945560166843,0.1940619734929239,0.11294887934687853,-0.7268971763193801,-0.5846533791074022,-0.8597676420582063,-0.3123907134338643,-0.5493725615311396,-0.5637930992896297,0,,WT_rep1__scan_0721000,CHIN_44,CHIN,0.0
735,WT_rep1__scan_0735000,NC_000913.3,723000,747000,735000,24000,"[{""start"":723000,""end"":747000}]",WT_rep1,WT,1,True,CHIN_45;CHIN_46,CHIN,0.9998779296875,0.0376492104326057,0.010763004,0.0463359728455543,False,1997,True,False,CHIN_45,CHIN,1.0077978463134039,-0.21506347339701276,-0.26532922615656857,-0.4285026363755802,-0.0019283889899017824,-0.06798236914206958,-0.17755454252870223,-0.5217956792979735,-0.42559249763026025,-1.4931863724495413,0,,WT_rep1__scan_0735000,CHIN_45,CHIN,0.0
737,WT_rep1__scan_0737000,NC_000913.3,725000,749000,737000,24000,"[{""start"":725000,""end"":749000}]",WT_rep1,WT,1,True,CHIN_45;CHIN_46;CHIN_47,CHIN,0.9998779296875,0.0371900530964713,0.010671937,0.0463359728455543,False,2020,True,False,CHIN_46,CHIN,1.0007711018068042,-0.22807284403957553,-0.25020772526004437,-0.4761494570636792,-0.08570675747070075,-0.0008684092633880438,-0.3380755993542635,-0.3626288111291651,-0.20982521338380802,-1.2570551338475593,0,,WT_rep1__scan_0737000,CHIN_46,CHIN,0.0
749,WT_rep1__scan_0749000,NC_000913.3,737000,761000,749000,24000,"[{""start"":737000,""end"":761000}]",WT_rep1,WT,1,True,CHIN_46;CHIN_47;CHIN_48,CHIN,1.0,0.0484087664209568,0.0061454056,0.0463359728455543,False,3923,True,False,CHIN_47,CHIN,0.8137227021642868,-0.2803587770423121,0.25962410397134145,-0.5801736320286602,0.417037703022462,0.01759712587147866,0.1445701271518188,0.23796474152432362,0.10851278106767524,-0.17078473642810513,0,,WT_rep1__scan_0749000,CHIN_47,CHIN,0.0
752,WT_rep1__scan_0752000,NC_000913.3,740000,764000,752000,24000,"[{""start"":740000,""end"":764000}]",WT_rep1,WT,1,True,CHIN_47;CHIN_48;OPCID_14,CHIN;OPCID,1.0,0.0551299365109412,0.0054539265,0.0463359728455543,False,4293,True,False,CHIN_48,CHIN,0.5878770918199306,-0.4317262735821455,0.5767633715451917,0.06211142270056724,0.15042728002653047,-0.5902971761853194,0.9801251832536273,0.27756882318693427,0.17351117675326605,0.23155781630080893,0,,WT_rep1__scan_0752000,CHIN_48,CHIN,0.0
764,WT_rep1__scan_0764000,NC_000913.3,752000,776000,764000,24000,"[{""start"":752000,""end"":776000}]",WT_rep1,WT,1,True,CHIN_48;OPCID_14;OPCID_15,CHIN;OPCID,1.0,0.0793525715785249,0.026378913,0.0463359728455543,False,361,True,False,OPCID_14,OPCID,-0.36739612667229204,-1.7211229212311459,2.9652368145464822,1.3798961487193513,2.587216586033639,0.44626793177720464,0.37663651684322624,-0.8374725632363835,0.9700578393756517,0.16076969660239732,0,,WT_rep1__scan_0764000,OPCID_14,OPCID,0.0
773,WT_rep1__scan_0773000,NC_000913.3,761000,785000,773000,24000,"[{""start"":761000,""end"":785000}]",WT_rep1,WT,1,True,OPCID_14;OPCID_15,OPCID,1.0,0.0799628304257194,0.025935844,0.0463359728455543,False,374,True,False,OPCID_15,OPCID,-1.3614281791067682,0.3058485314979838,-2.6626200383770384,4.364793013172843,0.8542550388230462,-0.9028779834722299,-1.3026658110565728,-0.0757604584846365,0.011055254172437582,0.22833243624626337,0,,WT_rep1__scan_0773000,OPCID_15,OPCID,0.0
801,WT_rep1__scan_0801000,NC_000913.3,789000,813000,801000,24000,"[{""start"":789000,""end"":813000}]",WT_rep1,WT,1,True,CHIN_49,CHIN,1.0,0.0477838491699807,0.004323828,0.0463359728455543,False,4629,True,False,CHIN_49,CHIN,0.9214644877250168,0.024730619893305845,-0.28147767468433765,-0.29358572238785097,0.015117048984613595,-0.060540487087774264,-0.3437621771825842,-0.19725426471417581,0.05003834214273148,-0.6338858872399864,0,,WT_rep1__scan_0801000,CHIN_49,CHIN,0.0
821,WT_rep1__scan_0821000,NC_000913.3,809000,833000,821000,24000,"[{""start"":809000,""end"":833000}]",WT_rep1,WT,1,True,CHIN_50,CHIN,1.0,0.0533171281287371,0.006595697,0.0463359728455543,False,3646,True,False,CHIN_50,CHIN,0.648631770336632,-0.3326783374045147,-0.2758505761621983,-0.7175963118714332,-0.10040259332349863,-0.08947375017516655,0.17043788752903594,0.5826028387722682,-0.21912739286192953,0.07806102605604387,0,,WT_rep1__scan_0821000,CHIN_50,CHIN,0.0
835,WT_rep1__scan_0835000,NC_000913.3,823000,847000,835000,24000,"[{""start"":823000,""end"":847000}]",WT_rep1,WT,1,False,,,1.0,0.0517284501090027,0.005746439,0.0463359728455543,False,4137,False,True,,,0.7901427794374735,0.3423632422434599,-0.0985830254261317,-0.02181484297579394,-0.05378092667150256,0.09401145585326338,-0.477514364809501,-0.14972474316987636,0.3545599090034299,-0.3634337110574994,0,,WT_rep1__scan_3413000,CHIN_186,CHIN,0.4769548940218485
839,WT_rep1__scan_0839000,NC_000913.3,827000,851000,839000,24000,"[{""start"":827000,""end"":851000}]",WT_rep1,WT,1,False,,,1.0,0.0503422460028111,0.0055719786,0.0463359728455543,False,4230,False,True,,,0.8763386201417609,-0.07646341570013164,0.25414459939891865,0.07571885755301343,0.5189631746023078,0.14346181089281443,-0.11987141225244125,-0.5259341055582547,0.3866627184925046,-0.49817114866462003,0,,WT_rep1__scan_3227000,CHIN_178,CHIN,0.6999866435650921
850,WT_rep1__scan_0850000,NC_000913.3,838000,862000,850000,24000,"[{""start"":838000,""end"":862000}]",WT_rep1,WT,1,False,,,1.0,0.0475958444234282,0.004843976,0.0463359728455543,False,4540,False,True,,,0.713663369418026,-0.1224620785615986,-0.7291541788204835,0.12604399589124168,0.04259524707757253,-0.09285427086554142,0.03926194947464395,-0.5111466662478554,-0.2053493671080556,0.07540248632483827,0,,WT_rep1__scan_1418000,CHIN_83,CHIN,0.6914506480478442
859,WT_rep1__scan_0859000,NC_000913.3,847000,871000,859000,24000,"[{""start"":847000,""end"":871000}]",WT_rep1,WT,1,False,,,1.0,0.0502249793474584,0.005752939,0.0463359728455543,False,4134,False,True,,,0.8027432721328297,0.27580718917636576,0.3053274117070146,-0.08549836097234263,-0.3251838036127899,-0.2342532296129105,-0.30785885059295715,-0.28365308335806255,0.79173418832029,-0.1634149313866386,0,,WT_rep1__scan_3413000,CHIN_186,CHIN,0.7456201868187382
875,WT_rep1__scan_0875000,NC_000913.3,863000,887000,875000,24000,"[{""start"":863000,""end"":887000}]",WT_rep1,WT,1,True,CHIN_51;CHID_5,CHID;CHIN,1.0,0.0478699076577834,0.005138088,0.0463359728455543,False,4424,True,False,CHID_5;CHIN_51,CHID;CHIN,0.8591655360353545,-0.025960044748096007,-0.40089847608399515,-0.09626811855023426,-0.000341297649116126,0.03961947929308355,-0.35321238879989386,-0.4386089465482722,0.3671362626054893,-0.6633597840247086,0,,WT_rep1__scan_0875000,CHID_5;CHIN_51,CHID;CHIN,0.0
904,WT_rep1__scan_0904000,NC_000913.3,892000,916000,904000,24000,"[{""start"":892000,""end"":916000}]",WT_rep1,WT,1,False,,,1.0,0.047162241908732,0.0043126848,0.0463359728455543,False,4632,False,True,,,0.8415652823445066,-0.02524073544533856,-0.5643045796456744,-0.1056574377121957,0.12175286020055232,0.15087508503318128,-0.3624721769316332,-0.4271397004712983,0.25427118484151995,-0.50564080994834,0,,WT_rep1__scan_0875000,CHID_5;CHIN_51,CHID;CHIN,0.3036706791331597
910,WT_rep1__scan_0910000,NC_000913.3,898000,922000,910000,24000,"[{""start"":898000,""end"":922000}]",WT_rep1,WT,1,False,,,1.0,0.0491082046303386,0.00488922,0.0463359728455543,False,4523,False,True,,,0.8643374322864045,-0.05064489197878753,0.46958126625735797,-0.29119483354851056,0.2352132336200325,-0.42518649330508956,0.017199199984859494,-0.519916311485975,0.6356714582242996,-0.3250562334272515,0,,WT_rep1__scan_1095000,CHID_6;CHIN_61,CHID;CHIN,0.9863952529324227
911,WT_rep1__scan_0911000,NC_000913.3,899000,923000,911000,24000,"[{""start"":899000,""end"":923000}]",WT_rep1,WT,1,False,,,1.0,0.0509179868677896,0.008817887,0.0463359728455543,False,2604,False,True,,,0.792742447335202,-0.15429319513575862,0.743693713546054,-0.09823848245415615,0.6009503545442569,-0.39691316312989616,0.46279127777110485,-0.7880303815246732,0.42821275908983203,-0.13880051427094595,0,,WT_rep1__scan_3844000,CHIN_217,CHIN,1.2448019213268058
917,WT_rep1__scan_0917000,NC_000913.3,905000,929000,917000,24000,"[{""start"":905000,""end"":929000}]",WT_rep1,WT,1,False,,,1.0,0.0557575962674119,0.012662769,0.0463359728455543,False,1550,False,True,,,0.3022019814396557,-0.756069767617806,0.3475143132322271,0.33277932033483154,-0.9117489837138737,0.4590550236083022,0.03798712159020326,0.6868917780280497,0.6333935217415386,0.4071430854495487,0,,WT_rep1__scan_2255000,CHIN_134,CHIN,0.9740432932055324
919,WT_rep1__scan_0919000,NC_000913.3,907000,931000,919000,24000,"[{""start"":907000,""end"":931000}]",WT_rep1,WT,1,False,,,1.0,0.0565947280834316,0.010471177,0.0463359728455543,False,2071,False,True,,,0.13217949811192262,-0.9414914664211403,-0.4555037481893807,-0.09513091943010901,-1.1454678461612715,0.07888874122697659,0.022698521266096092,0.24171562556151976,-0.052047468715417315,0.6581482000101432,0,,WT_rep1__scan_2255000,CHIN_134,CHIN,1.2294666978286448
937,WT_rep1__scan_0937000,NC_000913.3,925000,949000,937000,24000,"[{""start"":925000,""end"":949000}]",WT_rep1,WT,1,True,OPCID_16,OPCID,1.0,0.0632440250007776,0.014127629,0.0463359728455543,False,1320,True,False,OPCID_16,OPCID,-0.9654869542229427,1.8386856540974061,-1.9532905131899756,0.2236168810578725,0.730543102179527,0.8303911778215438,0.6403114213056009,-0.07085942447023666,1.1982633981963602,0.07867281701346521,0,,WT_rep1__scan_0937000,OPCID_16,OPCID,0.0
953,WT_rep1__scan_0953000,NC_000913.3,941000,965000,953000,24000,"[{""start"":941000,""end"":965000}]",WT_rep1,WT,1,True,OPCID_17;OPCID_18,OPCID,1.0,0.0593228776182919,0.014581338,0.0463359728455543,False,1262,True,False,OPCID_17,OPCID,-0.2768741010853481,-0.8517617717790371,-1.018266104891593,2.061287181866042,2.0051704284082583,-0.14844220943170613,-0.1024022941662342,0.9322546766469082,-1.8356150239206726,0.15358710426564387,0,,WT_rep1__scan_0953000,OPCID_17,OPCID,0.0
963,WT_rep1__scan_0963000,NC_000913.3,951000,975000,963000,24000,"[{""start"":951000,""end"":975000}]",WT_rep1,WT,1,True,OPCID_17;OPCID_18,OPCID,1.0,0.0642604613667899,0.020358527,0.0463359728455543,False,667,True,False,OPCID_18,OPCID,-0.34750768813427463,1.216065080274289,0.10282112422336363,2.4700720099614006,0.3708738792602105,2.150473808374174,0.4299173416439074,1.410438322203253,-0.6669330724082727,-0.4864337596352874,0,,WT_rep1__scan_0963000,OPCID_18,OPCID,0.0
979,WT_rep1__scan_0979000,NC_000913.3,967000,991000,979000,24000,"[{""start"":967000,""end"":991000}]",WT_rep1,WT,1,False,,,1.0,0.0696394022437256,0.014147087,0.0463359728455543,False,1319,False,True,,,-0.6597200507339758,-0.9868290193061305,1.1250135030566417,-0.6946917921362707,-0.8554569197156007,-0.35259935406712695,0.5070652372913994,2.0570746264755218,1.1821807677004632,0.7382477889869903,0,,WT_rep1__scan_3634000,CHID_19;CHIN_191,CHID;CHIN,2.073219988779515
998,WT_rep1__scan_0998000,NC_000913.3,986000,1010000,998000,24000,"[{""start"":986000,""end"":1010000}]",WT_rep1,WT,1,True,CHIN_52;CHIN_53,CHIN,1.0,0.0518035384319135,0.01138253,0.0463359728455543,False,1832,True,False,CHIN_52,CHIN,0.5992983387961176,0.8314181062932984,0.8304039986646096,0.12957371717967148,-0.7837353838678335,1.399882530235178,-0.13856505311738895,-0.6275360990184993,-0.7126289617994304,0.0571684483044084,0,,WT_rep1__scan_0998000,CHIN_52,CHIN,0.0
999,WT_rep1__scan_0999000,NC_000913.3,987000,1011000,999000,24000,"[{""start"":987000,""end"":1011000}]",WT_rep1,WT,1,True,CHIN_52;CHIN_53,CHIN,1.0,0.0493828353100239,0.007995042,0.0463359728455543,False,2967,True,False,CHIN_53,CHIN,0.7507086671614897,0.4384403850814747,0.5033773241383223,0.1805317979966497,-0.7467122076366186,0.21981340653417766,-0.20007979016545968,-0.407723225935607,0.08039928862012093,-0.2745140838339946,0,,WT_rep1__scan_0999000,CHIN_53,CHIN,0.0
1012,WT_rep1__scan_1012000,NC_000913.3,1000000,1024000,1012000,24000,"[{""start"":1000000,""end"":1024000}]",WT_rep1,WT,1,False,,,1.0,0.0533916490070321,0.008150259,0.0463359728455543,False,2900,False,True,,,0.45928466326021894,-0.6639598758401107,0.49266245140311293,-0.7311812747553862,-0.5535459571813394,0.05921401850061646,0.6693923186406868,1.330086775983086,0.017232585837660637,0.05618528066679117,0,,WT_rep1__scan_4578000,CHIN_247,CHIN,0.9095641270198507
1014,WT_rep1__scan_1014000,NC_000913.3,1002000,1026000,1014000,24000,"[{""start"":1002000,""end"":1026000}]",WT_rep1,WT,1,False,,,1.0,0.0551320169796787,0.008158448,0.0463359728455543,False,2893,False,True,,,0.29159602090278824,-0.37412521256549075,-0.2726432295930175,-0.17481835827114364,-1.266766546325749,-1.166409956003846,0.418457520059134,0.5095486378478247,0.6974617063518094,0.5521352293895281,0,,WT_rep1__scan_4579000,CHID_26,CHID,1.1291973915137894
1017,WT_rep1__scan_1017000,NC_000913.3,1005000,1029000,1017000,24000,"[{""start"":1005000,""end"":1029000}]",WT_rep1,WT,1,False,,,1.0,0.0576511672815513,0.008968981,0.0463359728455543,False,2548,False,True,,,0.006942044835137952,-0.4676337287873964,-0.8416733786311427,0.9530514848823062,0.013828805855011521,0.3668762847271246,0.6770804675422292,0.7534050072471871,-0.41599030431341727,0.6029191761915071,0,,WT_rep1__scan_1667000,OPCID_26,OPCID,0.8823061037833752
1018,WT_rep1__scan_1018000,NC_000913.3,1006000,1030000,1018000,24000,"[{""start"":1006000,""end"":1030000}]",WT_rep1,WT,1,False,,,1.0,0.0578065454530577,0.008930288,0.0463359728455543,False,2561,False,True,,,0.0448010648599718,-0.3919232443625365,-0.9461801673964911,0.9990695070915507,0.06714654179194496,0.4144356805212144,0.23896106350497331,0.5235717955011999,-0.2425370932595352,0.7434931032732411,0,,WT_rep1__scan_2967000,OPCID_49,OPCID,1.0810434345157445
1019,WT_rep1__scan_1019000,NC_000913.3,1007000,1031000,1019000,24000,"[{""start"":1007000,""end"":1031000}]",WT_rep1,WT,1,False,,,1.0,0.057256432937788,0.009006764,0.0463359728455543,False,2533,False,True,,,0.16715901845833625,-0.24084686935623387,-0.8594702626970564,0.9858037071672386,0.6039231602561126,0.16597455896052318,-0.08475303885516977,0.7793053043186791,-0.44179681809396165,0.8522485017628515,0,,WT_rep1__scan_2967000,OPCID_49,OPCID,1.0999117675183732
1022,WT_rep1__scan_1022000,NC_000913.3,1010000,1034000,1022000,24000,"[{""start"":1010000,""end"":1034000}]",WT_rep1,WT,1,False,,,1.0,0.0575757005955631,0.01193928,0.0463359728455543,False,1689,False,True,,,0.24884542145539815,0.05209872967756671,0.19897445340565428,-1.0063160083124225,1.1102062205131333,-0.0848673985904116,-0.7254753591761061,0.9994354721624209,1.1311143061664188,0.6064159612248775,0,,WT_rep1__scan_0677000,CHIN_41,CHIN,1.6048406965234687
1024,WT_rep1__scan_1024000,NC_000913.3,1012000,1036000,1024000,24000,"[{""start"":1012000,""end"":1036000}]",WT_rep1,WT,1,False,,,1.0,0.0572312773800892,0.009490761,0.0463359728455543,False,2371,False,True,,,0.14090949572076647,0.5601261736814349,0.27088197026652694,-1.6822746177240826,-0.37303297550713427,-0.3322099610926081,0.8452337469917929,1.38244610963847,0.09141938999905223,1.6931073188226624,0,,WT_rep1__scan_1230000,CHIN_76,CHIN,1.465765320258376
1025,WT_rep1__scan_1025000,NC_000913.3,1013000,1037000,1025000,24000,"[{""start"":1013000,""end"":1037000}]",WT_rep1,WT,1,False,,,1.0,0.05714446230018,0.009419826,0.0463359728455543,False,2395,False,True,,,0.07775187505896948,0.728131146930145,0.1717301387257717,-1.0636359999298104,-0.9541518450168526,-0.41785912046506185,1.6311195912771286,1.071097842401618,-0.0007785991814404157,0.8092979785694383,0,,WT_rep1__scan_4579000,CHID_26,CHID,1.8335050889002629
1029,WT_rep1__scan_1029000,NC_000913.3,1017000,1041000,1029000,24000,"[{""start"":1017000,""end"":1041000}]",WT_rep1,WT,1,False,,,1.0,0.0546676792662897,0.00973687,0.0463359728455543,False,2291,False,True,,,0.5055402262936166,0.9059477586868715,-0.3998354288546868,0.19925874205904331,-0.10026963502648237,0.24838110453290949,-1.1549539292191746,-0.2672842712459227,0.5186017601469937,0.24085223214944107,0,,WT_rep1__scan_2024000,CHIN_110,CHIN,1.1568265234740727
1030,WT_rep1__scan_1030000,NC_000913.3,1018000,1042000,1030000,24000,"[{""start"":1018000,""end"":1042000}]",WT_rep1,WT,1,False,,,1.0,0.0536407458097147,0.009760882,0.0463359728455543,False,2282,False,True,,,0.5644959555142313,0.8362932379946398,-0.390007919582431,-0.03695270495112089,0.10679406911788819,1.180718681247252,-0.8123684029670697,-0.12880406376401787,0.20070308917132,0.2841474692388035,0,,WT_rep1__scan_2024000,CHIN_110,CHIN,1.2593913810959363
1050,WT_rep1__scan_1050000,NC_000913.3,1038000,1062000,1050000,24000,"[{""start"":1038000,""end"":1062000}]",WT_rep1,WT,1,True,CHIN_54;CHIN_55,CHIN,0.984375,0.0447601754372727,0.0061604194,0.0463359728455543,False,3914,True,False,CHIN_54,CHIN,0.9692303953100754,-0.1694415307722233,-0.42475115405930325,-0.41466852580626934,-0.033353839261525,-0.1282713673395959,-0.24583141921260457,-0.48178650114677657,-0.5039459007140795,-1.04502791000906,0,,WT_rep1__scan_1050000,CHIN_54,CHIN,0.0
1052,WT_rep1__scan_1052000,NC_000913.3,1040000,1064000,1052000,24000,"[{""start"":1040000,""end"":1064000}]",WT_rep1,WT,1,True,CHIN_54;CHIN_55,CHIN,0.9998779296875,0.045328600226607,0.006677285,0.0463359728455543,False,3595,True,False,CHIN_55,CHIN,0.9646767716421714,-0.18667362003145674,-0.37698773057778745,-0.36201494965202485,0.1134560311435073,-0.16238492687230452,-0.2624817626493822,-0.07237930728593342,-0.6971880997664808,-1.0296698550987704,0,,WT_rep1__scan_1052000,CHIN_55,CHIN,0.0
1065,WT_rep1__scan_1065000,NC_000913.3,1053000,1077000,1065000,24000,"[{""start"":1053000,""end"":1077000}]",WT_rep1,WT,1,True,CHIN_56,CHIN,1.0,0.0470677666625234,0.0055370717,0.0463359728455543,False,4250,True,False,CHIN_56,CHIN,0.9004022487270614,-0.1082115558574689,-0.5160636351450474,-0.15664943592662472,0.03194139285742508,-0.15930575084771353,-0.2741041798650891,-0.44600148227031544,-0.2752182989554843,-0.9621905208579808,0,,WT_rep1__scan_1065000,CHIN_56,CHIN,0.0
1088,WT_rep1__scan_1088000,NC_000913.3,1076000,1100000,1088000,24000,"[{""start"":1076000,""end"":1100000}]",WT_rep1,WT,1,True,CHID_6;CHIN_57;CHIN_59;CHIN_58;CHIN_60;CHIN_61,CHID;CHIN,0.9383544921875,0.0439121274056099,0.008368945,0.0463359728455543,False,2781,True,False,CHIN_57;CHIN_58,CHIN,0.8893193702623153,-0.2515179219843648,-0.5369552927673336,-0.3818818951642324,-0.1485766316828922,-0.13484406700140766,-0.2917839902151039,-0.658087195281791,-0.743247811963834,-1.0055378343233614,0,,WT_rep1__scan_1088000,CHIN_57;CHIN_58,CHIN,0.0
1090,WT_rep1__scan_1090000,NC_000913.3,1078000,1102000,1090000,24000,"[{""start"":1078000,""end"":1102000}]",WT_rep1,WT,1,True,CHID_6;CHIN_57;CHIN_59;CHIN_58;CHIN_60;CHIN_61;CHIN_62,CHID;CHIN,0.93829345703125,0.0446112314293726,0.007858034,0.0463359728455543,False,3037,True,False,CHIN_59,CHIN,0.8910936476965364,-0.20517246730078811,-0.44437512473947066,-0.4762182977004259,0.08877381943819279,-0.03580136110157652,-0.3492265703436614,-0.6770531645710258,-0.3209310491492327,-0.5095993118280704,0,,WT_rep1__scan_1090000,CHIN_59,CHIN,0.0
1093,WT_rep1__scan_1093000,NC_000913.3,1081000,1105000,1093000,24000,"[{""start"":1081000,""end"":1105000}]",WT_rep1,WT,1,True,CHID_6;CHIN_57;CHIN_59;CHIN_58;CHIN_60;CHIN_61;CHIN_62;CHIN_63,CHID;CHIN,0.93829345703125,0.0452782321557711,0.008296719,0.0463359728455543,False,2829,True,False,CHIN_60,CHIN,0.841726145407177,-0.1851331985056228,-0.24937972635014571,-0.30171547803918636,0.3633360136815371,-0.12884933871547272,0.09198983889357672,-0.24892325102942053,-0.5378786096608872,-0.6691912619948608,0,,WT_rep1__scan_1093000,CHIN_60,CHIN,0.0
1095,WT_rep1__scan_1095000,NC_000913.3,1083000,1107000,1095000,24000,"[{""start"":1083000,""end"":1107000}]",WT_rep1,WT,1,True,CHID_6;CHIN_57;CHIN_59;CHIN_58;CHIN_60;CHIN_61;CHIN_62;CHIN_63,CHID;CHIN,0.92340087890625,0.0457094969543416,0.00818342,0.0463359728455543,False,2875,True,False,CHID_6;CHIN_61,CHID;CHIN,0.8623405986594715,-0.06882453784010081,0.06992820649694181,-0.32239008939011715,0.09873756126565542,-0.6017380978910144,-0.5983007385499391,-0.02299495675964679,0.2764187393694499,-0.41058865199541605,0,,WT_rep1__scan_1095000,CHID_6;CHIN_61,CHID;CHIN,0.0
1103,WT_rep1__scan_1103000,NC_000913.3,1091000,1115000,1103000,24000,"[{""start"":1091000,""end"":1115000}]",WT_rep1,WT,1,True,CHID_6;CHIN_59;CHIN_60;CHIN_61;CHIN_62;CHIN_63,CHID;CHIN,0.9383544921875,0.0492803404043974,0.008806239,0.0463359728455543,False,2608,True,False,CHIN_62,CHIN,0.7698904083570737,-0.12392670725826667,-0.05328287689628721,0.0034982384660856795,0.17730820041443432,0.608749510377353,0.022726607598134264,-0.5929517197197623,0.3093846866918809,-0.22886340719608833,0,,WT_rep1__scan_1103000,CHIN_62,CHIN,0.0
1105,WT_rep1__scan_1105000,NC_000913.3,1093000,1117000,1105000,24000,"[{""start"":1093000,""end"":1117000}]",WT_rep1,WT,1,True,CHID_6;CHIN_59;CHIN_60;CHIN_61;CHIN_62;CHIN_63,CHID;CHIN,0.93829345703125,0.0498663036285858,0.008068844,0.0463359728455543,False,2929,True,False,CHIN_63,CHIN,0.7453148939352051,-0.31851987745239063,-0.009398519428944358,-0.5294739569811902,0.055133361736210265,0.01189279121140579,0.054362060077569996,0.6794254607530268,-0.18043395801435294,0.09601745266566401,0,,WT_rep1__scan_1105000,CHIN_63,CHIN,0.0
1119,WT_rep1__scan_1119000,NC_000913.3,1107000,1131000,1119000,24000,"[{""start"":1107000,""end"":1131000}]",WT_rep1,WT,1,True,CHIN_64;CHIN_65,CHIN,1.0,0.0533943916307931,0.0063279187,0.0463359728455543,False,3811,True,False,CHIN_64,CHIN,0.46790712032414217,0.018361410947398994,0.8840259206336787,0.04167571782417717,0.358275527796902,-0.502303071597992,0.599496714920813,-0.07928748572395775,0.5148106576681728,1.0521554336009826,0,,WT_rep1__scan_1119000,CHIN_64,CHIN,0.0
1120,WT_rep1__scan_1120000,NC_000913.3,1108000,1132000,1120000,24000,"[{""start"":1108000,""end"":1132000}]",WT_rep1,WT,1,True,CHIN_64;CHIN_65,CHIN,1.0,0.0541575698936007,0.0066974736,0.0463359728455543,False,3582,True,False,CHIN_65,CHIN,0.4033777525895815,0.028482898555743586,0.9530402070474174,0.3394317500881625,0.15500561887206082,-0.1645422821836837,0.6619279751071988,0.028953781488004565,0.5935853540284147,1.2837181928080426,0,,WT_rep1__scan_1120000,CHIN_65,CHIN,0.0
1143,WT_rep1__scan_1143000,NC_000913.3,1131000,1155000,1143000,24000,"[{""start"":1131000,""end"":1155000}]",WT_rep1,WT,1,True,OPCID_19,OPCID,1.0,0.0789072424287984,0.025283953,0.0463359728455543,False,404,True,False,OPCID_19,OPCID,-1.6468844358816936,-1.3582938023916522,0.4737898661961741,1.3546350061325998,-0.5715920171874279,0.02701237644570845,-1.0532538158769424,0.5216345583355325,-0.03889542531713427,0.20858715637802455,0,,WT_rep1__scan_1143000,OPCID_19,OPCID,0.0
1160,WT_rep1__scan_1160000,NC_000913.3,1148000,1172000,1160000,24000,"[{""start"":1148000,""end"":1172000}]",WT_rep1,WT,1,False,,,1.0,0.0755628761938335,0.028796313,0.0463359728455543,False,289,False,True,,,-1.1374858543318676,2.575024068176664,0.8572416213948886,1.3779882522167177,-0.6624275716786093,-2.0514462538553446,-3.623585831087181,0.04457790747682354,2.5217109719261983,0.7229806835744526,-1,,WT_rep1__scan_2650000,OPCID_42,OPCID,4.198187037350289
1165,WT_rep1__scan_1165000,NC_000913.3,1153000,1177000,1165000,24000,"[{""start"":1153000,""end"":1177000}]",WT_rep1,WT,1,False,,,1.0,0.0646604916180199,0.013785733,0.0463359728455543,False,1374,False,True,,,-0.5819767849190631,1.51281338596524,0.38133817574708995,0.48417016049216144,-0.7284387174137527,-2.7121440518785884,1.1092086872455265,-0.23371741125777845,-1.4104705202983008,1.1293958009318006,0,,WT_rep1__scan_3745000,CHIN_201,CHIN,2.8472520672374273
1181,WT_rep1__scan_1181000,NC_000913.3,1169000,1193000,1181000,24000,"[{""start"":1169000,""end"":1193000}]",WT_rep1,WT,1,True,CHIN_66;OPCID_20,CHIN;OPCID,1.0,0.0548615474815349,0.007626058,0.0463359728455543,False,3157,True,False,CHIN_66,CHIN,0.44819471850205034,-0.19453280331521156,0.18752886712813427,0.3296312525571573,0.5995696976496022,0.16715467192909764,-0.3849381972788924,1.2863575630236812,0.5657937476841305,0.8766335690903042,0,,WT_rep1__scan_1181000,CHIN_66,CHIN,0.0
1189,WT_rep1__scan_1189000,NC_000913.3,1177000,1201000,1189000,24000,"[{""start"":1177000,""end"":1201000}]",WT_rep1,WT,1,True,CHIN_66;OPCID_20;CHIN_67;CHIN_68,CHIN;OPCID,1.0,0.0552366112725487,0.008985247,0.0463359728455543,False,2541,True,False,OPCID_20,OPCID,0.17724151020192944,0.09415970911583944,0.14250959438796856,1.2829087523674767,0.4723190077383071,-0.0569777080909339,0.8096341196446138,-0.9972865200779482,1.3092213239773027,0.9274085014227103,0,,WT_rep1__scan_1189000,OPCID_20,OPCID,0.0
1198,WT_rep1__scan_1198000,NC_000913.3,1186000,1210000,1198000,24000,"[{""start"":1186000,""end"":1210000}]",WT_rep1,WT,1,True,OPCID_20;CHIN_67;CHIN_68;CHIN_69;CHID_7;CHIN_70,CHID;CHIN;OPCID,1.0,0.0533870151479477,0.00854655,0.0463359728455543,False,2700,True,False,CHIN_67,CHIN,0.38908075206111997,0.4745331281340282,-0.26324442979028523,0.600819624313938,-0.07627738682976792,-0.4616738065492805,-0.18437725701487614,-0.2774218937359822,0.29277213528722956,0.9298373427246754,0,,WT_rep1__scan_1198000,CHIN_67,CHIN,0.0
1199,WT_rep1__scan_1199000,NC_000913.3,1187000,1211000,1199000,24000,"[{""start"":1187000,""end"":1211000}]",WT_rep1,WT,1,True,OPCID_20;CHIN_67;CHIN_68;CHIN_69;CHID_7;CHIN_70,CHID;CHIN;OPCID,1.0,0.0530163961067156,0.009284557,0.0463359728455543,False,2441,True,False,CHIN_68,CHIN,0.4650168575591455,0.3718209346309466,-0.23138562960991094,0.40802822217295076,0.403901879970578,0.38913671328809357,-0.17642066418277438,0.1900878165085212,0.4097976510005333,0.5484384520323207,0,,WT_rep1__scan_1199000,CHIN_68,CHIN,0.0
1203,WT_rep1__scan_1203000,NC_000913.3,1191000,1215000,1203000,24000,"[{""start"":1191000,""end"":1215000}]",WT_rep1,WT,1,True,CHIN_67;CHIN_68;CHIN_69;CHID_7;CHIN_70;CHIN_71,CHID;CHIN,1.0,0.0505614587167833,0.009213233,0.0463359728455543,False,2463,True,False,CHIN_69,CHIN,0.6000091434999595,0.12259838651159677,0.6739988407861198,-0.2810835588882052,0.8005677442806128,-0.04726020509601021,0.3063804368182058,0.29861652570856995,0.5402558954826037,0.506626772322536,0,,WT_rep1__scan_1203000,CHIN_69,CHIN,0.0
1211,WT_rep1__scan_1211000,NC_000913.3,1199000,1223000,1211000,24000,"[{""start"":1199000,""end"":1223000}]",WT_rep1,WT,1,True,CHIN_67;CHIN_68;CHIN_69;CHID_7;CHIN_70;CHIN_71;CHIN_72;CHIN_73;CHIN_74;CHIN_75,CHID;CHIN,1.0,0.0488380187689852,0.010044927,0.0463359728455543,False,2197,True,False,CHIN_70,CHIN,0.4553273372580819,-0.3395582373473417,-0.24389383740615325,0.5039956754496141,-0.5510508717863685,0.16145394288082726,-0.47405611271477904,0.9614560306463635,0.47441047151003485,0.5644334490804748,0,,WT_rep1__scan_1211000,CHIN_70,CHIN,0.0
1214,WT_rep1__scan_1214000,NC_000913.3,1202000,1226000,1214000,24000,"[{""start"":1202000,""end"":1226000}]",WT_rep1,WT,1,True,CHIN_69;CHID_7;CHIN_70;CHIN_71;CHIN_72;CHIN_73;CHIN_74;CHIN_75;OPCID_21,CHID;CHIN;OPCID,1.0,0.0498932286165005,0.010056448,0.0463359728455543,False,2190,True,False,CHID_7,CHID,0.3175244061250919,-0.38633453527655764,-0.4744300511064237,-0.062100650133044645,0.3563985941085126,0.3292658386574204,0.5977156152797309,0.042552715960141235,-0.48838414796517,1.4870158717031685,0,,WT_rep1__scan_1214000,CHID_7,CHID,0.0
1216,WT_rep1__scan_1216000,NC_000913.3,1204000,1228000,1216000,24000,"[{""start"":1204000,""end"":1228000}]",WT_rep1,WT,1,True,CHID_7;CHIN_70;CHIN_71;CHIN_72;CHIN_73;CHIN_74;CHIN_75;OPCID_21,CHID;CHIN;OPCID,1.0,0.0500333810497576,0.008634357,0.0463359728455543,False,2666,True,False,CHIN_71,CHIN,0.2314986653145275,-0.739835253214663,0.2435145873011268,-0.06345274533433606,0.8876054202027284,-0.547237455499764,1.1983809241156285,-0.22000576965032168,-1.137726556027842,0.9324740085351243,0,,WT_rep1__scan_1216000,CHIN_71,CHIN,0.0
1217,WT_rep1__scan_1217000,NC_000913.3,1205000,1229000,1217000,24000,"[{""start"":1205000,""end"":1229000}]",WT_rep1,WT,1,True,CHID_7;CHIN_70;CHIN_71;CHIN_72;CHIN_73;CHIN_74;CHIN_75;OPCID_21;CHIN_76,CHID;CHIN;OPCID,1.0,0.0502692381261667,0.010247303,0.0463359728455543,False,2147,True,False,CHIN_72,CHIN,0.2302339269128761,-0.5029566862372346,0.2646516639375698,-0.04817232227058722,0.37899869946645215,-0.7120574564806085,0.5780853800820562,0.336651639830042,-0.5441021272677269,0.9973794841638108,0,,WT_rep1__scan_1217000,CHIN_72,CHIN,0.0
1218,WT_rep1__scan_1218000,NC_000913.3,1206000,1230000,1218000,24000,"[{""start"":1206000,""end"":1230000}]",WT_rep1,WT,1,True,CHID_7;CHIN_70;CHIN_71;CHIN_72;CHIN_73;CHIN_74;CHIN_75;OPCID_21;CHIN_76,CHID;CHIN;OPCID,1.0,0.0502505133071696,0.011111867,0.0463359728455543,False,1906,True,False,CHIN_73,CHIN,0.2176592388877545,-0.1909968517253114,0.28981308164258135,-0.04720212290359933,-0.020421999151947517,-0.5133807362407847,0.15821601793876877,1.0650766172191455,0.23215697913276273,1.1415943358180078,0,,WT_rep1__scan_1218000,CHIN_73,CHIN,0.0
1219,WT_rep1__scan_1219000,NC_000913.3,1207000,1231000,1219000,24000,"[{""start"":1207000,""end"":1231000}]",WT_rep1,WT,1,True,CHID_7;CHIN_70;CHIN_71;CHIN_72;CHIN_73;CHIN_74;CHIN_75;OPCID_21;CHIN_76,CHID;CHIN;OPCID,1.0,0.0500044426702825,0.0108606815,0.0463359728455543,False,1967,True,False,CHIN_74,CHIN,0.13261477611411449,0.11710708476823051,0.12480970514157948,0.019240230910411382,-0.22883426531069473,0.06466613349017243,0.09136940298802045,1.2282298436691088,0.9045554213807112,0.9907013012681807,0,,WT_rep1__scan_1219000,CHIN_74,CHIN,0.0
1220,WT_rep1__scan_1220000,NC_000913.3,1208000,1232000,1220000,24000,"[{""start"":1208000,""end"":1232000}]",WT_rep1,WT,1,True,CHID_7;CHIN_70;CHIN_71;CHIN_72;CHIN_73;CHIN_74;CHIN_75;OPCID_21;CHIN_76,CHID;CHIN;OPCID,1.0,0.0499100620039729,0.009969067,0.0463359728455543,False,2223,True,False,CHIN_75,CHIN,0.10067831149138247,0.33750819403494975,-0.08488384558697751,-0.07673072421440642,-0.13948740996567158,0.15050563765141334,0.40120316036913906,0.9973793809069893,1.2763478687729857,0.8596930107155119,0,,WT_rep1__scan_1220000,CHIN_75,CHIN,0.0
1225,WT_rep1__scan_1225000,NC_000913.3,1213000,1237000,1225000,24000,"[{""start"":1213000,""end"":1237000}]",WT_rep1,WT,1,True,CHID_7;CHIN_71;CHIN_72;CHIN_73;CHIN_74;CHIN_75;OPCID_21;CHIN_76,CHID;CHIN;OPCID,1.0,0.0527466831141056,0.009027117,0.0463359728455543,False,2519,True,False,OPCID_21,OPCID,-0.026361944455699542,0.10571251591114075,-0.08704391165773574,1.17391429249436,0.19579750312926614,-0.4012679691156925,1.2316601334285353,0.9240607258055652,-0.8203091382222586,1.1706801371881446,0,,WT_rep1__scan_1225000,OPCID_21,OPCID,0.0
1230,WT_rep1__scan_1230000,NC_000913.3,1218000,1242000,1230000,24000,"[{""start"":1218000,""end"":1242000}]",WT_rep1,WT,1,True,CHID_7;CHIN_72;CHIN_73;CHIN_74;CHIN_75;OPCID_21;CHIN_76,CHID;CHIN;OPCID,1.0,0.0529034798640778,0.007970695,0.0463359728455543,False,2975,True,False,CHIN_76,CHIN,0.16412169447182717,0.07535139188430162,-0.01141224363429229,-1.2038805757992697,0.29225906795933965,0.4703566750520337,1.0132808188768558,1.7230251965302057,-0.5062486485380187,1.5658125009958646,0,,WT_rep1__scan_1230000,CHIN_76,CHIN,0.0
1249,WT_rep1__scan_1249000,NC_000913.3,1237000,1261000,1249000,24000,"[{""start"":1237000,""end"":1261000}]",WT_rep1,WT,1,True,OPCID_22,OPCID,1.0,0.0587007029636047,0.01154706,0.0463359728455543,False,1787,True,False,OPCID_22,OPCID,0.06583313873266304,-1.1676283057608163,1.7134727517783477,0.782167336935695,2.325865496944793,-0.06734783349727125,1.9261434720957615,-1.8622853014249465,0.3034553772753059,1.2006626739156052,0,,WT_rep1__scan_1249000,OPCID_22,OPCID,0.0
1265,WT_rep1__scan_1265000,NC_000913.3,1253000,1277000,1265000,24000,"[{""start"":1253000,""end"":1277000}]",WT_rep1,WT,1,False,,,1.0,0.0645414282705484,0.019397287,0.0463359728455543,False,764,False,True,,,-0.7171737942170501,1.029577348171261,1.0927706388913239,-1.2539950257198007,1.3863286137602013,-1.8031435521358041,1.2624775749170605,0.7141754476586759,0.5261426137003633,0.12566836872030968,0,,WT_rep1__scan_3995000,OPCID_62,OPCID,2.3401885267776907
1269,WT_rep1__scan_1269000,NC_000913.3,1257000,1281000,1269000,24000,"[{""start"":1257000,""end"":1281000}]",WT_rep1,WT,1,False,,,1.0,0.0642107176704844,0.01982802,0.0463359728455543,False,728,False,True,,,-0.5328678785740831,2.5405556705515413,0.7692612703459786,-0.40150155456906106,-1.201974269211523,0.8025139069833662,0.4188447368858465,0.7661967192582958,-0.728607978121317,-0.18575282955625447,0,,WT_rep1__scan_3902000,CHIN_219,CHIN,2.5745765677936148
1279,WT_rep1__scan_1279000,NC_000913.3,1267000,1291000,1279000,24000,"[{""start"":1267000,""end"":1291000}]",WT_rep1,WT,1,False,,,1.0,0.0521176047702716,0.009110066,0.0463359728455543,False,2495,False,True,,,0.6340643493343716,-0.06404747723428869,1.1180118804356365,-0.12556667725599732,1.4324551259239862,0.07682941220129379,0.9657694876842474,-1.5737116570710452,0.5349195267872116,0.20475930190484856,0,,WT_rep1__scan_3844000,CHIN_217,CHIN,1.5880178990845033
1281,WT_rep1__scan_1281000,NC_000913.3,1269000,1293000,1281000,24000,"[{""start"":1269000,""end"":1293000}]",WT_rep1,WT,1,False,,,1.0,0.0523865612901778,0.009986838,0.0463359728455543,False,2213,False,True,,,0.6410334626933378,-0.208901330953817,1.6197361497945668,0.18724001680522415,0.805963106398936,-0.998577714114891,1.0454739910860087,-1.8980484189099869,1.3786467844078039,-0.35822450924568566,0,,WT_rep1__scan_3844000,CHIN_217,CHIN,2.395926534946265
1282,WT_rep1__scan_1282000,NC_000913.3,1270000,1294000,1282000,24000,"[{""start"":1270000,""end"":1294000}]",WT_rep1,WT,1,False,,,1.0,0.053986493123577,0.011106879,0.0463359728455543,False,1907,False,True,,,0.598843954012343,-0.027765918735496747,1.567462894403997,0.3480132780584601,0.2778004103207162,-0.06812357897953332,0.8698225771807457,-1.8388480659257465,2.0329788391371495,-0.46889027952608364,0,,WT_rep1__scan_1189000,OPCID_20,OPCID,2.5140448209892434
1296,WT_rep1__scan_1296000,NC_000913.3,1284000,1308000,1296000,24000,"[{""start"":1284000,""end"":1308000}]",WT_rep1,WT,1,True,OPCID_23,OPCID,0.9383544921875,0.1017632181158008,0.052814588,0.0463359728455543,True,21,False,False,,,-2.057418415733022,-2.5253548328380866,1.1223432656454586,0.7603165383230926,0.7105896563101798,-1.4113736732113802,0.4119564514495214,0.14979375940879733,0.11746441072282138,0.9568622525624672,0,NC_000913.3:locus_0002,WT_rep1__scan_3042000,OPCID_51,OPCID,2.455343411086872
1297,WT_rep1__scan_1297000,NC_000913.3,1285000,1309000,1297000,24000,"[{""start"":1285000,""end"":1309000}]",WT_rep1,WT,1,True,OPCID_23,OPCID,0.92340087890625,0.1030657422884263,0.047064863,0.0463359728455543,True,45,False,False,,,-2.3742694877875654,-2.263910971317565,0.2837232143900674,0.7271004439829162,0.19955935702847977,-1.905876733117292,-1.0686236538910536,1.5985722210144895,1.4215232511860907,-1.786529008074787,-1,NC_000913.3:locus_0002,WT_rep1__scan_3042000,OPCID_51,OPCID,3.201178855264212
1298,WT_rep1__scan_1298000,NC_000913.3,1286000,1310000,1298000,24000,"[{""start"":1286000,""end"":1310000}]",WT_rep1,WT,1,True,OPCID_23,OPCID,0.9383544921875,0.1037469232084983,0.057499994,0.0463359728455543,True,10,False,False,,,-2.501211282346543,-1.3654824246797976,-0.19630605643466795,-0.19432108494673278,-0.1230517029070094,-0.6214471809782495,-2.359135912603792,1.8306014340772143,2.0559636796160037,-2.2445265890137645,-1,NC_000913.3:locus_0002,WT_rep1__scan_0193000,OPCID_6,OPCID,3.782112391713876
1299,WT_rep1__scan_1299000,NC_000913.3,1287000,1311000,1299000,24000,"[{""start"":1287000,""end"":1311000}]",WT_rep1,WT,1,True,OPCID_23,OPCID,0.9383544921875,0.1050009387564914,0.059280723,0.0463359728455543,True,5,False,False,,,-2.5937467699683845,-0.3825219278384422,-0.226936221935052,-2.344008736151446,-1.3029861353384995,1.1055369630428378,-2.612411046519642,-0.5786022119610397,2.867846297184512,-0.35255466951024034,-1,NC_000913.3:locus_0002,WT_rep1__scan_3269000,CHIN_181,CHIN,4.431506338300767
1303,WT_rep1__scan_1303000,NC_000913.3,1291000,1315000,1303000,24000,"[{""start"":1291000,""end"":1315000}]",WT_rep1,WT,1,True,OPCID_23;CHIN_77,CHIN;OPCID,0.92340087890625,0.1032693550359505,0.037075564,0.0463359728455543,False,117,True,False,OPCID_23,OPCID,-3.096322862038102,1.748435943224738,-2.372479608170436,0.0020730774169518654,-1.7814055222889078,-1.8970223105423123,3.6455912609500922,-1.7081313555598563,-0.7136057960215457,-3.4452467441182746,-1,,WT_rep1__scan_1303000,OPCID_23,OPCID,0.0
1316,WT_rep1__scan_1316000,NC_000913.3,1304000,1328000,1316000,24000,"[{""start"":1304000,""end"":1328000}]",WT_rep1,WT,1,True,OPCID_23;CHIN_77,CHIN;OPCID,1.0,0.0600556043639449,0.0135782445,0.0463359728455543,False,1406,True,False,CHIN_77,CHIN,0.3600998604006445,1.5143444909565127,1.3775996233987169,0.48984265043616426,-0.6461931921458973,-0.35347098957143047,-1.255899306969021,-0.43405191328715353,-2.0907813264472805,0.12978736207587036,0,,WT_rep1__scan_1316000,CHIN_77,CHIN,0.0
1340,WT_rep1__scan_1340000,NC_000913.3,1328000,1352000,1340000,24000,"[{""start"":1328000,""end"":1352000}]",WT_rep1,WT,1,True,OPCID_24;OPCID_25,OPCID,1.0,0.0581133299365943,0.009005975,0.0463359728455543,False,2534,True,False,OPCID_24,OPCID,-0.4077125949636609,0.29477081188781296,-1.3145346252927035,1.080150516708004,0.8213493091589392,0.2380075039531827,2.3273777540614518,0.8541888692635728,-0.45484938314199586,-0.4166392975793345,0,,WT_rep1__scan_1340000,OPCID_24,OPCID,0.0
1354,WT_rep1__scan_1354000,NC_000913.3,1342000,1366000,1354000,24000,"[{""start"":1342000,""end"":1366000}]",WT_rep1,WT,1,True,OPCID_25,OPCID,1.0,0.0482911215396597,0.004858156,0.0463359728455543,False,4536,True,False,OPCID_25,OPCID,0.8349310139554761,0.15679810605551672,-0.42560402173832795,-0.1391717372144335,0.1617110914110939,0.2293329120701118,-0.6026499706656299,-0.2830390890826749,0.6558013700779612,-0.20988869316389336,0,,WT_rep1__scan_1354000,OPCID_25,OPCID,0.0
1371,WT_rep1__scan_1371000,NC_000913.3,1359000,1383000,1371000,24000,"[{""start"":1359000,""end"":1383000}]",WT_rep1,WT,1,True,CHIN_78;CHIN_79,CHIN,1.0,0.0458265380841008,0.0060700467,0.0463359728455543,False,3968,True,False,CHIN_78,CHIN,0.9520512736561154,-0.1331537645868043,-0.4159463752097244,-0.2794042595925179,0.2089873521687725,-0.11939419454703845,-0.4892987669568871,-0.3144611571864698,-0.32734595004455563,-1.0278961987683228,0,,WT_rep1__scan_1371000,CHIN_78,CHIN,0.0
1383,WT_rep1__scan_1383000,NC_000913.3,1371000,1395000,1383000,24000,"[{""start"":1371000,""end"":1395000}]",WT_rep1,WT,1,True,CHIN_78;CHIN_79;CHIN_80,CHIN,1.0,0.0469038772304845,0.0062361695,0.0463359728455543,False,3874,True,False,CHIN_79,CHIN,0.8099863366358732,-0.3168942595346999,-0.26622469690298406,0.010043580367413546,0.030495265084987316,0.06475471649670705,-0.028544489643039697,0.41319384262878905,-0.463659551612862,-0.3837687399698974,0,,WT_rep1__scan_1383000,CHIN_79,CHIN,0.0
1395,WT_rep1__scan_1395000,NC_000913.3,1383000,1407000,1395000,24000,"[{""start"":1383000,""end"":1407000}]",WT_rep1,WT,1,True,CHIN_79;CHIN_80,CHIN,0.93841552734375,0.0544907843459901,0.011468253,0.0463359728455543,False,1803,True,False,CHIN_80,CHIN,0.0972187243672768,-0.08449795288850062,-0.955573900836052,-0.48420356409047394,-0.834453630200096,-0.6776703926874825,0.8653047970946942,0.44850194892049167,1.011146657329047,-0.03912444305435475,0,,WT_rep1__scan_1395000,CHIN_80,CHIN,0.0
1412,WT_rep1__scan_1412000,NC_000913.3,1400000,1424000,1412000,24000,"[{""start"":1400000,""end"":1424000}]",WT_rep1,WT,1,True,CHIN_81;CHIN_82;CHIN_83;CHIN_84,CHIN,1.0,0.0461071266664771,0.005815085,0.0463359728455543,False,4103,True,False,CHIN_81,CHIN,0.9010628827562264,-0.17085825920917658,-0.18489864963637953,-0.24249005319756453,-0.09085541019557607,0.11848258212076569,-0.1768869227357476,-0.15853979926758144,0.11954181547902543,-0.5039200903287838,0,,WT_rep1__scan_1412000,CHIN_81,CHIN,0.0
1413,WT_rep1__scan_1413000,NC_000913.3,1401000,1425000,1413000,24000,"[{""start"":1401000,""end"":1425000}]",WT_rep1,WT,1,True,CHIN_81;CHIN_82;CHIN_83;CHIN_84,CHIN,1.0,0.0459316996829272,0.00658459,0.0463359728455543,False,3649,True,False,CHIN_82,CHIN,0.8815273333904827,-0.19573466562385025,-0.21011106197479656,-0.32123402113489097,-0.09848319882617801,-0.05997987315171874,-0.10544645267462208,0.19206031646835783,-0.05809819653073948,-0.5579430083253342,0,,WT_rep1__scan_1413000,CHIN_82,CHIN,0.0
1418,WT_rep1__scan_1418000,NC_000913.3,1406000,1430000,1418000,24000,"[{""start"":1406000,""end"":1430000}]",WT_rep1,WT,1,True,CHIN_81;CHIN_82;CHIN_83;CHIN_84,CHIN,1.0,0.0462126665323585,0.00716428,0.0463359728455543,False,3377,True,False,CHIN_83,CHIN,0.7764413903627706,-0.16563293615241909,-0.5051367725125587,-0.11022588909636495,-0.10419695473946565,-0.03720421099778174,0.15943553922144477,-0.12233833778713042,-0.19667562842735897,-0.3440712525106169,0,,WT_rep1__scan_1418000,CHIN_83,CHIN,0.0
1420,WT_rep1__scan_1420000,NC_000913.3,1408000,1432000,1420000,24000,"[{""start"":1408000,""end"":1432000}]",WT_rep1,WT,1,True,CHIN_81;CHIN_82;CHIN_83;CHIN_84,CHIN,1.0,0.0466999846890522,0.0072217993,0.0463359728455543,False,3354,True,False,CHIN_84,CHIN,0.8184432060761986,-0.058598787243734844,-0.5411759056627315,-0.10459984939706235,-0.062071366221941156,-0.32871655006384526,-0.39235742182137984,-0.6678201149768536,0.37329110523564846,-0.5534586439478193,0,,WT_rep1__scan_1420000,CHIN_84,CHIN,0.0
1433,WT_rep1__scan_1433000,NC_000913.3,1421000,1445000,1433000,24000,"[{""start"":1421000,""end"":1445000}]",WT_rep1,WT,1,False,,,0.96875,0.0463940440458023,0.008679167,0.0463359728455543,False,2647,False,True,,,0.9515767383676538,-0.21597992790880427,-0.07630214966637631,-0.3955276932243656,-0.10902217406078028,-0.23668727335375947,0.03167376986816908,-0.46011611361931565,-0.03350321373983597,-1.2779959988857053,0,,WT_rep1__scan_0737000,CHIN_46,CHIN,0.5226947722406317
1439,WT_rep1__scan_1439000,NC_000913.3,1427000,1451000,1439000,24000,"[{""start"":1427000,""end"":1451000}]",WT_rep1,WT,1,False,,,0.96875,0.0459814630217181,0.0083066,0.0463359728455543,False,2824,False,True,,,0.8877584163734339,-0.20813019426372129,-0.501219590107621,-0.4683856592202322,-0.1878410729558279,-0.021563349354273422,-0.3869348982345049,-0.5556139296890162,-0.4886325431807047,-0.5230208951517651,0,,WT_rep1__scan_1090000,CHIN_59,CHIN,0.35285176890352143
1448,WT_rep1__scan_1448000,NC_000913.3,1436000,1460000,1448000,24000,"[{""start"":1436000,""end"":1460000}]",WT_rep1,WT,1,False,,,1.0,0.0452144823438777,0.005571703,0.0463359728455543,False,4232,False,True,,,0.9347795880673189,0.10978225997578113,-0.18406583866414514,-0.4788675080920289,0.05994636566943024,-0.28447400961802505,-0.5019801509911578,-0.2941130569349849,-0.09899202684891838,-0.6316292231309162,0,,WT_rep1__scan_0801000,CHIN_49,CHIN,0.40001883170281494
1460,WT_rep1__scan_1460000,NC_000913.3,1448000,1472000,1460000,24000,"[{""start"":1448000,""end"":1472000}]",WT_rep1,WT,1,False,,,0.86419677734375,0.0427437372537366,0.0074135214,0.0463359728455543,False,3264,False,True,,,1.0243784840710028,-0.12371213448355617,-0.39184025138333456,-0.5409249107204254,-0.04794955518025901,-0.20501173885899326,-0.4283298759776334,-0.3980535475661194,-0.4587160857661408,-1.4940431556848304,0,,WT_rep1__scan_1567000,CHIN_90,CHIN,0.1287921551951004
1463,WT_rep1__scan_1463000,NC_000913.3,1451000,1475000,1463000,24000,"[{""start"":1451000,""end"":1475000}]",WT_rep1,WT,1,False,,,0.86419677734375,0.0437891233611531,0.0071623265,0.0463359728455543,False,3378,False,True,,,1.0316395017421898,-0.13798012820971772,-0.36837584937333634,-0.5353583534895628,-0.010187543565222367,-0.15454262753660403,-0.4334018155684099,-0.4547485994802749,-0.44647336417594363,-1.5534044530254296,0,,WT_rep1__scan_1567000,CHIN_90,CHIN,0.1623076640685668
1476,WT_rep1__scan_1476000,NC_000913.3,1464000,1488000,1476000,24000,"[{""start"":1464000,""end"":1488000}]",WT_rep1,WT,1,True,CHIN_85;CHIN_86,CHIN,0.86419677734375,0.0449823384320509,0.007457991,0.0463359728455543,False,3241,True,False,CHIN_85,CHIN,0.8792073538152434,-0.20172003297913152,-0.6440319087547537,-0.34408266536237914,-0.021778320112772052,-0.068165135151416,-0.07663770676977408,-1.0406331146975139,-0.7509725522709343,-0.8158804370502645,0,,WT_rep1__scan_1476000,CHIN_85,CHIN,0.0
1477,WT_rep1__scan_1477000,NC_000913.3,1465000,1489000,1477000,24000,"[{""start"":1465000,""end"":1489000}]",WT_rep1,WT,1,True,CHIN_85;CHIN_86,CHIN,0.86419677734375,0.0452976993698396,0.007301032,0.0463359728455543,False,3315,True,False,CHIN_86,CHIN,0.9091211567144954,-0.164606367523835,-0.5644043400763173,-0.3553642757889562,0.08079059301819559,-0.08513323843792797,-0.28289585208965773,-0.7011521949098103,-0.520573137938326,-0.9665293782769835,0,,WT_rep1__scan_1477000,CHIN_86,CHIN,0.0
1493,WT_rep1__scan_1493000,NC_000913.3,1481000,1505000,1493000,24000,"[{""start"":1481000,""end"":1505000}]",WT_rep1,WT,1,False,,,1.0,0.0504721847923947,0.008197401,0.0463359728455543,False,2870,False,True,,,0.6476095398305287,-0.09666832136247666,-0.10989426242352199,-0.3415917813754109,0.6421768924288467,0.056549245986160776,-1.0850746665167696,0.5002449726733129,0.7899726960084362,0.553257521973025,0,,WT_rep1__scan_0677000,CHIN_41,CHIN,0.9566262160563705
1507,WT_rep1__scan_1507000,NC_000913.3,1495000,1519000,1507000,24000,"[{""start"":1495000,""end"":1519000}]",WT_rep1,WT,1,False,,,1.0,0.0483319757431238,0.005412935,0.0463359728455543,False,4319,False,True,,,0.7708605564454698,0.040647074269741304,0.393777737719651,0.28939797588141447,0.6857337917477176,-1.2105370600689782,-0.37088666576694584,-0.21392134045524422,0.5427675719375161,0.14646163394766737,0,,WT_rep1__scan_1095000,CHID_6;CHIN_61,CHID;CHIN,1.2977416171113731
1521,WT_rep1__scan_1521000,NC_000913.3,1509000,1533000,1521000,24000,"[{""start"":1509000,""end"":1533000}]",WT_rep1,WT,1,True,CHIN_87;CHIN_88;CHIN_89,CHIN,0.9688720703125,0.0415262295305442,0.0076545947,0.0463359728455543,False,3143,True,False,CHIN_87,CHIN,0.9384478482577024,-0.10474701265851928,-0.28058262884460683,-0.27839337384576146,0.1170635200513783,-0.05068992518381068,-0.5115785316019184,-0.2838947318045424,0.054482227762127626,-0.7753523688190405,0,,WT_rep1__scan_1521000,CHIN_87,CHIN,0.0
1529,WT_rep1__scan_1529000,NC_000913.3,1517000,1541000,1529000,24000,"[{""start"":1517000,""end"":1541000}]",WT_rep1,WT,1,True,CHIN_87;CHIN_88;CHIN_89,CHIN,0.95367431640625,0.0416490031396171,0.008336783,0.0463359728455543,False,2805,True,False,CHIN_88,CHIN,0.9442912028378031,0.01848738679416429,-0.3553876080544749,-0.20556621845626147,-0.08364506814911392,-0.27242329094915396,-0.5198629393105718,-0.3415087099742684,0.3310928647557958,-0.8895903865581317,0,,WT_rep1__scan_1529000,CHIN_88,CHIN,0.0
1531,WT_rep1__scan_1531000,NC_000913.3,1519000,1543000,1531000,24000,"[{""start"":1519000,""end"":1543000}]",WT_rep1,WT,1,True,CHIN_87;CHIN_88;CHIN_89,CHIN,0.96893310546875,0.0408312752557982,0.008701412,0.0463359728455543,False,2639,True,False,CHIN_89,CHIN,0.9701907088605596,-0.00573382154518505,-0.3878412449302593,-0.4947135432068037,0.014419864084482977,0.10005074299434262,-0.43470088232575704,-0.5158861296504743,-0.07419838602307258,-0.9912951303773522,0,,WT_rep1__scan_1531000,CHIN_89,CHIN,0.0
1545,WT_rep1__scan_1545000,NC_000913.3,1533000,1557000,1545000,24000,"[{""start"":1533000,""end"":1557000}]",WT_rep1,WT,1,True,CHID_8,CHID,1.0,0.0424508690846709,0.006520218,0.0463359728455543,False,3692,True,False,CHID_8,CHID,0.9843630176562862,-0.1356889632652604,-0.42668012733072896,-0.37497290979504444,-0.011033978831955627,-0.11808988550683076,-0.31312585357735373,-0.4874616218597644,-0.3802005688007531,-1.2812312703206286,0,,WT_rep1__scan_1545000,CHID_8,CHID,0.0
1567,WT_rep1__scan_1567000,NC_000913.3,1555000,1579000,1567000,24000,"[{""start"":1555000,""end"":1579000}]",WT_rep1,WT,1,True,CHIN_90;CHIN_91;CHIN_92,CHIN,0.984375,0.0361641428001786,0.007558475,0.0463359728455543,False,3192,True,False,CHIN_90,CHIN,1.0268508993494718,-0.12195510076013504,-0.35673947857654476,-0.5052546779937153,-0.048842363543379036,-0.15595633008467227,-0.3978943627967125,-0.371743751230858,-0.3642120324783851,-1.4606213467843543,0,,WT_rep1__scan_1567000,CHIN_90,CHIN,0.0
1576,WT_rep1__scan_1576000,NC_000913.3,1564000,1588000,1576000,24000,"[{""start"":1564000,""end"":1588000}]",WT_rep1,WT,1,True,CHIN_90;CHIN_91;CHIN_92;CHIN_93;CHIN_94;CHID_9,CHID;CHIN,0.984375,0.0378059757173832,0.00829676,0.0463359728455543,False,2828,True,False,CHIN_91,CHIN,0.9329990979991551,-0.25097394241054993,-0.37862326713638655,-0.5471297787621104,-0.30745441495019327,-0.044744558551682655,-0.29513091025693733,-0.32298291925738726,-0.44227399041214527,-0.9127730233426672,0,,WT_rep1__scan_1576000,CHIN_91,CHIN,0.0
1579,WT_rep1__scan_1579000,NC_000913.3,1567000,1591000,1579000,24000,"[{""start"":1567000,""end"":1591000}]",WT_rep1,WT,1,True,CHIN_90;CHIN_91;CHIN_92;CHIN_93;CHIN_94;CHID_9,CHID;CHIN,0.984375,0.0388105787022131,0.008658934,0.0463359728455543,False,2652,True,False,CHIN_92,CHIN,0.8696585854400449,-0.3874570227955151,-0.37404094611305866,-0.37857176484740634,0.01453029591581568,-0.03514783108545289,0.3463877300958216,-1.542294509473369,-0.7774513718754372,-0.6672224544652378,0,,WT_rep1__scan_1579000,CHIN_92,CHIN,0.0
1583,WT_rep1__scan_1583000,NC_000913.3,1571000,1595000,1583000,24000,"[{""start"":1571000,""end"":1595000}]",WT_rep1,WT,1,True,CHIN_91;CHIN_92;CHIN_93;CHIN_94;CHID_9,CHID;CHIN,0.984375,0.0400640094406255,0.008332939,0.0463359728455543,False,2808,True,False,CHIN_93,CHIN,0.8643755672290268,-0.1405417382108427,-0.5361042796596941,-0.5315741406525794,0.0857790992033332,0.0206235333527607,-0.5594137807879348,-0.3817447802639032,-0.34982723287556206,-0.9142766478861846,0,,WT_rep1__scan_1583000,CHIN_93,CHIN,0.0
1588,WT_rep1__scan_1588000,NC_000913.3,1576000,1600000,1588000,24000,"[{""start"":1576000,""end"":1600000}]",WT_rep1,WT,1,True,CHIN_91;CHIN_92;CHIN_93;CHIN_94;CHID_9;CHIN_95,CHID;CHIN,1.0,0.0409620568130588,0.0074344995,0.0463359728455543,False,3250,True,False,CHID_9;CHIN_94,CHID;CHIN,0.8474204865632574,0.026228287171544188,-0.2552216653323717,-0.30677433361534323,-0.09710765104762947,-0.45326194380187684,-0.12741895830017008,-0.684469768046516,-0.6594988857245655,-0.5844968711786742,0,,WT_rep1__scan_1588000,CHID_9;CHIN_94,CHID;CHIN,0.0
1597,WT_rep1__scan_1597000,NC_000913.3,1585000,1609000,1597000,24000,"[{""start"":1585000,""end"":1609000}]",WT_rep1,WT,1,True,CHIN_94;CHID_9;CHIN_95,CHID;CHIN,1.0,0.0394955629129884,0.0062402477,0.0463359728455543,False,3871,True,False,CHIN_95,CHIN,0.9781170513723954,-0.011221432930468492,-0.2313912692656491,-0.2886640012343299,-0.20759160352922446,-0.32757223980670486,-0.484635782714102,-0.5042141272757475,-0.5236813562246443,-1.315875152792262,0,,WT_rep1__scan_1597000,CHIN_95,CHIN,0.0
1616,WT_rep1__scan_1616000,NC_000913.3,1604000,1628000,1616000,24000,"[{""start"":1604000,""end"":1628000}]",WT_rep1,WT,1,True,CHIN_96,CHIN,1.0,0.0400800988609698,0.005094516,0.0463359728455543,False,4444,True,False,CHIN_96,CHIN,0.9609051631797916,-0.15311180463741086,-0.2293756514083733,-0.5185461499041729,0.043045358074694666,-0.07709703026667263,-0.044232156817718915,-0.12856368410414665,-0.23054599684521,-0.9965193609502184,0,,WT_rep1__scan_1616000,CHIN_96,CHIN,0.0
1632,WT_rep1__scan_1632000,NC_000913.3,1620000,1644000,1632000,24000,"[{""start"":1620000,""end"":1644000}]",WT_rep1,WT,1,True,CHIN_97;CHIN_98,CHIN,0.9842529296875,0.0385733642763546,0.0087695625,0.0463359728455543,False,2621,True,False,CHIN_97,CHIN,0.9684324946974432,-0.14596455637270805,-0.021445340936662016,-0.3514276444816197,0.1915891505378423,-0.10550855680069353,-0.44116565538451524,-0.11285298398234224,0.22873519066729633,-1.312904668831026,0,,WT_rep1__scan_1632000,CHIN_97,CHIN,0.0
1638,WT_rep1__scan_1638000,NC_000913.3,1626000,1650000,1638000,24000,"[{""start"":1626000,""end"":1650000}]",WT_rep1,WT,1,True,CHIN_97;CHIN_98;CHIN_99,CHIN,0.9842529296875,0.0411818640773011,0.010535429,0.0463359728455543,False,2057,True,False,CHIN_98,CHIN,0.8282149762022228,-0.33861138415114816,-0.19113720061147382,-0.17179595326180205,-0.09730231923420343,-0.222953912109853,0.1456594246401622,-0.1561448946739496,-0.6640036987371009,-1.0596900407621308,0,,WT_rep1__scan_1638000,CHIN_98,CHIN,0.0
1648,WT_rep1__scan_1648000,NC_000913.3,1636000,1660000,1648000,24000,"[{""start"":1636000,""end"":1660000}]",WT_rep1,WT,1,True,CHIN_98;CHIN_99,CHIN,0.968994140625,0.0423582327598823,0.007765552,0.0463359728455543,False,3083,True,False,CHIN_99,CHIN,0.7784479764635489,-0.08958553612284477,-0.26523838713454284,0.05460203355504713,0.20787711032997658,-0.32273867550932156,0.18040970755811592,-0.0486959766064281,-0.23157769140426582,-0.949201471266373,0,,WT_rep1__scan_1648000,CHIN_99,CHIN,0.0
1667,WT_rep1__scan_1667000,NC_000913.3,1655000,1679000,1667000,24000,"[{""start"":1655000,""end"":1679000}]",WT_rep1,WT,1,True,OPCID_26,OPCID,1.0,0.050338179412794,0.009494217,0.0463359728455543,False,2370,True,False,OPCID_26,OPCID,0.27192756953661384,-0.41736067229592,-0.5505866397088062,1.3951082685961076,0.2805548485553847,0.521153490682715,0.8013425451867917,0.6373886584963011,-0.35497318181168225,0.05702039604012228,0,,WT_rep1__scan_1667000,OPCID_26,OPCID,0.0
1681,WT_rep1__scan_1681000,NC_000913.3,1669000,1693000,1681000,24000,"[{""start"":1669000,""end"":1693000}]",WT_rep1,WT,1,False,,,1.0,0.0513624648673322,0.0056905258,0.0463359728455543,False,4164,False,True,,,0.30718409391112395,0.21012253117373972,0.03831051641422422,-0.5783911859385356,0.3308312719816143,-0.3203173649007389,0.7997152569154395,0.6408419237303066,0.38017454732396216,1.1334040132397256,0,,WT_rep1__scan_1701000,OPCID_27,OPCID,1.0468057736955276
1701,WT_rep1__scan_1701000,NC_000913.3,1689000,1713000,1701000,24000,"[{""start"":1689000,""end"":1713000}]",WT_rep1,WT,1,True,OPCID_27,OPCID,1.0,0.051811671415779,0.006568828,0.0463359728455543,False,3658,True,False,OPCID_27,OPCID,0.36714933410374695,-0.17056859770664792,-0.5796486774597468,-0.2775772483894919,0.2294624141866977,0.018680299143916352,0.4356169886677993,0.7089018677376903,-0.009037908692356598,0.8863471989444532,0,,WT_rep1__scan_1701000,OPCID_27,OPCID,0.0
1718,WT_rep1__scan_1718000,NC_000913.3,1706000,1730000,1718000,24000,"[{""start"":1706000,""end"":1730000}]",WT_rep1,WT,1,False,,,1.0,0.053958122105652,0.007401613,0.0463359728455543,False,3274,False,True,,,0.14679557475782676,0.05433274457336749,-0.6251202975844891,-0.2099298472334348,-0.39354157003215906,0.32497087246706985,0.9699215356472697,0.6627625571951926,0.08950793168407005,1.4195999486637887,0,,WT_rep1__scan_1701000,OPCID_27,OPCID,1.08139173033428
1719,WT_rep1__scan_1719000,NC_000913.3,1707000,1731000,1719000,24000,"[{""start"":1707000,""end"":1731000}]",WT_rep1,WT,1,False,,,1.0,0.0533561853583476,0.0067856745,0.0463359728455543,False,3545,False,True,,,0.16891441104793023,0.13222941843781882,-0.7133682144429792,0.11778788834308776,-0.20336269431287535,-0.5343214168944346,0.9680089249168292,0.22528986685414035,0.40144918117898004,1.0086209801842332,0,,WT_rep1__scan_3837000,CHIN_216,CHIN,1.0431747565235712
1735,WT_rep1__scan_1735000,NC_000913.3,1723000,1747000,1735000,24000,"[{""start"":1723000,""end"":1747000}]",WT_rep1,WT,1,True,OPCID_28;OPCID_29,OPCID,1.0,0.0577153802039803,0.015182691,0.0463359728455543,False,1184,True,False,OPCID_28,OPCID,-0.08411431696738877,-0.7134777209582505,0.05636613645228145,1.9649480746845662,-0.09932702568545276,0.7526225144837502,0.214740335338758,1.3596369058735542,0.005436750820970255,1.0683392042179825,0,,WT_rep1__scan_1735000,OPCID_28,OPCID,0.0
1744,WT_rep1__scan_1744000,NC_000913.3,1732000,1756000,1744000,24000,"[{""start"":1732000,""end"":1756000}]",WT_rep1,WT,1,True,OPCID_28;OPCID_29;CHIN_100,CHIN;OPCID,1.0,0.056178715545132,0.011585521,0.0463359728455543,False,1778,True,False,OPCID_29,OPCID,0.039223690154327744,1.0281488497674576,-0.5164436669382888,1.0153947753991452,1.2626240623649096,-1.2226480124954082,-1.476662689979377,-0.2474340449740581,0.9201984615640345,0.12103020016171549,0,,WT_rep1__scan_1744000,OPCID_29,OPCID,0.0
1754,WT_rep1__scan_1754000,NC_000913.3,1742000,1766000,1754000,24000,"[{""start"":1742000,""end"":1766000}]",WT_rep1,WT,1,True,OPCID_29;CHIN_100,CHIN;OPCID,1.0,0.0512827425790532,0.011590267,0.0463359728455543,False,1776,True,False,CHIN_100,CHIN,0.38927198084911335,0.240301911617344,-0.4112773029312082,0.47575533174563733,-0.8871776357921746,0.0354473241248304,0.36304720665791407,0.48219175400383646,0.2253926137818543,-0.18469772492261285,0,,WT_rep1__scan_1754000,CHIN_100,CHIN,0.0
1773,WT_rep1__scan_1773000,NC_000913.3,1761000,1785000,1773000,24000,"[{""start"":1761000,""end"":1785000}]",WT_rep1,WT,1,True,CHID_10;CHIN_101;CHIN_102,CHID;CHIN,1.0,0.0441788484723952,0.0046003996,0.0463359728455543,False,4581,True,False,CHIN_101,CHIN,0.8545688924149688,-0.11514446480505834,-0.5613374263931061,-0.19355395418564955,0.09269756150337505,-0.14957660207233966,-0.318116001654581,-0.6621294007996572,-0.26662996549538664,-0.3972494022392466,0,,WT_rep1__scan_1773000,CHIN_101,CHIN,0.0
1775,WT_rep1__scan_1775000,NC_000913.3,1763000,1787000,1775000,24000,"[{""start"":1763000,""end"":1787000}]",WT_rep1,WT,1,True,CHID_10;CHIN_101;CHIN_102,CHID;CHIN,1.0,0.0458158516522491,0.004742274,0.0463359728455543,False,4559,True,False,CHID_10,CHID,0.9118845756739961,-0.04990737184459187,-0.35499525705056423,-0.45661982057456435,0.32661323698464323,-0.039362404341090715,-0.4698778342919155,-0.2835592501158551,0.041530202950376405,-0.5871673880960715,0,,WT_rep1__scan_1775000,CHID_10,CHID,0.0
1776,WT_rep1__scan_1776000,NC_000913.3,1764000,1788000,1776000,24000,"[{""start"":1764000,""end"":1788000}]",WT_rep1,WT,1,True,CHID_10;CHIN_101;CHIN_102,CHID;CHIN,1.0,0.046244631125819,0.004980889,0.0463359728455543,False,4490,True,False,CHIN_102,CHIN,0.8837774512060274,-0.02539708271085953,-0.23103742777197145,-0.5561138776575583,0.5145276347291088,0.10683004660657583,-0.3233451791278031,-0.20797369770894064,-0.1399874522837211,-0.5202918871849621,0,,WT_rep1__scan_1776000,CHIN_102,CHIN,0.0
1801,WT_rep1__scan_1801000,NC_000913.3,1789000,1813000,1801000,24000,"[{""start"":1789000,""end"":1813000}]",WT_rep1,WT,1,True,OPCID_30;CHIN_103,CHIN;OPCID,1.0,0.073205818493579,0.02677352,0.0463359728455543,False,350,True,False,OPCID_30,OPCID,-1.5453386907077533,0.09620392607995014,-1.0486751424114806,2.760226747714873,0.9614829070816507,-1.2554820370853408,0.24725321784303228,2.9228098844302073,-0.15899126132284855,-0.9144728461855626,0,,WT_rep1__scan_1801000,OPCID_30,OPCID,0.0
1804,WT_rep1__scan_1804000,NC_000913.3,1792000,1816000,1804000,24000,"[{""start"":1792000,""end"":1816000}]",WT_rep1,WT,1,True,OPCID_30;CHIN_103,CHIN;OPCID,1.0,0.0719323415927799,0.021609735,0.0463359728455543,False,594,True,False,CHIN_103,CHIN,-1.1850994561176635,1.723524936643336,-0.8014275802801415,-2.6248242655034737,0.11213551796594161,1.4050609259287983,-2.1088482006636164,0.36990093400803137,1.5160430893737544,2.9727714828757907,-1,,WT_rep1__scan_1804000,CHIN_103,CHIN,0.0
1819,WT_rep1__scan_1819000,NC_000913.3,1807000,1831000,1819000,24000,"[{""start"":1807000,""end"":1831000}]",WT_rep1,WT,1,False,,,1.0,0.0512540879566482,0.010669888,0.0463359728455543,False,2022,False,True,,,0.48758921396514093,0.6623288463345677,-0.40105166498614275,0.4896849738286923,-0.6490777222542761,0.6622538908698296,0.31998187098645375,0.37286554837514796,-0.29340049243431776,-1.1007254529714372,0,,WT_rep1__scan_1754000,CHIN_100,CHIN,1.3265404552749749
1820,WT_rep1__scan_1820000,NC_000913.3,1808000,1832000,1820000,24000,"[{""start"":1808000,""end"":1832000}]",WT_rep1,WT,1,False,,,1.0,0.0494458188562598,0.008854245,0.0463359728455543,False,2589,False,True,,,0.6340722332808805,0.4164878219098835,-0.4604138053464799,0.6810560696129808,-0.2250662839800653,-0.2736735885395655,-0.2113607109772546,0.16141354037127204,0.4752459822524241,-0.48488712023082386,0,,WT_rep1__scan_0516000,CHIN_24,CHIN,0.9253643722636014
1823,WT_rep1__scan_1823000,NC_000913.3,1811000,1835000,1823000,24000,"[{""start"":1811000,""end"":1835000}]",WT_rep1,WT,1,False,,,1.0,0.046067218242682,0.006061626,0.0463359728455543,False,3977,False,True,,,0.8464482057226497,0.240624154924087,-0.37515840237630116,-0.3575132392159706,0.354922967712462,0.38705318900796026,-0.680689325390356,-0.2873054230823868,0.06100514030492053,-0.20707750760134438,0,,WT_rep1__scan_2024000,CHIN_110,CHIN,0.6837934945928643
1844,WT_rep1__scan_1844000,NC_000913.3,1832000,1856000,1844000,24000,"[{""start"":1832000,""end"":1856000}]",WT_rep1,WT,1,True,CHIN_104;CHIN_105,CHIN,1.0,0.052180020757717,0.0053566145,0.0463359728455543,False,4351,True,False,CHIN_104,CHIN,0.33411761632351783,-0.6112371582464385,-0.7320440859446364,0.011308389433249716,-0.7907245593275485,-0.23689175024024173,0.21988856977118404,0.6195517428604522,-1.055875446439767,0.977836363918393,0,,WT_rep1__scan_1844000,CHIN_104,CHIN,0.0
1854,WT_rep1__scan_1854000,NC_000913.3,1842000,1866000,1854000,24000,"[{""start"":1842000,""end"":1866000}]",WT_rep1,WT,1,True,CHIN_104;CHIN_105;CHIN_106,CHIN,1.0,0.0558206743253213,0.008847492,0.0463359728455543,False,2594,True,False,CHIN_105,CHIN,0.28200513290968493,0.14413187300732958,1.4808994394793114,0.5848075944580978,0.6522931123586471,-1.4508766178722263,0.24960530506683107,-0.4893222251370664,0.29259269652009023,1.0184373976277876,0,,WT_rep1__scan_1854000,CHIN_105,CHIN,0.0
1857,WT_rep1__scan_1857000,NC_000913.3,1845000,1869000,1857000,24000,"[{""start"":1845000,""end"":1869000}]",WT_rep1,WT,1,True,CHIN_104;CHIN_105;CHIN_106,CHIN,1.0,0.0559790787232826,0.010422951,0.0463359728455543,False,2091,True,False,CHIN_106,CHIN,0.2005124666996386,0.6080404950075241,0.589296581921796,-0.20630167996955878,-1.2912851810309276,1.0055248769105445,-0.03935903497478247,0.9160512787650467,1.1993151574109375,1.1595511808142693,0,,WT_rep1__scan_1857000,CHIN_106,CHIN,0.0
1871,WT_rep1__scan_1871000,NC_000913.3,1859000,1883000,1871000,24000,"[{""start"":1859000,""end"":1883000}]",WT_rep1,WT,1,True,CHIN_107;CHIN_108,CHIN,1.0,0.0533925947594239,0.008058012,0.0463359728455543,False,2938,True,False,CHIN_107,CHIN,0.27991687702106094,0.17701666726612592,0.5965570696850055,1.2647162419585067,-0.03275916032564607,-1.9461293107647715,0.0832338392669777,0.33053430227874897,0.32205705994007816,1.066196656833665,0,,WT_rep1__scan_1871000,CHIN_107,CHIN,0.0
1872,WT_rep1__scan_1872000,NC_000913.3,1860000,1884000,1872000,24000,"[{""start"":1860000,""end"":1884000}]",WT_rep1,WT,1,True,CHIN_107;CHIN_108,CHIN,1.0,0.0532837449134596,0.009199519,0.0463359728455543,False,2469,True,False,CHIN_108,CHIN,0.34086430223524944,0.4085448020744462,0.35381835260536587,0.9622957133597813,-0.1503667614600755,-0.1300218642003696,-0.522900510937608,0.4470214720579785,0.9698911721888485,0.5520839277017797,0,,WT_rep1__scan_1872000,CHIN_108,CHIN,0.0
1894,WT_rep1__scan_1894000,NC_000913.3,1882000,1906000,1894000,24000,"[{""start"":1882000,""end"":1906000}]",WT_rep1,WT,1,False,,,1.0,0.068444607421922,0.020097882,0.0463359728455543,False,700,False,True,,,0.26282128503063645,-1.6746870226689858,1.6613304515378944,0.16674124923678624,0.6212632531312794,0.869905721806488,0.8758017769073569,-1.9954715136981338,0.25818649393085774,0.25619481598382626,0,,WT_rep1__scan_0314000,CHIN_18,CHIN,1.374843611040249
1910,WT_rep1__scan_1910000,NC_000913.3,1898000,1922000,1910000,24000,"[{""start"":1898000,""end"":1922000}]",WT_rep1,WT,1,False,,,1.0,0.078623627630326,0.024781978,0.0463359728455543,False,427,False,True,,,-0.7337345843910096,1.4493567207680886,0.8849073323820598,-1.3245181270552753,-0.4412692442053792,-3.668718062502948,-2.1855842252728577,0.15153178604590758,-1.4853003654577748,2.913592934975585,-1,,WT_rep1__scan_3745000,CHIN_201,CHIN,3.070723175215116
1912,WT_rep1__scan_1912000,NC_000913.3,1900000,1924000,1912000,24000,"[{""start"":1900000,""end"":1924000}]",WT_rep1,WT,1,False,,,1.0,0.0807722534217665,0.025398383,0.0463359728455543,False,401,False,True,,,-1.0495759507834983,1.4424639473436696,1.7801177431435113,-2.0662186911291918,0.47592109216958856,-1.2962117504600386,0.8402623334282556,-0.8260755633637384,-3.8589155327431053,1.366013972930295,-1,,WT_rep1__scan_4256000,OPCID_65,OPCID,4.161555427499369
1913,WT_rep1__scan_1913000,NC_000913.3,1901000,1925000,1913000,24000,"[{""start"":1901000,""end"":1925000}]",WT_rep1,WT,1,False,,,1.0,0.0817323260244067,0.028136594,0.0463359728455543,False,306,False,True,,,-1.155089337243897,1.2181216879847927,2.54135761372745,-0.7891488373237868,1.2247165314342403,0.20805785306060687,2.392297542115163,-1.1481853447948238,-4.505457061712816,0.6275552997553429,-1,,WT_rep1__scan_4256000,OPCID_65,OPCID,5.035762789148837
1916,WT_rep1__scan_1916000,NC_000913.3,1904000,1928000,1916000,24000,"[{""start"":1904000,""end"":1928000}]",WT_rep1,WT,1,False,,,1.0,0.0699038194219037,0.02836447,0.0463359728455543,False,294,False,True,,,-0.6965030694508375,1.1385783568373378,2.6747675252951413,2.216791300103198,0.1739907117737631,-1.0189629402290898,-0.8198975461070545,0.040667086817522236,1.6428261392912402,-0.32525451601153776,0,,WT_rep1__scan_2934000,CHIN_163,CHIN,2.3719071513629273
1926,WT_rep1__scan_1926000,NC_000913.3,1914000,1938000,1926000,24000,"[{""start"":1914000,""end"":1938000}]",WT_rep1,WT,1,False,,,1.0,0.0610220132171562,0.018158676,0.0463359728455543,False,878,False,True,,,-0.02127913503269213,0.6437045280342801,0.0686211129035561,1.258108265964133,2.7685895950792356,1.424332240266598,-1.8815775130071553,0.7945037988762325,0.7486066617787904,1.323426758902055,0,,WT_rep1__scan_3867000,OPCID_60,OPCID,2.3846028230860212
1938,WT_rep1__scan_1938000,NC_000913.3,1926000,1950000,1938000,24000,"[{""start"":1926000,""end"":1950000}]",WT_rep1,WT,1,False,,,1.0,0.0597927004246643,0.008357452,0.0463359728455543,False,2787,False,True,,,-0.270674530424156,-0.19947124325268425,-0.7427173221832924,2.133704417235488,0.5796554769648429,-0.5945280536218938,0.9410498814587889,0.7100479238511985,0.6052536927486973,1.2643258364999492,0,,WT_rep1__scan_2967000,OPCID_49,OPCID,1.5909086631304934
1939,WT_rep1__scan_1939000,NC_000913.3,1927000,1951000,1939000,24000,"[{""start"":1927000,""end"":1951000}]",WT_rep1,WT,1,False,,,1.0,0.060181004014009,0.0095257275,0.0463359728455543,False,2358,False,True,,,-0.09569754475239968,-0.11278224345639522,-0.5013942377006109,1.220952458164193,0.9160654868971015,-0.3653591909827776,-0.39923147665044273,0.2539060535539926,1.2272253152854955,1.1895835819273128,0,,WT_rep1__scan_3721000,CHIN_199,CHIN,1.3694066827824871
1941,WT_rep1__scan_1941000,NC_000913.3,1929000,1953000,1941000,24000,"[{""start"":1929000,""end"":1953000}]",WT_rep1,WT,1,False,,,1.0,0.0604963942777399,0.009651995,0.0463359728455543,False,2318,False,True,,,-0.08042823201388476,0.31852728084741666,-0.1343449778098265,-0.749105496273769,1.0579634258522799,1.4018921246360803,-0.050999191756224437,1.0327345163081083,1.4430752558973687,2.036340212743322,0,,WT_rep1__scan_3380000,OPCID_54,OPCID,1.8448102950400806
1944,WT_rep1__scan_1944000,NC_000913.3,1932000,1956000,1944000,24000,"[{""start"":1932000,""end"":1956000}]",WT_rep1,WT,1,False,,,1.0,0.0593953181495253,0.007962812,0.0463359728455543,False,2978,False,True,,,-0.048126464367056344,0.6110998953296336,0.15526100495054182,-0.7108052987051009,-0.5628411572969414,-1.6218546701997336,0.8543115463674915,1.2883737002627704,0.3342436564791877,0.9702289477166502,0,,WT_rep1__scan_0157000,CHIN_7,CHIN,1.5754667328596101
1948,WT_rep1__scan_1948000,NC_000913.3,1936000,1960000,1948000,24000,"[{""start"":1936000,""end"":1960000}]",WT_rep1,WT,1,False,,,1.0,0.0568822203434268,0.009024719,0.0463359728455543,False,2524,False,True,,,0.05465737660157913,0.9839702610886281,-0.18917999364559998,1.0515116473849153,0.1529573147394039,0.7168178314434078,0.019062386970969424,0.5480110027969969,-1.0187501406536876,0.9947641524559893,0,,WT_rep1__scan_4545000,CHIN_245,CHIN,1.6270603695226447
1949,WT_rep1__scan_1949000,NC_000913.3,1937000,1961000,1949000,24000,"[{""start"":1937000,""end"":1961000}]",WT_rep1,WT,1,False,,,1.0,0.0561065588411102,0.00915988,0.0463359728455543,False,2482,False,True,,,0.2596252108112842,0.7573941589188533,-0.04804402382426385,0.9074011928331325,0.34812660396444794,0.7513636147658682,-0.47378251984054914,0.328136100953752,-0.3325175260388451,0.7430645760414558,0,,WT_rep1__scan_1199000,CHIN_68,CHIN,1.1421697377779207
1955,WT_rep1__scan_1955000,NC_000913.3,1943000,1967000,1955000,24000,"[{""start"":1943000,""end"":1967000}]",WT_rep1,WT,1,False,,,1.0,0.0519405701151247,0.0066425097,0.0463359728455543,False,3613,False,True,,,0.5871896197390434,0.38995222884829084,0.26204071526129835,-0.17472310324014942,-0.5177233492929819,-0.9180458937004258,0.14358210294831875,0.40846241257552857,0.7711774273262098,0.28511368627561673,0,,WT_rep1__scan_0157000,CHIN_7,CHIN,1.020703569439747
1963,WT_rep1__scan_1963000,NC_000913.3,1951000,1975000,1963000,24000,"[{""start"":1951000,""end"":1975000}]",WT_rep1,WT,1,False,,,1.0,0.0499418373967194,0.004731516,0.0463359728455543,False,4560,False,True,,,0.918072942087478,-0.11704228838930061,-0.20111189545523991,-0.41298034289080837,0.14008121587784966,0.13712264400946197,-0.1904070200615367,-0.2226271242927571,0.1959009180434927,-0.8087175175610771,0,,WT_rep1__scan_0801000,CHIN_49,CHIN,0.41414384772841956
1968,WT_rep1__scan_1968000,NC_000913.3,1956000,1980000,1968000,24000,"[{""start"":1956000,""end"":1980000}]",WT_rep1,WT,1,False,,,0.9688720703125,0.0517634980938146,0.006478223,0.0463359728455543,False,3716,False,True,,,0.8044326692806488,-0.22576376328169942,-0.1879097515787214,-0.3374964830120748,-0.34206460568896363,0.05934883817121309,-0.2216831171502067,-0.003785283124982419,-0.3303385789649489,-0.5531191274372355,0,,WT_rep1__scan_1413000,CHIN_82,CHIN,0.45516864963268255
1975,WT_rep1__scan_1975000,NC_000913.3,1963000,1987000,1975000,24000,"[{""start"":1963000,""end"":1987000}]",WT_rep1,WT,1,False,,,0.96893310546875,0.051862592531873,0.0058995704,0.0463359728455543,False,4065,False,True,,,0.741266038654356,-0.05098497962607915,-0.49848521213895863,-0.32846226588312216,0.1926382980024876,-0.08577499238654127,-0.10723700849805894,-0.14607695619241662,-0.05905371920128526,-0.19217468705453772,0,,WT_rep1__scan_1418000,CHIN_83,CHIN,0.5159585574388419
1978,WT_rep1__scan_1978000,NC_000913.3,1966000,1990000,1978000,24000,"[{""start"":1966000,""end"":1990000}]",WT_rep1,WT,1,False,,,0.96893310546875,0.0522875245048339,0.006767314,0.0463359728455543,False,3554,False,True,,,0.7443650079112648,-0.06194425973193602,0.06494625681272334,-0.07017748865306617,0.53503601495954,-0.4744182270580466,-0.4756298436985283,0.2763420745585148,-0.23389098829124444,0.10652358124633689,0,,WT_rep1__scan_0238000,CHIN_9,CHIN,0.7945719000939284
1980,WT_rep1__scan_1980000,NC_000913.3,1968000,1992000,1980000,24000,"[{""start"":1968000,""end"":1992000}]",WT_rep1,WT,1,False,,,0.9688720703125,0.0543917884174165,0.010963883,0.0463359728455543,False,1943,False,True,,,0.6573440214354737,-0.14825169402269872,0.5996900435689102,0.006525996122963755,0.7583833876480164,-0.04052982755553807,-0.03980816591888871,-0.0052663128302365405,-0.35038706310169465,0.9278145572595888,0,,WT_rep1__scan_1203000,CHIN_69,CHIN,1.1617005999123382
1983,WT_rep1__scan_1983000,NC_000913.3,1971000,1995000,1983000,24000,"[{""start"":1971000,""end"":1995000}]",WT_rep1,WT,1,False,,,0.9688720703125,0.0583345719807967,0.013345006,0.0463359728455543,False,1441,False,True,,,0.4379527300811094,-0.9923190841688886,1.7254444342564834,-0.21580345404118786,0.7030318842621203,0.012845620180289404,0.3488193062515868,-0.35543143270129185,0.4240125803920915,-0.3515874975830541,0,,WT_rep1__scan_3844000,CHIN_217,CHIN,1.3741459992149911
1984,WT_rep1__scan_1984000,NC_000913.3,1972000,1996000,1984000,24000,"[{""start"":1972000,""end"":1996000}]",WT_rep1,WT,1,False,,,0.96893310546875,0.0586822978283911,0.014951722,0.0463359728455543,False,1219,False,True,,,0.30470397527860593,-1.0275735891638944,1.7373642853747069,-0.27426966031934,0.03287596194110501,0.12582600456126747,0.027423627994202133,0.257827056225301,0.4235592275561304,0.4280481524992331,0,,WT_rep1__scan_2629000,CHIN_148,CHIN,1.7097638573162626
1985,WT_rep1__scan_1985000,NC_000913.3,1973000,1997000,1985000,24000,"[{""start"":1973000,""end"":1997000}]",WT_rep1,WT,1,False,,,0.95367431640625,0.0590697211666721,0.014470081,0.0463359728455543,False,1280,False,True,,,0.04689513648899861,-1.074396876317846,1.4371431907972356,-0.40140899189355644,-0.7076048318814939,0.007205133000501062,0.4439803937568888,1.8374477224858776,0.0913603531904486,0.7142943769257095,0,,WT_rep1__scan_4578000,CHIN_247,CHIN,1.8718409501332791
1997,WT_rep1__scan_1997000,NC_000913.3,1985000,2009000,1997000,24000,"[{""start"":1985000,""end"":2009000}]",WT_rep1,WT,1,False,,,1.0,0.058434016142473,0.011181212,0.0463359728455543,False,1892,False,True,,,-0.16518443752711778,1.3133627505313532,0.4188260263749435,-1.9496525901178383,1.0363679847998002,-0.3399583396333058,0.290529617187218,1.1926823422819302,0.03342713931413399,1.1883793578292514,0,,WT_rep1__scan_2489000,CHIN_146,CHIN,1.6726191668177441
2012,WT_rep1__scan_2012000,NC_000913.3,2000000,2024000,2012000,24000,"[{""start"":2000000,""end"":2024000}]",WT_rep1,WT,1,True,CHIN_109;CHIN_110,CHIN,1.0,0.0521221440779681,0.0062602498,0.0463359728455543,False,3854,True,False,CHIN_109,CHIN,0.66203116823146,-0.05352990589264597,-0.03382451707861524,0.27998879750345645,-0.19646038377842973,0.22553295652354144,-0.3869176349032048,0.7245738443047314,0.1055316216809044,0.09925373882938811,0,,WT_rep1__scan_2012000,CHIN_109,CHIN,0.0
2024,WT_rep1__scan_2024000,NC_000913.3,2012000,2036000,2024000,24000,"[{""start"":2012000,""end"":2036000}]",WT_rep1,WT,1,True,CHIN_109;CHIN_110;CHIN_111,CHIN,1.0,0.0502969470184239,0.004875782,0.0463359728455543,False,4528,True,False,CHIN_110,CHIN,0.8078095232564942,0.22562884625749352,-0.20446145012710884,-0.20751652316885522,0.15233607785088044,0.16189733628306346,-0.6518968276256469,-0.06055184765935117,0.062372765715216764,0.31276343306870785,0,,WT_rep1__scan_2024000,CHIN_110,CHIN,0.0
2037,WT_rep1__scan_2037000,NC_000913.3,2025000,2049000,2037000,24000,"[{""start"":2025000,""end"":2049000}]",WT_rep1,WT,1,True,CHIN_111,CHIN,1.0,0.0485209262015744,0.011693439,0.0463359728455543,False,1745,True,False,CHIN_111,CHIN,0.5328573410856603,-0.18934677607506617,-0.08037428178441997,-0.04513096281897975,-0.9574533257499245,0.6895499253082958,-0.15244530430550743,0.12059401219717916,0.7856884748795995,0.955396104433113,0,,WT_rep1__scan_2037000,CHIN_111,CHIN,0.0
2053,WT_rep1__scan_2053000,NC_000913.3,2041000,2065000,2053000,24000,"[{""start"":2041000,""end"":2065000}]",WT_rep1,WT,1,True,CHIN_112;CHIN_113,CHIN,1.0,0.0502118341416585,0.016961427,0.0463359728455543,False,982,True,False,CHIN_112,CHIN,0.3276993446973749,0.6389831228932522,-0.10671592420190146,1.0143231326800155,-0.7811342608756766,0.06212025008274248,-0.008356229883017997,-0.25610434172873303,1.5831685971375302,-0.991938128695367,0,,WT_rep1__scan_2053000,CHIN_112,CHIN,0.0
2057,WT_rep1__scan_2057000,NC_000913.3,2045000,2069000,2057000,24000,"[{""start"":2045000,""end"":2069000}]",WT_rep1,WT,1,True,CHIN_112;CHIN_113,CHIN,0.98443603515625,0.0459392398939052,0.0084209405,0.0463359728455543,False,2752,True,False,CHIN_113,CHIN,0.6187688562067565,-0.21239731182846672,-0.6693684973614706,-0.28079210903623625,0.20790313595616403,-0.0031092355477715158,0.0546340456114018,0.45643705825957376,-0.7939475442586892,0.3290007891403223,0,,WT_rep1__scan_2057000,CHIN_113,CHIN,0.0
2076,WT_rep1__scan_2076000,NC_000913.3,2064000,2088000,2076000,24000,"[{""start"":2064000,""end"":2088000}]",WT_rep1,WT,1,False,,,0.9232177734375,0.0517398208190367,0.007416984,0.0463359728455543,False,3263,False,True,,,0.8662130260398434,-0.14499300452303898,-0.20822006478046123,-0.2621905004807392,0.03560519917454243,-0.38874754152334695,-0.06294181669387666,0.01334262450171123,0.1335359180198146,-0.5926808199600468,0,,WT_rep1__scan_4311000,CHIN_230,CHIN,0.29259350543258683
2080,WT_rep1__scan_2080000,NC_000913.3,2068000,2092000,2080000,24000,"[{""start"":2068000,""end"":2092000}]",WT_rep1,WT,1,False,,,0.92340087890625,0.0551602060390445,0.00784799,0.0463359728455543,False,3045,False,True,,,0.6950868632200407,-0.46204390698214926,0.2798647741191823,0.2920018696732287,0.5896231244792677,-0.18554937342348415,0.16493833891082116,0.6605003555671275,-0.34346687852135355,-0.18150107857590023,0,,WT_rep1__scan_3674000,CHIN_198,CHIN,0.6097738646145153
2086,WT_rep1__scan_2086000,NC_000913.3,2074000,2098000,2086000,24000,"[{""start"":2074000,""end"":2098000}]",WT_rep1,WT,1,False,,,1.0,0.0537895987834521,0.006817828,0.0463359728455543,False,3524,False,True,,,0.48093136069372633,-0.2733201068534664,-0.32985878616348946,-0.23584307026729656,-0.179860537387058,-0.40525428041878453,0.7269635382572601,0.976951713165035,-0.27425266796334147,0.12126640204740428,0,,WT_rep1__scan_4338000,CHIN_231,CHIN,0.8505099906017605
2104,WT_rep1__scan_2104000,NC_000913.3,2092000,2116000,2104000,24000,"[{""start"":2092000,""end"":2116000}]",WT_rep1,WT,1,True,CHID_11;CHIN_114;CHIN_115;CHIN_116;CHIN_117;CHIN_118;CHIN_119;CHIN_120;CHIN_121;CHIN_122,CHID;CHIN,0.93841552734375,0.0638120210620332,0.015160847,0.0463359728455543,False,1188,True,False,CHIN_114;CHIN_115,CHIN,-0.7311879722937353,-1.3070221190616407,-1.3159876336627687,-0.4206772203466836,-1.0113978131487893,0.15467448787401056,0.6711577928068081,-0.43191289248865117,-2.0666290708327084,1.1978006597563768,0,,WT_rep1__scan_2104000,CHIN_114;CHIN_115,CHIN,0.0
2105,WT_rep1__scan_2105000,NC_000913.3,2093000,2117000,2105000,24000,"[{""start"":2093000,""end"":2117000}]",WT_rep1,WT,1,True,CHID_11;CHIN_114;CHIN_115;CHIN_116;CHIN_117;CHIN_118;CHIN_119;CHIN_120;CHIN_121;CHIN_122,CHID;CHIN,0.93841552734375,0.0635945500306744,0.017448239,0.0463359728455543,False,944,True,False,CHIN_116,CHIN,-0.7947880566961566,-0.7815311471542743,-1.5653361780882413,0.02253849310801009,-1.2621718768969947,-0.19498882896568262,1.7680904714750552,-1.6675484676855534,-1.1232785332266497,1.1525531615296094,0,,WT_rep1__scan_2105000,CHIN_116,CHIN,0.0
2106,WT_rep1__scan_2106000,NC_000913.3,2094000,2118000,2106000,24000,"[{""start"":2094000,""end"":2118000}]",WT_rep1,WT,1,True,CHID_11;CHIN_114;CHIN_115;CHIN_116;CHIN_117;CHIN_118;CHIN_119;CHIN_120;CHIN_121;CHIN_122,CHID;CHIN,0.95355224609375,0.0632690581956725,0.01951391,0.0463359728455543,False,755,True,False,CHID_11;CHIN_117,CHID;CHIN,-0.6864706939528592,-0.24919309862851785,-1.7802715929778485,0.6498491498966174,-1.4739658899804147,-1.1273628807542457,0.5513044127727678,-2.8459256259336296,0.8118789790051306,0.8908760770547615,0,,WT_rep1__scan_2106000,CHID_11;CHIN_117,CHID;CHIN,0.0
2107,WT_rep1__scan_2107000,NC_000913.3,2095000,2119000,2107000,24000,"[{""start"":2095000,""end"":2119000}]",WT_rep1,WT,1,True,CHID_11;CHIN_114;CHIN_115;CHIN_116;CHIN_117;CHIN_118;CHIN_119;CHIN_120;CHIN_121;CHIN_122,CHID;CHIN,0.93841552734375,0.0628262545101158,0.017810972,0.0463359728455543,False,910,True,False,CHIN_118;CHIN_119,CHIN,-0.6640239337348484,0.4827893798836497,-1.9588229838656595,0.02298871687249595,-1.074751171853612,-1.1831414650540772,-0.44962924294651174,-3.621377264245472,2.2114640758444297,1.770159282220621,0,,WT_rep1__scan_2107000,CHIN_118;CHIN_119,CHIN,0.0
2108,WT_rep1__scan_2108000,NC_000913.3,2096000,2120000,2108000,24000,"[{""start"":2096000,""end"":2120000}]",WT_rep1,WT,1,True,CHID_11;CHIN_114;CHIN_115;CHIN_116;CHIN_117;CHIN_118;CHIN_119;CHIN_120;CHIN_121;CHIN_122,CHID;CHIN,0.93841552734375,0.0623941712410629,0.017059855,0.0463359728455543,False,970,True,False,CHIN_120,CHIN,-0.5740856819033535,1.0017999414729224,-1.9334011252881733,-0.401129697046366,-0.46432547628121507,-0.8974921838695336,-0.6905846892967474,-2.8016814651451654,2.6577479347105046,1.0140413074783212,0,,WT_rep1__scan_2108000,CHIN_120,CHIN,0.0
2110,WT_rep1__scan_2110000,NC_000913.3,2098000,2122000,2110000,24000,"[{""start"":2098000,""end"":2122000}]",WT_rep1,WT,1,True,CHID_11;CHIN_114;CHIN_115;CHIN_116;CHIN_117;CHIN_118;CHIN_119;CHIN_120;CHIN_121;CHIN_122,CHID;CHIN,0.93841552734375,0.0611165034528783,0.016725281,0.0463359728455543,False,1005,True,False,CHIN_121,CHIN,-0.4818352471912288,1.767888689523127,-1.7827607356849295,-1.987479045381347,1.0908509120952847,1.8380730390780446,0.8195035520172054,-0.057553879096479556,-0.37613898648167066,-1.5348901712328278,-1,,WT_rep1__scan_2110000,CHIN_121,CHIN,0.0
2115,WT_rep1__scan_2115000,NC_000913.3,2103000,2127000,2115000,24000,"[{""start"":2103000,""end"":2127000}]",WT_rep1,WT,1,True,CHID_11;CHIN_114;CHIN_115;CHIN_116;CHIN_117;CHIN_118;CHIN_119;CHIN_120;CHIN_121;CHIN_122,CHID;CHIN,1.0,0.0553543505558583,0.018580962,0.0463359728455543,False,837,True,False,CHIN_122,CHIN,0.4577762009438864,2.275684242688525,0.931442476849555,-1.1363594051713068,-0.8365717161290017,-0.4504038285294415,-2.834431451094913,-1.1969893700899559,-4.212779645739678,1.9238832882759154,-1,,WT_rep1__scan_2115000,CHIN_122,CHIN,0.0
2130,WT_rep1__scan_2130000,NC_000913.3,2118000,2142000,2130000,24000,"[{""start"":2118000,""end"":2142000}]",WT_rep1,WT,1,True,CHIN_123;OPCID_31,CHIN;OPCID,1.0,0.0494262428236917,0.007893953,0.0463359728455543,False,3017,True,False,CHIN_123,CHIN,0.9504126048035777,-0.44472914717641326,0.045667203061896984,-0.200405176938428,0.5746222917435241,-0.020882415392706122,0.35925640903614614,-1.5293296478480691,-0.3879573914812306,-0.8317590230700301,0,,WT_rep1__scan_2130000,CHIN_123,CHIN,0.0
2143,WT_rep1__scan_2143000,NC_000913.3,2131000,2155000,2143000,24000,"[{""start"":2131000,""end"":2155000}]",WT_rep1,WT,1,True,OPCID_31,OPCID,1.0,0.054686971561661,0.012848078,0.0463359728455543,False,1518,True,False,OPCID_31,OPCID,0.4363030206615118,-0.25845502333851805,-0.3325380700999676,-0.0944773566412856,2.133679243929051,0.22719168155066427,-0.8405399715331221,0.25351478320423704,-0.531122735806833,0.17755020462602986,0,,WT_rep1__scan_2143000,OPCID_31,OPCID,0.0
2169,WT_rep1__scan_2169000,NC_000913.3,2157000,2181000,2169000,24000,"[{""start"":2157000,""end"":2181000}]",WT_rep1,WT,1,True,CHIN_124;CHIN_125;CHIN_126;CHIN_127,CHIN,0.92340087890625,0.061903114437467,0.021736994,0.0463359728455543,False,584,True,False,CHIN_124,CHIN,0.6018814032140632,-0.8559764985409717,0.4963895979894722,-0.24691023427879252,-0.4175951508565699,0.8117727907020359,-1.1007581531996877,-0.6629164489980556,1.27640772726844,0.13530044449497325,0,,WT_rep1__scan_2169000,CHIN_124,CHIN,0.0
2171,WT_rep1__scan_2171000,NC_000913.3,2159000,2183000,2171000,24000,"[{""start"":2159000,""end"":2183000}]",WT_rep1,WT,1,True,CHIN_124;CHIN_125;CHIN_126;CHIN_127,CHIN,0.9383544921875,0.0619478124508767,0.021887926,0.0463359728455543,False,575,True,False,CHIN_125,CHIN,0.3318395114243214,-0.6779285967642562,-0.4141217596113378,-1.599089016647386,-1.4707699072905949,0.14971851354512286,-0.531126873327355,0.9859486170483057,0.9180663782417912,-0.3089394049325755,0,,WT_rep1__scan_2171000,CHIN_125,CHIN,0.0
2174,WT_rep1__scan_2174000,NC_000913.3,2162000,2186000,2174000,24000,"[{""start"":2162000,""end"":2186000}]",WT_rep1,WT,1,True,CHIN_124;CHIN_125;CHIN_126;CHIN_127,CHIN,0.9383544921875,0.0624786268445115,0.019867165,0.0463359728455543,False,722,True,False,CHIN_126,CHIN,-0.10387078306772461,-0.756568014234906,-1.5549163899795477,-0.2425512910616817,-1.44865535150861,-1.2482064333462453,0.788471740198217,-0.0659978761658957,-1.8394428470524853,-0.21984599743170824,0,,WT_rep1__scan_2174000,CHIN_126,CHIN,0.0
2179,WT_rep1__scan_2179000,NC_000913.3,2167000,2191000,2179000,24000,"[{""start"":2167000,""end"":2191000}]",WT_rep1,WT,1,True,CHIN_124;CHIN_125;CHIN_126;CHIN_127;CHID_12;CHIN_128;CHIN_130;CHIN_129;CHIN_131,CHID;CHIN,0.93841552734375,0.0624299121803464,0.034447044,0.0463359728455543,False,171,True,False,CHIN_127,CHIN,0.2879280086211663,0.413115029441426,-0.21565872435770286,-1.4143770892677585,2.5611412282442307,1.942716018958391,-3.813489752725595,-1.5214517728956678,1.9250652158180117,0.9627905758545777,-1,,WT_rep1__scan_2179000,CHIN_127,CHIN,0.0
2188,WT_rep1__scan_2188000,NC_000913.3,2176000,2200000,2188000,24000,"[{""start"":2176000,""end"":2200000}]",WT_rep1,WT,1,True,CHIN_127;CHID_12;CHIN_128;CHIN_130;CHIN_129;CHIN_131,CHID;CHIN,1.0,0.0568930012628895,0.030605923,0.0463359728455543,False,240,True,False,CHIN_128,CHIN,-0.01124516757760793,1.3403594674229167,-0.7569397824212273,1.3597019721782038,-1.0738736034239431,4.227359314487742,0.5879352643994566,-1.584174918374468,0.3840367682243006,0.3627970476629335,0,,WT_rep1__scan_2188000,CHIN_128,CHIN,0.0
2189,WT_rep1__scan_2189000,NC_000913.3,2177000,2201000,2189000,24000,"[{""start"":2177000,""end"":2201000}]",WT_rep1,WT,1,True,CHIN_127;CHID_12;CHIN_128;CHIN_130;CHIN_129;CHIN_131,CHID;CHIN,1.0,0.0504849517413686,0.016507039,0.0463359728455543,False,1025,True,False,CHIN_129,CHIN,0.3612417340695041,0.35330025504388846,-0.885579327967317,0.38864616572000876,-0.6892492689324388,1.2444883980919366,0.44816376801675273,-1.816479413936435,0.5999957222984392,1.0038088662920306,0,,WT_rep1__scan_2189000,CHIN_129,CHIN,0.0
2190,WT_rep1__scan_2190000,NC_000913.3,2178000,2202000,2190000,24000,"[{""start"":2178000,""end"":2202000}]",WT_rep1,WT,1,True,CHIN_127;CHID_12;CHIN_128;CHIN_130;CHIN_129;CHIN_131,CHID;CHIN,1.0,0.0483556181798017,0.007523773,0.0463359728455543,False,3206,True,False,CHID_12;CHIN_130,CHID;CHIN,0.5428725613968935,0.0037532176256990625,-0.9709773696695182,-0.07363427290720223,-0.24556549117883356,0.2896927002051716,0.11639713586954623,-1.1767651811675917,0.7452704083384173,0.3141629264660237,0,,WT_rep1__scan_2190000,CHID_12;CHIN_130,CHID;CHIN,0.0
2191,WT_rep1__scan_2191000,NC_000913.3,2179000,2203000,2191000,24000,"[{""start"":2179000,""end"":2203000}]",WT_rep1,WT,1,True,CHIN_127;CHID_12;CHIN_128;CHIN_130;CHIN_129;CHIN_131,CHID;CHIN,1.0,0.0476950481487243,0.00727627,0.0463359728455543,False,3324,True,False,CHIN_131,CHIN,0.6592687224000106,0.030775077568323324,-0.8970831585282661,-0.29921675716629187,0.30015664122509705,0.2225735538923297,-0.1075859357990385,-0.4008292292562145,0.4106083160815584,-0.5318147535712296,0,,WT_rep1__scan_2191000,CHIN_131,CHIN,0.0
2213,WT_rep1__scan_2213000,NC_000913.3,2201000,2225000,2213000,24000,"[{""start"":2201000,""end"":2225000}]",WT_rep1,WT,1,True,OPCID_32,OPCID,1.0,0.0490920331923036,0.0058178743,0.0463359728455543,False,4102,True,False,OPCID_32,OPCID,0.7548299911412202,-0.36247095016269176,-0.46812883840349406,0.2851723470335438,0.3279925945688664,-0.3372274050366815,-0.0616761847462946,0.5608698581379742,-1.3025511200674447,-0.44134268034400764,0,,WT_rep1__scan_2213000,OPCID_32,OPCID,0.0
2234,WT_rep1__scan_2234000,NC_000913.3,2222000,2246000,2234000,24000,"[{""start"":2222000,""end"":2246000}]",WT_rep1,WT,1,True,CHIN_132;CHIN_133,CHIN,1.0,0.0521702800992021,0.00587298,0.0463359728455543,False,4072,True,False,CHIN_132,CHIN,0.3327441340353239,-0.07542781451030647,-0.9458208596668419,0.9239358211774391,0.23081004919435638,0.06315019447344943,-0.10902436497521663,-0.1391101905803981,0.29643383795052775,0.44714132142129154,0,,WT_rep1__scan_2234000,CHIN_132,CHIN,0.0
2239,WT_rep1__scan_2239000,NC_000913.3,2227000,2251000,2239000,24000,"[{""start"":2227000,""end"":2251000}]",WT_rep1,WT,1,True,CHIN_132;CHIN_133,CHIN,1.0,0.052028614604252,0.006048568,0.0463359728455543,False,3987,True,False,CHIN_133,CHIN,0.49102282453422486,0.2757553388734414,0.00503067213707817,-0.913188064456981,0.5337614140338521,-0.5882826995067463,0.4129545904069913,0.5101128187933196,-0.3613703197381253,0.7640656799719916,0,,WT_rep1__scan_2239000,CHIN_133,CHIN,0.0
2255,WT_rep1__scan_2255000,NC_000913.3,2243000,2267000,2255000,24000,"[{""start"":2243000,""end"":2267000}]",WT_rep1,WT,1,True,CHIN_134;CHIN_135;OPCID_33,CHIN;OPCID,1.0,0.0568068482077549,0.011916686,0.0463359728455543,False,1697,True,False,CHIN_134,CHIN,0.39780567099357506,-0.8108537061224798,0.2704038373637056,-0.3000623687449067,-1.0740327543981087,0.1949041470340869,-0.5347991339299093,0.6832384700905341,0.34999449629017887,0.24695505182197539,0,,WT_rep1__scan_2255000,CHIN_134,CHIN,0.0
2259,WT_rep1__scan_2259000,NC_000913.3,2247000,2271000,2259000,24000,"[{""start"":2247000,""end"":2271000}]",WT_rep1,WT,1,True,CHIN_134;CHIN_135;OPCID_33,CHIN;OPCID,1.0,0.0605186182296688,0.012071097,0.0463359728455543,False,1672,True,False,CHIN_135,CHIN,-0.2400186583111065,-1.1942325166818,-0.9624060965852939,0.7061155706914543,-0.15296826690541518,-0.7206656407787678,1.1679291207212985,-0.08915392328949721,-2.5132737626671062,1.6151822050663216,0,,WT_rep1__scan_2259000,CHIN_135,CHIN,0.0
2261,WT_rep1__scan_2261000,NC_000913.3,2249000,2273000,2261000,24000,"[{""start"":2249000,""end"":2273000}]",WT_rep1,WT,1,True,CHIN_134;CHIN_135;OPCID_33,CHIN;OPCID,1.0,0.0622417744849529,0.015667303,0.0463359728455543,False,1125,True,False,OPCID_33,OPCID,-0.3332414713436893,-1.3820992820680373,-0.5725728239283326,1.3575833055437518,1.3335680091881992,-0.107362107994543,0.17795453687551394,0.9907557121977213,-1.9874835526829921,0.10491793765393338,0,,WT_rep1__scan_2261000,OPCID_33,OPCID,0.0
2276,WT_rep1__scan_2276000,NC_000913.3,2264000,2288000,2276000,24000,"[{""start"":2264000,""end"":2288000}]",WT_rep1,WT,1,False,,,1.0,0.0582918777563083,0.0140956445,0.0463359728455543,False,1323,False,True,,,-0.2810465950917429,0.4786172922159969,1.2540095184845321,-1.498042574474706,1.2975646181372031,0.7831947724996808,2.048780502434807,1.1135445933116626,-0.5616442026001508,0.4124031028624632,0,,WT_rep1__scan_0662000,CHIN_40,CHIN,2.2286390819224473
2280,WT_rep1__scan_2280000,NC_000913.3,2268000,2292000,2280000,24000,"[{""start"":2268000,""end"":2292000}]",WT_rep1,WT,1,False,,,0.93841552734375,0.0577712275180737,0.014589367,0.0463359728455543,False,1260,False,True,,,-0.015797332790128935,1.3921532506595065,0.02686616719933839,0.3292009755469266,-1.4717080107525098,0.16651510734529557,-0.07157580922399781,0.04630572851110532,0.5437492551915809,0.11205731309536421,0,,WT_rep1__scan_1754000,CHIN_100,CHIN,1.622175500914347
2284,WT_rep1__scan_2284000,NC_000913.3,2272000,2296000,2284000,24000,"[{""start"":2272000,""end"":2296000}]",WT_rep1,WT,1,False,,,0.93841552734375,0.0526304371936154,0.0073516574,0.0463359728455543,False,3294,False,True,,,0.3862721267744698,0.4212975450756981,-0.6496357258966294,0.10731904774472825,0.157096930584958,0.5485952849113064,0.7763740305189075,0.3461327216804643,0.30500245467630066,-0.2410787566040359,0,,WT_rep1__scan_2663000,OPCID_43,OPCID,0.9856032005622113
2289,WT_rep1__scan_2289000,NC_000913.3,2277000,2301000,2289000,24000,"[{""start"":2277000,""end"":2301000}]",WT_rep1,WT,1,False,,,0.93841552734375,0.0517834233024725,0.005762147,0.0463359728455543,False,4133,False,True,,,0.8047707579117055,0.47996919796367987,-0.004642897061962448,-0.7306415139451461,0.07243619858997906,0.29796362858453657,-0.9034238795517048,-0.22329662680178752,0.20050903585148824,0.8088542755919835,0,,WT_rep1__scan_0678000,CHIN_42,CHIN,0.6446554745687668
2292,WT_rep1__scan_2292000,NC_000913.3,2280000,2304000,2292000,24000,"[{""start"":2280000,""end"":2304000}]",WT_rep1,WT,1,False,,,0.93841552734375,0.0514701833656808,0.0057504917,0.0463359728455543,False,4135,False,True,,,0.8737524648199394,0.16351825147742677,-0.007029362580363776,-0.2559154354876924,-0.35348688831164093,-0.4036455742468773,-0.25532762234076084,-0.4037584489496783,-0.2116610203947173,-0.663715116642312,0,,WT_rep1__scan_0566000,CHIN_32,CHIN,0.6425722165508921
2308,WT_rep1__scan_2308000,NC_000913.3,2296000,2320000,2308000,24000,"[{""start"":2296000,""end"":2320000}]",WT_rep1,WT,1,False,,,1.0,0.0534018625775767,0.007381353,0.0463359728455543,False,3281,False,True,,,0.7497102447290448,-0.5488804567066953,0.05359024876764676,-0.442720600513219,-0.44940517799539115,0.12847933816511423,-0.1838583738344731,0.3137888684298556,-0.0376354586324496,-0.6594886640874548,0,,WT_rep1__scan_2344000,CHIN_136,CHIN,0.6390791149655068
2344,WT_rep1__scan_2344000,NC_000913.3,2332000,2356000,2344000,24000,"[{""start"":2332000,""end"":2356000}]",WT_rep1,WT,1,True,CHIN_136,CHIN,1.0,0.0497770022055994,0.0045113466,0.0463359728455543,False,4601,True,False,CHIN_136,CHIN,0.8475654746515745,-0.21474093705629244,-0.16465935155318093,-0.49674073284167225,-0.19060515482869692,-0.0006838219059134372,0.054888235955272514,0.23707868346747665,0.15297150969467224,-0.4276046383672977,0,,WT_rep1__scan_2344000,CHIN_136,CHIN,0.0
2360,WT_rep1__scan_2360000,NC_000913.3,2348000,2372000,2360000,24000,"[{""start"":2348000,""end"":2372000}]",WT_rep1,WT,1,False,,,1.0,0.0456943294810484,0.0052067414,0.0463359728455543,False,4402,False,True,,,0.9474684422089305,0.07147619503846651,-0.20105700806966234,-0.21969199891626723,-0.28716495828960387,-0.08414355995109,-0.47123981050508673,-0.32792713693445286,0.18528234823620623,-0.9915525079991784,0,,WT_rep1__scan_1529000,CHIN_88,CHIN,0.3713632075468552
2362,WT_rep1__scan_2362000,NC_000913.3,2350000,2374000,2362000,24000,"[{""start"":2350000,""end"":2374000}]",WT_rep1,WT,1,False,,,1.0,0.0457044484475017,0.005659986,0.0463359728455543,False,4185,False,True,,,0.9588260627082793,-0.018909123917068726,-0.25448766477565876,-0.18653952186133782,-0.03957210978635407,0.16201920555160912,-0.4281857305127339,-0.2075219402808661,0.08993238599943841,-1.0254503531857138,0,,WT_rep1__scan_1521000,CHIN_87,CHIN,0.4040721036359016
2369,WT_rep1__scan_2369000,NC_000913.3,2357000,2381000,2369000,24000,"[{""start"":2357000,""end"":2381000}]",WT_rep1,WT,1,False,,,1.0,0.0465342038720547,0.0050851176,0.0463359728455543,False,4447,False,True,,,0.9604913233687848,-0.17879108471258556,-0.29505432825342337,-0.5027424373079982,-0.011946690183583594,-0.12169042935960755,-0.14965743480385296,-0.11145657393376124,-0.3533716553343526,-0.9819903888395515,0,,WT_rep1__scan_1616000,CHIN_96,CHIN,0.1921981141882755
2384,WT_rep1__scan_2384000,NC_000913.3,2372000,2396000,2384000,24000,"[{""start"":2372000,""end"":2396000}]",WT_rep1,WT,1,True,CHID_13;CHIN_137;CHIN_138;CHIN_139;OPCID_34;OPCID_35,CHID;CHIN;OPCID,1.0,0.0689680512622063,0.02773594,0.0463359728455543,False,320,True,False,CHIN_137,CHIN,0.4319066357611426,-1.4027885630371226,1.411438664804868,-0.14301712750267653,0.4605213214624815,1.1412578639729256,0.8090394115740855,-4.479102726887695,1.8761636939200979,1.3866121167708638,-1,,WT_rep1__scan_2384000,CHIN_137,CHIN,0.0
2386,WT_rep1__scan_2386000,NC_000913.3,2374000,2398000,2386000,24000,"[{""start"":2374000,""end"":2398000}]",WT_rep1,WT,1,True,CHID_13;CHIN_137;CHIN_138;CHIN_139;OPCID_34;OPCID_35,CHID;CHIN;OPCID,1.0,0.0769314902342629,0.035793565,0.0463359728455543,False,136,True,False,CHID_13;CHIN_138,CHID;CHIN,0.0169590265182054,-2.33694707987676,1.5010097542825893,-1.583633497860318,-0.3930748195229817,0.1023008531910974,-0.35639387421841895,-0.7058250876262294,0.166870132343214,-0.1734333803704075,0,,WT_rep1__scan_2386000,CHID_13;CHIN_138,CHID;CHIN,0.0
2387,WT_rep1__scan_2387000,NC_000913.3,2375000,2399000,2387000,24000,"[{""start"":2375000,""end"":2399000}]",WT_rep1,WT,1,True,CHID_13;CHIN_137;CHIN_138;CHIN_139;OPCID_34;OPCID_35,CHID;CHIN;OPCID,1.0,0.0799581020216443,0.035860263,0.0463359728455543,False,133,True,False,CHIN_139,CHIN,-0.3093442598239324,-2.645020173745838,1.155483881781005,-1.7668198143662508,-0.993868463219219,-0.3877873168734015,-0.5814564411186225,1.0507399235101211,-1.059322837916158,-0.3464744649793347,0,,WT_rep1__scan_2387000,CHIN_139,CHIN,0.0
2391,WT_rep1__scan_2391000,NC_000913.3,2379000,2403000,2391000,24000,"[{""start"":2379000,""end"":2403000}]",WT_rep1,WT,1,True,CHID_13;CHIN_137;CHIN_138;CHIN_139;OPCID_34;OPCID_35,CHID;CHIN;OPCID,1.0,0.0944716342497874,0.037911315,0.0463359728455543,False,111,True,False,OPCID_34,OPCID,-1.933576607604263,-3.535175924609154,-0.6458725252661077,2.2162686055593963,-1.7163007582525627,-2.727921496434524,-1.4012873049558838,-1.723392825618728,-4.500744913304427,3.7775804503560613,-1,,WT_rep1__scan_2391000,OPCID_34,OPCID,0.0
2393,WT_rep1__scan_2393000,NC_000913.3,2381000,2405000,2393000,24000,"[{""start"":2381000,""end"":2405000}]",WT_rep1,WT,1,True,CHID_13;CHIN_137;CHIN_138;CHIN_139;OPCID_34;OPCID_35,CHID;CHIN;OPCID,1.0,0.1053999308932499,0.050082248,0.0463359728455543,True,32,False,False,,,-2.5651886394982397,-3.4991381939806794,-0.9213564649351967,0.8894033364234852,-0.24995011985777588,0.549212007558682,-2.379999252682856,-3.108295953367809,-2.2023387167531463,2.8699158508512714,-1,NC_000913.3:locus_0003,WT_rep1__scan_2391000,OPCID_34,OPCID,4.910075695693969
2394,WT_rep1__scan_2394000,NC_000913.3,2382000,2406000,2394000,24000,"[{""start"":2382000,""end"":2406000}]",WT_rep1,WT,1,True,CHID_13;CHIN_137;CHIN_138;CHIN_139;OPCID_34;OPCID_35,CHID;CHIN;OPCID,1.0,0.1102538203330245,0.054375283,0.0463359728455543,True,18,False,False,,,-2.9210431481898347,-3.399682993609638,-0.6287816514699098,-0.33593619500708854,1.0940806590485477,2.06690778166833,-1.8583531114557077,-2.604554004937889,-1.8337126799755006,1.9967661493056097,-1,NC_000913.3:locus_0003,WT_rep1__scan_2395000,OPCID_35,OPCID,3.96088791413894
2395,WT_rep1__scan_2395000,NC_000913.3,2383000,2407000,2395000,24000,"[{""start"":2383000,""end"":2407000}]",WT_rep1,WT,1,True,CHID_13;CHIN_137;CHIN_138;CHIN_139;OPCID_34;OPCID_35,CHID;CHIN;OPCID,1.0,0.1131781076064211,0.05377433,0.0463359728455543,True,20,True,False,OPCID_35,OPCID,-3.2389973500430034,-3.234477510596406,-0.4441995702345315,-2.077391556551871,1.831125958931811,2.708285157122813,-0.6217941550695875,-1.158036630879472,-1.1839698669613243,-0.7409794598319338,-1,NC_000913.3:locus_0003,WT_rep1__scan_2395000,OPCID_35,OPCID,0.0
2396,WT_rep1__scan_2396000,NC_000913.3,2384000,2408000,2396000,24000,"[{""start"":2384000,""end"":2408000}]",WT_rep1,WT,1,True,CHID_13;CHIN_137;CHIN_138;CHIN_139;OPCID_34;OPCID_35,CHID;CHIN;OPCID,1.0,0.1147481553795561,0.055919204,0.0463359728455543,True,12,False,False,,,-3.426215613612029,-2.592174545915132,-0.6263699767300852,-3.1141763418747517,1.5477040556251482,2.2048208081266862,0.04857841196107707,-0.16884540432192574,-0.2598378354208381,-2.618114321135223,-1,NC_000913.3:locus_0003,WT_rep1__scan_2395000,OPCID_35,OPCID,2.7739990647584865
2397,WT_rep1__scan_2397000,NC_000913.3,2385000,2409000,2397000,24000,"[{""start"":2385000,""end"":2409000}]",WT_rep1,WT,1,True,CHID_13;CHIN_137;CHIN_138;CHIN_139;OPCID_34;OPCID_35,CHID;CHIN;OPCID,1.0,0.1161229165276769,0.05751016,0.0463359728455543,True,9,False,False,,,-3.690849026369222,-1.6009948346890996,-0.4222843063159422,-3.3399275977178564,0.34891386691839854,-0.2956711258929914,-0.052166964587980126,0.12174636764541015,0.850936493398189,-2.3423485232383214,-1,NC_000913.3:locus_0003,WT_rep1__scan_2395000,OPCID_35,OPCID,4.935095297156953
2398,WT_rep1__scan_2398000,NC_000913.3,2386000,2410000,2398000,24000,"[{""start"":2386000,""end"":2410000}]",WT_rep1,WT,1,True,CHID_13;CHIN_138;CHIN_139;OPCID_34;OPCID_35,CHID;CHIN;OPCID,1.0,0.1174747917697878,0.054895766,0.0463359728455543,True,17,False,False,,,-3.917203869671817,-0.4131346134777469,-0.29777742122715495,-3.094647096430403,-1.283697607757361,-3.768160990394468,-1.2471541872520076,0.43008094755565324,1.5837655969761129,-1.986946066188761,-1,NC_000913.3:locus_0003,WT_rep1__scan_3049000,OPCID_52,OPCID,4.895331610455885
2404,WT_rep1__scan_2404000,NC_000913.3,2392000,2416000,2404000,24000,"[{""start"":2392000,""end"":2416000}]",WT_rep1,WT,1,True,OPCID_34;OPCID_35,OPCID,1.0,0.1170473363209578,0.048441883,0.0463359728455543,True,40,False,False,,,-3.9827157460747404,3.0385083979781147,0.743343288722311,1.0178677762014,2.326866569125129,0.4700904580300646,-0.7590199922436596,-1.5557510125413105,-3.6916105458626634,-2.7593472959959513,-1,NC_000913.3:locus_0003,WT_rep1__scan_0108000,OPCID_3,OPCID,5.606454178430714
2405,WT_rep1__scan_2405000,NC_000913.3,2393000,2417000,2405000,24000,"[{""start"":2393000,""end"":2417000}]",WT_rep1,WT,1,True,OPCID_35,OPCID,1.0,0.1142209288208242,0.049879484,0.0463359728455543,True,33,False,False,,,-3.4830535831304914,3.432526101963531,1.3903388560757006,0.36272181719899094,2.3336504412395995,1.56362365414159,-1.7284049517918723,-1.1577438775620705,-2.6580007173333913,-1.9966769052145823,-1,NC_000913.3:locus_0003,WT_rep1__scan_4261000,CHIN_227,CHIN,4.916762603180624
2414,WT_rep1__scan_2414000,NC_000913.3,2402000,2426000,2414000,24000,"[{""start"":2402000,""end"":2426000}]",WT_rep1,WT,1,False,,,1.0,0.0785366234270208,0.03405436,0.0463359728455543,False,183,False,True,,,-1.2023679306095132,3.2880462098912924,0.894171042602004,2.684184230379683,0.0009605254159561433,1.216730537331032,-1.054483380545974,0.205081492289169,-1.6905304575961526,-1.446069118168214,-1,,WT_rep1__scan_2544000,OPCID_39,OPCID,2.824295449144782
2418,WT_rep1__scan_2418000,NC_000913.3,2406000,2430000,2418000,24000,"[{""start"":2406000,""end"":2430000}]",WT_rep1,WT,1,False,,,1.0,0.0620711705837375,0.011325945,0.0463359728455543,False,1848,False,True,,,-0.2777578694121406,1.829772078442166,0.290208701771624,-1.8737146380728034,-0.09501777345586943,2.0917329624932886,1.1831600830413251,0.8905402161772701,0.48496333692034815,1.0094562890706964,0,,WT_rep1__scan_2760000,CHIN_152,CHIN,2.207220697165922
2421,WT_rep1__scan_2421000,NC_000913.3,2409000,2433000,2421000,24000,"[{""start"":2409000,""end"":2433000}]",WT_rep1,WT,1,False,,,1.0,0.0605667542581442,0.009334345,0.0463359728455543,False,2430,False,True,,,0.15026244485652074,0.9425379300384759,1.0246845590700533,1.081249906517041,-0.07919441987996724,-2.3163046526589066,0.5857449933079077,-0.14225776985685795,0.02955907395659311,0.3996516075766392,0,,WT_rep1__scan_1871000,CHIN_107,CHIN,1.401734394927776
2441,WT_rep1__scan_2441000,NC_000913.3,2429000,2453000,2441000,24000,"[{""start"":2429000,""end"":2453000}]",WT_rep1,WT,1,True,OPCID_36,OPCID,1.0,0.0627386441420519,0.014853137,0.0463359728455543,False,1229,True,False,OPCID_36,OPCID,-0.34674642672158784,0.7189749979882315,-0.7492523064674173,2.672699675147067,0.0992689367330117,-1.3544836352489285,1.005842475158343,0.9230259886429825,0.42173946093468595,-0.9416590385067903,0,,WT_rep1__scan_2441000,OPCID_36,OPCID,0.0
2455,WT_rep1__scan_2455000,NC_000913.3,2443000,2467000,2455000,24000,"[{""start"":2443000,""end"":2467000}]",WT_rep1,WT,1,True,CHIN_140;CHIN_141,CHIN,1.0,0.0499358794455789,0.0058607496,0.0463359728455543,False,4077,True,False,CHIN_140,CHIN,0.7737925262232007,-0.15331461477549316,-0.1983001531278432,0.0781000626545614,0.048683129309645454,-0.0939542017512664,0.09309611409418092,0.38911627065911414,-0.40270455894360757,-0.41861241282688616,0,,WT_rep1__scan_2455000,CHIN_140,CHIN,0.0
2463,WT_rep1__scan_2463000,NC_000913.3,2451000,2475000,2463000,24000,"[{""start"":2451000,""end"":2475000}]",WT_rep1,WT,1,True,CHIN_140;CHIN_141,CHIN,1.0,0.0480712467377207,0.007850937,0.0463359728455543,False,3042,True,False,CHIN_141,CHIN,0.6499045447210532,-0.135182083394965,-0.33230410471568195,0.08281363553885193,-0.31336522602092903,-0.7902005616797632,0.5490876003193644,0.07018431992272688,0.14784176495280593,-0.16471520451938482,0,,WT_rep1__scan_2463000,CHIN_141,CHIN,0.0
2482,WT_rep1__scan_2482000,NC_000913.3,2470000,2494000,2482000,24000,"[{""start"":2470000,""end"":2494000}]",WT_rep1,WT,1,True,CHID_14;CHIN_142;CHIN_143;CHIN_144;CHIN_145;CHIN_146;CHIN_147,CHID;CHIN,1.0,0.0485586595516314,0.006842126,0.0463359728455543,False,3515,True,False,CHIN_142,CHIN,0.3149983285490449,-0.5466733145881678,-1.0597350038086102,0.35041542635612116,-0.93544342148347,-0.09344017264759788,0.4596611118523226,-1.6760663386772803,-0.8821909473052988,1.033573709084075,0,,WT_rep1__scan_2482000,CHIN_142,CHIN,0.0
2484,WT_rep1__scan_2484000,NC_000913.3,2472000,2496000,2484000,24000,"[{""start"":2472000,""end"":2496000}]",WT_rep1,WT,1,True,CHID_14;CHIN_142;CHIN_143;CHIN_144;CHIN_145;CHIN_146;CHIN_147,CHID;CHIN,1.0,0.04938122766171,0.0067894063,0.0463359728455543,False,3542,True,False,CHIN_143,CHIN,0.3023199228786724,-0.517445927996279,-1.072955513547463,0.46107933662731604,-0.06330139038462006,-0.1387101642865978,0.31272207749959713,-1.3330625325351513,-1.0549825289580197,1.0671582168522387,0,,WT_rep1__scan_2484000,CHIN_143,CHIN,0.0
2485,WT_rep1__scan_2485000,NC_000913.3,2473000,2497000,2485000,24000,"[{""start"":2473000,""end"":2497000}]",WT_rep1,WT,1,True,CHID_14;CHIN_142;CHIN_143;CHIN_144;CHIN_145;CHIN_146;CHIN_147,CHID;CHIN,1.0,0.0486260878526822,0.007557237,0.0463359728455543,False,3193,True,False,CHIN_144,CHIN,0.3126459719216332,-0.3559630829764194,-1.084282968390638,0.19423582782734664,0.38047519043740563,0.28127931218260604,-0.04424817883442521,-0.6896109720288095,-0.4715532724155819,0.41585872505528565,0,,WT_rep1__scan_2485000,CHIN_144,CHIN,0.0
2486,WT_rep1__scan_2486000,NC_000913.3,2474000,2498000,2486000,24000,"[{""start"":2474000,""end"":2498000}]",WT_rep1,WT,1,True,CHID_14;CHIN_142;CHIN_143;CHIN_144;CHIN_145;CHIN_146;CHIN_147,CHID;CHIN,1.0,0.0484959598034139,0.00816813,0.0463359728455543,False,2888,True,False,CHID_14,CHID,0.39593598805610913,-0.1409435817106877,-0.9802545225363052,-0.24239506110651474,0.7696123716599714,0.6505448210517286,-0.4546567728395861,-0.2768035376105149,0.2038354964405706,-0.17188204267306603,0,,WT_rep1__scan_2486000,CHID_14,CHID,0.0
2487,WT_rep1__scan_2487000,NC_000913.3,2475000,2499000,2487000,24000,"[{""start"":2475000,""end"":2499000}]",WT_rep1,WT,1,True,CHID_14;CHIN_142;CHIN_143;CHIN_144;CHIN_145;CHIN_146;CHIN_147,CHID;CHIN,1.0,0.0492087323960589,0.009617705,0.0463359728455543,False,2328,True,False,CHIN_145,CHIN,0.39728624700514964,0.06342396680710047,-0.6328694026561148,-0.6487999693687511,1.1152552146706287,0.6212576699380935,-0.22325277650139472,0.18310668459943855,0.0402912279831305,0.153015366173516,0,,WT_rep1__scan_2487000,CHIN_145,CHIN,0.0
2489,WT_rep1__scan_2489000,NC_000913.3,2477000,2501000,2489000,24000,"[{""start"":2477000,""end"":2501000}]",WT_rep1,WT,1,True,CHID_14;CHIN_142;CHIN_143;CHIN_144;CHIN_145;CHIN_146;CHIN_147,CHID;CHIN,1.0,0.0495144765680549,0.009200252,0.0463359728455543,False,2468,True,False,CHIN_146,CHIN,0.389191220743269,0.3101806382338227,0.1664176211816641,-1.004235445197345,0.8787042116594496,-0.7513903857614899,0.03663784016379796,0.6994442600796003,0.06347193780317138,1.0346170369091772,0,,WT_rep1__scan_2489000,CHIN_146,CHIN,0.0
2493,WT_rep1__scan_2493000,NC_000913.3,2481000,2505000,2493000,24000,"[{""start"":2481000,""end"":2505000}]",WT_rep1,WT,1,True,CHID_14;CHIN_142;CHIN_143;CHIN_144;CHIN_145;CHIN_146;CHIN_147,CHID;CHIN,1.0,0.051206046510832,0.007831979,0.0463359728455543,False,3054,True,False,CHIN_147,CHIN,0.3927604850262747,0.8476511121641863,0.31806310162124063,-0.09041260565917646,-1.2331930620039877,-0.6528469748907652,-0.467124200379998,0.06421761053189076,-1.0239420889001316,1.366376929267114,0,,WT_rep1__scan_2493000,CHIN_147,CHIN,0.0
2531,WT_rep1__scan_2531000,NC_000913.3,2519000,2543000,2531000,24000,"[{""start"":2519000,""end"":2543000}]",WT_rep1,WT,1,True,OPCID_37;OPCID_38,OPCID,1.0,0.0737952720799913,0.019034993,0.0463359728455543,False,787,True,False,OPCID_37,OPCID,-1.6439485136935317,-0.08939908593992149,-3.8123136243901756,0.13783049432925668,-2.1349111052235923,1.4195843954682672,2.255323139339069,-2.8811960214095245,2.2919274567619414,-0.26273206112140074,-1,,WT_rep1__scan_2531000,OPCID_37,OPCID,0.0
2535,WT_rep1__scan_2535000,NC_000913.3,2523000,2547000,2535000,24000,"[{""start"":2523000,""end"":2547000}]",WT_rep1,WT,1,True,OPCID_37;OPCID_38;OPCID_39,OPCID,1.0,0.0766090072689167,0.035395943,0.0463359728455543,False,142,True,False,OPCID_38,OPCID,-1.0869828514628308,0.6510657651904961,-0.7540494383025416,0.7843556618835763,4.47101697774279,-0.5363810861383956,-0.1499889501799187,0.8412410860013835,-0.40636240586311745,-1.6210565188203232,-1,,WT_rep1__scan_2535000,OPCID_38,OPCID,0.0
2544,WT_rep1__scan_2544000,NC_000913.3,2532000,2556000,2544000,24000,"[{""start"":2532000,""end"":2556000}]",WT_rep1,WT,1,True,OPCID_37;OPCID_38;OPCID_39,OPCID,1.0,0.0678745407372456,0.024386762,0.0463359728455543,False,441,True,False,OPCID_39,OPCID,-0.20382742531479725,1.5620098496461094,0.017189514428564544,3.0489400092368206,-1.116544608446763,0.042957055261041835,-0.6569979539658514,0.592522397886892,-1.7437730298169527,-1.0451764331523026,0,,WT_rep1__scan_2544000,OPCID_39,OPCID,0.0
2564,WT_rep1__scan_2564000,NC_000913.3,2552000,2576000,2564000,24000,"[{""start"":2552000,""end"":2576000}]",WT_rep1,WT,1,True,OPCID_40,OPCID,1.0,0.061945770952053,0.018836122,0.0463359728455543,False,810,True,False,OPCID_40,OPCID,-0.08880224661710366,0.42054149465331064,-1.5243555700506253,1.2196306595245479,1.1812011840898515,-0.4320889433648001,1.1731569353605518,0.8493718724101893,-0.26807621479230115,-1.696683422420989,0,,WT_rep1__scan_2564000,OPCID_40,OPCID,0.0
2579,WT_rep1__scan_2579000,NC_000913.3,2567000,2591000,2579000,24000,"[{""start"":2567000,""end"":2591000}]",WT_rep1,WT,1,False,,,1.0,0.0513691793717093,0.0061944,0.0463359728455543,False,3897,False,True,,,0.9784542450395696,-0.15295011892588434,-0.2573438495485839,-0.32701202950983077,0.14626718243989056,-0.0675409573496652,-0.36824514170061434,-0.2702931760737452,-0.19101401934603818,-1.0495465427790007,0,,WT_rep1__scan_0538000,CHIN_27,CHIN,0.25182673889228635
2582,WT_rep1__scan_2582000,NC_000913.3,2570000,2594000,2582000,24000,"[{""start"":2570000,""end"":2594000}]",WT_rep1,WT,1,False,,,1.0,0.0510239995896525,0.00542927,0.0463359728455543,False,4308,False,True,,,0.9436212477052999,-0.34197427230424504,0.046211233550294724,-0.501310304648923,0.2318158463949915,0.09575900604341937,0.047530932195385185,-0.17282906331285225,-0.3297459550439926,-1.077072140166765,0,,WT_rep1__scan_1616000,CHIN_96,CHIN,0.4521457151711236
2584,WT_rep1__scan_2584000,NC_000913.3,2572000,2596000,2584000,24000,"[{""start"":2572000,""end"":2596000}]",WT_rep1,WT,1,False,,,1.0,0.0509848477107809,0.0057085203,0.0463359728455543,False,4151,False,True,,,0.8789428628612056,-0.20994103473951012,-0.013152928264172524,-0.3868321283093428,-0.21236629458125275,-0.09105094272253811,0.16252257090500888,0.06956219149045015,0.03324765275341175,-0.5252059270881354,0,,WT_rep1__scan_2344000,CHIN_136,CHIN,0.3289197159709621
2585,WT_rep1__scan_2585000,NC_000913.3,2573000,2597000,2585000,24000,"[{""start"":2573000,""end"":2597000}]",WT_rep1,WT,1,False,,,1.0,0.05110050659163,0.006317004,0.0463359728455543,False,3817,False,True,,,0.8341947214991209,-0.2102906023320458,-0.0738147739219458,-0.2840688700423926,-0.2541694749966546,-0.2528418914962917,0.15488191465628146,0.19082394792357382,0.18256807083754928,-0.33514207059358037,0,,WT_rep1__scan_2344000,CHIN_136,CHIN,0.37797919929499535
2586,WT_rep1__scan_2586000,NC_000913.3,2574000,2598000,2586000,24000,"[{""start"":2574000,""end"":2598000}]",WT_rep1,WT,1,False,,,1.0,0.0516207350472201,0.006778868,0.0463359728455543,False,3548,False,True,,,0.8101521686092782,-0.25910108124889575,-0.09807797153888176,-0.21647314655579955,-0.10842611182889723,-0.2851532240206986,0.20160029567377555,0.2077936993423331,0.01141794900615599,-0.6313374320920083,0,,WT_rep1__scan_1413000,CHIN_82,CHIN,0.43379989784552137
2587,WT_rep1__scan_2587000,NC_000913.3,2575000,2599000,2587000,24000,"[{""start"":2575000,""end"":2599000}]",WT_rep1,WT,1,False,,,1.0,0.0528461704500191,0.008172618,0.0463359728455543,False,2883,False,True,,,0.6949772422669978,-0.464471985602474,-0.026526395362245863,-0.06672987998884952,0.15257074151688843,-0.3337650351407731,0.31199558236580305,0.37710419519430677,-0.4537850513720253,-0.37079893813940884,0,,WT_rep1__scan_2455000,CHIN_140,CHIN,0.5241862060033123
2596,WT_rep1__scan_2596000,NC_000913.3,2584000,2608000,2596000,24000,"[{""start"":2584000,""end"":2608000}]",WT_rep1,WT,1,False,,,1.0,0.0562301615767461,0.0076947054,0.0463359728455543,False,3125,False,True,,,0.08648152000833072,-0.1361635542082652,-1.2142988153468992,-1.0441522172812046,-0.665779496379728,0.12289898609998902,1.9449045507339466,-0.2740313338909305,0.2306789265827931,0.03310390357045045,0,,WT_rep1__scan_2992000,CHID_17;CHIN_166,CHID;CHIN,1.5354436975732833
2629,WT_rep1__scan_2629000,NC_000913.3,2617000,2641000,2629000,24000,"[{""start"":2617000,""end"":2641000}]",WT_rep1,WT,1,True,CHIN_148;OPCID_41,CHIN;OPCID,1.0,0.0568434467515486,0.008182551,0.0463359728455543,False,2877,True,False,CHIN_148,CHIN,0.548505999705967,-0.5070799095976438,0.6844883498102381,0.1692448180281989,0.8836963304095042,0.43066127442620994,0.6573368183212095,0.2805637952886713,0.3672028628195075,0.16275010434358028,0,,WT_rep1__scan_2629000,CHIN_148,CHIN,0.0
2640,WT_rep1__scan_2640000,NC_000913.3,2628000,2652000,2640000,24000,"[{""start"":2628000,""end"":2652000}]",WT_rep1,WT,1,True,CHIN_148;OPCID_41;OPCID_42,CHIN;OPCID,1.0,0.0660009239557701,0.01091662,0.0463359728455543,False,1953,True,False,OPCID_41,OPCID,-0.589631334816055,-0.7408495537841453,-0.9072159056981558,1.2103762134091909,0.9228068223837468,-0.0020703981772660766,1.0713016230386199,1.0633048911178202,-0.7794369436537253,0.9647935944361592,0,,WT_rep1__scan_2640000,OPCID_41,OPCID,0.0
2650,WT_rep1__scan_2650000,NC_000913.3,2638000,2662000,2650000,24000,"[{""start"":2638000,""end"":2662000}]",WT_rep1,WT,1,True,OPCID_41;OPCID_42;CHIN_149;OPCID_43,CHIN;OPCID,1.0,0.0670882874966964,0.011961352,0.0463359728455543,False,1686,True,False,OPCID_42,OPCID,-0.4812649616536803,1.3556610392399915,-0.06351103379289165,1.9363045725626054,-0.6850812787039084,-1.2376661355590108,-0.2743993126055851,0.30140656443528163,0.9087184105913376,0.7400748269916408,0,,WT_rep1__scan_2650000,OPCID_42,OPCID,0.0
2654,WT_rep1__scan_2654000,NC_000913.3,2642000,2666000,2654000,24000,"[{""start"":2642000,""end"":2666000}]",WT_rep1,WT,1,True,OPCID_41;OPCID_42;CHIN_149;OPCID_43,CHIN;OPCID,1.0,0.0628213927157566,0.012430074,0.0463359728455543,False,1599,True,False,CHIN_149,CHIN,-0.0933733294792066,0.4747858374943327,0.4775111859456249,0.6351476807440226,1.3337395866301978,0.9357342428001817,0.23582104808545706,1.3105582015512098,0.018893835073620746,1.3728503128006948,0,,WT_rep1__scan_2654000,CHIN_149,CHIN,0.0
2663,WT_rep1__scan_2663000,NC_000913.3,2651000,2675000,2663000,24000,"[{""start"":2651000,""end"":2675000}]",WT_rep1,WT,1,True,OPCID_42;CHIN_149;OPCID_43,CHIN;OPCID,1.0,0.0562956983503149,0.0081291245,0.0463359728455543,False,2910,True,False,OPCID_43,OPCID,0.26420333625670606,0.6064265651529871,-0.8021002880618364,0.7949794836755174,-0.04566616819527196,0.21483368715758772,0.4457758482731041,0.10804746475668026,0.5940127886979607,-0.08583247419316846,0,,WT_rep1__scan_2663000,OPCID_43,OPCID,0.0
2688,WT_rep1__scan_2688000,NC_000913.3,2676000,2700000,2688000,24000,"[{""start"":2676000,""end"":2700000}]",WT_rep1,WT,1,True,OPCID_44;CHIN_150,CHIN;OPCID,1.0,0.0543569230113108,0.0066086953,0.0463359728455543,False,3631,True,False,OPCID_44,OPCID,0.6861007316202394,-0.2930749682472536,-0.2107680397259749,-0.5074607866508937,0.7559850324430292,-0.009863326039899305,-0.17659114309615198,0.2570912283825618,-0.595723978327489,0.3421919760056133,0,,WT_rep1__scan_2688000,OPCID_44,OPCID,0.0
2700,WT_rep1__scan_2700000,NC_000913.3,2688000,2712000,2700000,24000,"[{""start"":2688000,""end"":2712000}]",WT_rep1,WT,1,True,OPCID_44;CHIN_150;OPCID_45,CHIN;OPCID,1.0,0.057891185524207,0.010330039,0.0463359728455543,False,2120,True,False,CHIN_150,CHIN,0.49309733529963473,-0.5915531928959092,0.5950914227248426,0.6167075384326465,0.221963399782334,-0.007128493646453981,-0.924759386619812,0.906229028711116,0.7859503143584946,-0.25251455799874095,0,,WT_rep1__scan_2700000,CHIN_150,CHIN,0.0
2709,WT_rep1__scan_2709000,NC_000913.3,2697000,2721000,2709000,24000,"[{""start"":2697000,""end"":2721000}]",WT_rep1,WT,1,True,CHIN_150;OPCID_45,CHIN;OPCID,1.0,0.0590661205978404,0.010760789,0.0463359728455543,False,1998,True,False,OPCID_45,OPCID,0.0593984246411299,-0.03214780408153954,-0.2868225701000317,1.809143259074282,2.067615692674238,0.007586480237918057,0.4971035262682517,1.5751118848146477,-0.6524480069474973,0.1615409669317588,0,,WT_rep1__scan_2709000,OPCID_45,OPCID,0.0
2731,WT_rep1__scan_2731000,NC_000913.3,2719000,2743000,2731000,24000,"[{""start"":2719000,""end"":2743000}]",WT_rep1,WT,1,False,,,0.7926025390625,0.0787022891258849,0.043051194,0.0463359728455543,False,62,False,True,,,-0.36050312768187925,0.6083813973171709,1.801478003117268,0.15007190793493505,-3.536447148961085,-0.9997757309419464,1.0853633444203417,0.1371015791014368,-0.041243659781760374,-2.069792574800315,0,,WT_rep1__scan_3875000,CHIN_218,CHIN,3.6553739799272393
2732,WT_rep1__scan_2732000,NC_000913.3,2720000,2744000,2732000,24000,"[{""start"":2720000,""end"":2744000}]",WT_rep1,WT,1,False,,,0.7652587890625,0.0781718219056673,0.04658054,0.0463359728455543,True,47,False,False,,,-0.39663170471033254,0.37160908300578804,0.5768218918505941,1.1652892383029776,-3.2373257400452347,-0.9176492158976098,0.10658040284967739,0.3388810810918654,0.4442723552208983,-3.178251447172507,0,NC_000913.3:locus_0004,WT_rep1__scan_3191000,CHIN_175,CHIN,3.5555341675125876
2742,WT_rep1__scan_2742000,NC_000913.3,2730000,2754000,2742000,24000,"[{""start"":2730000,""end"":2754000}]",WT_rep1,WT,1,False,,,0.9384765625,0.072852003819012,0.019219238,0.0463359728455543,False,777,False,True,,,-1.083919956913356,-0.0631952343786143,0.5626077370840081,-2.8326469199615754,-0.13848083323548166,-0.06926087207697504,3.401658496882357,2.56213152480157,-1.1272848601726142,-0.4501306890419662,0,,WT_rep1__scan_3078000,CHIN_170,CHIN,2.9554507485110144
2744,WT_rep1__scan_2744000,NC_000913.3,2732000,2756000,2744000,24000,"[{""start"":2732000,""end"":2756000}]",WT_rep1,WT,1,False,,,1.0,0.0738804793970872,0.02594221,0.0463359728455543,False,372,False,True,,,-1.411596593792265,0.012592608157778282,1.325892180028589,1.2372503693791146,-0.23447359309711704,-4.27090573127683,2.237007765928653,-0.6433846558304682,-0.5870416272700745,0.10903051324794805,-1,,WT_rep1__scan_3790000,CHIN_204,CHIN,3.426080269412254
2759,WT_rep1__scan_2759000,NC_000913.3,2747000,2771000,2759000,24000,"[{""start"":2747000,""end"":2771000}]",WT_rep1,WT,1,True,CHID_15;CHIN_151;CHIN_152,CHID;CHIN,1.0,0.0595700830950842,0.012080035,0.0463359728455543,False,1671,True,False,CHID_15;CHIN_151,CHID;CHIN,0.2902227014199268,1.353942182838986,0.2731577444932176,-1.526383675688617,0.22638752998241227,1.5948444231738084,-1.224329615580994,-0.42768656240876546,-0.4773874792240279,2.7260336464626214,0,,WT_rep1__scan_2759000,CHID_15;CHIN_151,CHID;CHIN,0.0
2760,WT_rep1__scan_2760000,NC_000913.3,2748000,2772000,2760000,24000,"[{""start"":2748000,""end"":2772000}]",WT_rep1,WT,1,True,CHID_15;CHIN_151;CHIN_152,CHID;CHIN,1.0,0.0579466979444089,0.011465779,0.0463359728455543,False,1805,True,False,CHIN_152,CHIN,0.30909861814246503,1.0707069484070089,0.19070688138341008,-1.5813553210901607,-0.07122861686547577,1.323664104881806,0.3428882712192943,0.25250359432368463,-0.8463599056883789,1.6257382829721525,0,,WT_rep1__scan_2760000,CHIN_152,CHIN,0.0
2774,WT_rep1__scan_2774000,NC_000913.3,2762000,2786000,2774000,24000,"[{""start"":2762000,""end"":2786000}]",WT_rep1,WT,1,True,CHIN_153;CHID_16;CHIN_154;CHIN_155;CHIN_156,CHID;CHIN,1.0,0.0470433676534175,0.0061410307,0.0463359728455543,False,3928,True,False,CHIN_153,CHIN,0.9211941041349072,-0.28549487324282835,-0.08124870961035323,-0.10827206909074485,0.2578137964759936,-0.16134689730179416,0.10325594160528594,-0.8535543422345351,-0.2547156043728283,-0.7453274772917049,0,,WT_rep1__scan_2774000,CHIN_153,CHIN,0.0
2783,WT_rep1__scan_2783000,NC_000913.3,2771000,2795000,2783000,24000,"[{""start"":2771000,""end"":2795000}]",WT_rep1,WT,1,True,CHIN_153;CHID_16;CHIN_154;CHIN_155;CHIN_156;CHIN_157,CHID;CHIN,1.0,0.0460092469450083,0.008352648,0.0463359728455543,False,2793,True,False,CHIN_154,CHIN,0.7592005835981221,-0.12126474147863646,-0.6874707936875885,-0.028983631702372278,-0.30494937523807303,-0.3812701888805189,-0.09628595880410455,-1.0183570695879356,-0.20241106363244915,-0.39918993192175045,0,,WT_rep1__scan_2783000,CHIN_154,CHIN,0.0
2785,WT_rep1__scan_2785000,NC_000913.3,2773000,2797000,2785000,24000,"[{""start"":2773000,""end"":2797000}]",WT_rep1,WT,1,True,CHIN_153;CHID_16;CHIN_154;CHIN_155;CHIN_156;CHIN_157,CHID;CHIN,1.0,0.0456607572370659,0.008283877,0.0463359728455543,False,2834,True,False,CHID_16;CHIN_155,CHID;CHIN,0.7921330036714059,0.0031575300717312516,-0.7622177491713668,-0.20647216657297796,0.20991934483282793,0.23846505932777454,-0.5428838627791144,-1.1163638027183689,-0.06689263239073001,-0.4206131224728234,0,,WT_rep1__scan_2785000,CHID_16;CHIN_155,CHID;CHIN,0.0
2787,WT_rep1__scan_2787000,NC_000913.3,2775000,2799000,2787000,24000,"[{""start"":2775000,""end"":2799000}]",WT_rep1,WT,1,True,CHIN_153;CHID_16;CHIN_154;CHIN_155;CHIN_156;CHIN_157;CHIN_158,CHID;CHIN,1.0,0.0462423614734157,0.00834991,0.0463359728455543,False,2795,True,False,CHIN_156,CHIN,0.8446308901007599,-0.04524432590109576,-0.4849859312163547,-0.4705946909191628,0.4154627463912752,0.052160303374599974,-0.38129564611478806,-0.15747038346291142,-0.39548637284721316,-0.6875760546700734,0,,WT_rep1__scan_2787000,CHIN_156,CHIN,0.0
2788,WT_rep1__scan_2788000,NC_000913.3,2776000,2800000,2788000,24000,"[{""start"":2776000,""end"":2800000}]",WT_rep1,WT,1,True,CHID_16;CHIN_154;CHIN_155;CHIN_156;CHIN_157;CHIN_158,CHID;CHIN,1.0,0.046836070669685,0.008930362,0.0463359728455543,False,2560,True,False,CHIN_157,CHIN,0.8136456387190358,-0.09793771247101993,-0.1432180384570147,-0.43743279153467857,0.959925713284032,-0.03259996174544714,-0.14176952097394555,-0.35568274244703907,-0.7797531641344204,-0.5259497865910286,0,,WT_rep1__scan_2788000,CHIN_157,CHIN,0.0
2798,WT_rep1__scan_2798000,NC_000913.3,2786000,2810000,2798000,24000,"[{""start"":2786000,""end"":2810000}]",WT_rep1,WT,1,True,CHID_16;CHIN_155;CHIN_156;CHIN_157;CHIN_158;CHIN_159,CHID;CHIN,1.0,0.0503664558130865,0.0072522536,0.0463359728455543,False,3332,True,False,CHIN_158,CHIN,0.6577247322324551,-0.32570669900466553,-0.38286141337346236,0.45658942220730475,0.003916415067530928,0.21743708933399664,0.14297415215962714,-0.08387953748414605,-0.328569558394082,-0.023108566712762353,0,,WT_rep1__scan_2798000,CHIN_158,CHIN,0.0
2805,WT_rep1__scan_2805000,NC_000913.3,2793000,2817000,2805000,24000,"[{""start"":2793000,""end"":2817000}]",WT_rep1,WT,1,True,CHIN_158;CHIN_159,CHIN,1.0,0.0534188851894034,0.0071198572,0.0463359728455543,False,3394,True,False,CHIN_159,CHIN,0.49919961138703683,-0.19415323083902772,-0.09974670492452777,-0.15202513371651485,0.10672238213266219,-0.8842595070344546,1.259784152164838,0.39476217700872973,-0.4664050995897405,-0.1566326575598028,0,,WT_rep1__scan_2805000,CHIN_159,CHIN,0.0
2820,WT_rep1__scan_2820000,NC_000913.3,2808000,2832000,2820000,24000,"[{""start"":2808000,""end"":2832000}]",WT_rep1,WT,1,False,,,1.0,0.0685694396753653,0.01821927,0.0463359728455543,False,870,False,True,,,-0.10321226997203567,-0.1752372799938106,0.47418485417655315,0.48216489460021267,1.3054917438843925,1.2725693659359176,-0.5021252966076817,0.7080920950031401,1.8328748053754318,0.9148147933706261,0,,WT_rep1__scan_3206000,CHIN_177,CHIN,1.7406792686788077
2833,WT_rep1__scan_2833000,NC_000913.3,2821000,2845000,2833000,24000,"[{""start"":2821000,""end"":2845000}]",WT_rep1,WT,1,False,,,1.0,0.0626747149400961,0.0075563113,0.0463359728455543,False,3195,False,True,,,0.7435947934996462,0.6723066284292826,0.27940231890089157,-1.177359437487875,0.0935294081305708,-0.45266030806042334,-1.1535659509403433,-0.28216625207302276,-0.778228214352009,0.6565332358324956,0,,WT_rep1__scan_0059000,CHIN_1,CHIN,1.1428825392275415
2836,WT_rep1__scan_2836000,NC_000913.3,2824000,2848000,2836000,24000,"[{""start"":2824000,""end"":2848000}]",WT_rep1,WT,1,False,,,1.0,0.0615347705457055,0.008932513,0.0463359728455543,False,2559,False,True,,,0.803948064271354,0.6123399130159591,0.42081475032385296,-0.43642765004611495,-1.0532240619652877,-0.6345984254079866,-0.7671271402243621,-0.7048865864015087,-1.5928525361288575,-0.7921969484261691,0,,WT_rep1__scan_0721000,CHIN_44,CHIN,1.32948319246635
2837,WT_rep1__scan_2837000,NC_000913.3,2825000,2849000,2837000,24000,"[{""start"":2825000,""end"":2849000}]",WT_rep1,WT,1,False,,,1.0,0.0615461189339114,0.009425411,0.0463359728455543,False,2392,False,True,,,0.8658435479788684,0.554618308472119,0.33853278043477153,-0.045872753883113127,-1.0841107366154408,-0.30171972535725256,-1.2169682964547284,-0.5434888711961701,-1.6998696270803535,-1.0484214288595857,0,,WT_rep1__scan_0721000,CHIN_44,CHIN,1.417284709041474
2838,WT_rep1__scan_2838000,NC_000913.3,2826000,2850000,2838000,24000,"[{""start"":2826000,""end"":2850000}]",WT_rep1,WT,1,False,,,1.0,0.0610701491566559,0.008860566,0.0463359728455543,False,2585,False,True,,,0.9369866116552054,0.324671354782788,0.08710552669246277,-0.044189931499993236,-0.7455896995410963,-0.11585020234355096,-1.1793083814702792,-0.2654138845106084,-0.9606523409478331,-1.12601405405875,0,,WT_rep1__scan_0721000,CHIN_44,CHIN,0.9839678957401229
2868,WT_rep1__scan_2868000,NC_000913.3,2856000,2880000,2868000,24000,"[{""start"":2856000,""end"":2880000}]",WT_rep1,WT,1,True,OPCID_46,OPCID,1.0,0.0533367039553621,0.0068695247,0.0463359728455543,False,3507,True,False,OPCID_46,OPCID,0.5089571882829969,-0.09321218685719686,-1.021193747691365,0.8054410884132334,0.15397583050754213,-0.6071237827719476,0.24019116546172878,-0.6936967887288638,-0.43095761430854884,-0.3490292692765759,0,,WT_rep1__scan_2868000,OPCID_46,OPCID,0.0
2884,WT_rep1__scan_2884000,NC_000913.3,2872000,2896000,2884000,24000,"[{""start"":2872000,""end"":2896000}]",WT_rep1,WT,1,True,CHIN_160,CHIN,1.0,0.0463290819734584,0.0049422793,0.0463359728455543,False,4503,True,False,CHIN_160,CHIN,0.9722972425540541,-0.11585589619267783,-0.3646078587533972,-0.3792934996486773,-0.08558935674140285,-0.07731181847295683,-0.2609501456068997,-0.45926048005415815,-0.12618682327322933,-0.9427038179027148,0,,WT_rep1__scan_2884000,CHIN_160,CHIN,0.0
2900,WT_rep1__scan_2900000,NC_000913.3,2888000,2912000,2900000,24000,"[{""start"":2888000,""end"":2912000}]",WT_rep1,WT,1,True,CHIN_161;CHIN_162,CHIN,1.0,0.0551200066160896,0.00754708,0.0463359728455543,False,3201,True,False,CHIN_161,CHIN,0.6903792954465938,-0.6486037352891566,0.15139421432676728,0.1235030407862097,0.2498124790177436,-0.06027976668035969,0.6487777083748272,-0.9264701547286811,-0.4571464256457534,-0.115123386355679,0,,WT_rep1__scan_2900000,CHIN_161,CHIN,0.0
2905,WT_rep1__scan_2905000,NC_000913.3,2893000,2917000,2905000,24000,"[{""start"":2893000,""end"":2917000}]",WT_rep1,WT,1,True,CHIN_161;CHIN_162,CHIN,1.0,0.0591982345900795,0.008963358,0.0463359728455543,False,2549,True,False,CHIN_162,CHIN,0.1985061734271575,-0.9933155551274923,-0.12646705248860046,-0.48643475912153156,-0.6155821954380531,-0.0053627053697369404,0.14874844684680824,2.4490452376586966,-1.4455091053133338,0.5638156930145176,0,,WT_rep1__scan_2905000,CHIN_162,CHIN,0.0
2920,WT_rep1__scan_2920000,NC_000913.3,2908000,2932000,2920000,24000,"[{""start"":2908000,""end"":2932000}]",WT_rep1,WT,1,True,OPCID_47,OPCID,1.0,0.0790739689137256,0.020398995,0.0463359728455543,False,664,True,False,OPCID_47,OPCID,-1.8190006324379626,0.47427509584952265,-0.29626134218465633,2.021551966456921,-1.074069494995088,-0.41984298193723285,0.11845601537712139,-0.05980941501661579,0.7739159844720003,0.3602834504960524,0,,WT_rep1__scan_2920000,OPCID_47,OPCID,0.0
2934,WT_rep1__scan_2934000,NC_000913.3,2922000,2946000,2934000,24000,"[{""start"":2922000,""end"":2946000}]",WT_rep1,WT,1,True,OPCID_47;CHIN_163;OPCID_48,CHIN;OPCID,1.0,0.064443832146513,0.015831519,0.0463359728455543,False,1102,True,False,CHIN_163,CHIN,-0.17782247633307993,1.3171034449104362,1.6482723318137475,0.918432818165771,-0.24806342123137365,-0.7307592822315221,-0.032005859151954114,0.16636251083892428,0.5353250222445035,0.3539311921392569,0,,WT_rep1__scan_2934000,CHIN_163,CHIN,0.0
2941,WT_rep1__scan_2941000,NC_000913.3,2929000,2953000,2941000,24000,"[{""start"":2929000,""end"":2953000}]",WT_rep1,WT,1,True,CHIN_163;OPCID_48,CHIN;OPCID,1.0,0.0569534313457795,0.008889228,0.0463359728455543,False,2579,True,False,OPCID_48,OPCID,0.3473974068148814,0.17349666089320057,-0.5578736405459261,0.6786985537302574,-0.34919512976047085,-0.2671211515728225,0.5897409606928917,0.26418204540428164,0.5327810377925128,0.241319793843641,0,,WT_rep1__scan_2941000,OPCID_48,OPCID,0.0
2967,WT_rep1__scan_2967000,NC_000913.3,2955000,2979000,2967000,24000,"[{""start"":2955000,""end"":2979000}]",WT_rep1,WT,1,True,OPCID_49,OPCID,1.0,0.0597779475207371,0.006305026,0.0463359728455543,False,3823,True,False,OPCID_49,OPCID,0.0880732414761506,-0.06778073371731236,-1.1941220662839982,1.5538171643507197,0.3929189076189479,-0.12034177061254467,0.0681666699176899,0.58830092379821,0.19292971266294218,0.4653071406408312,0,,WT_rep1__scan_2967000,OPCID_49,OPCID,0.0
2987,WT_rep1__scan_2987000,NC_000913.3,2975000,2999000,2987000,24000,"[{""start"":2975000,""end"":2999000}]",WT_rep1,WT,1,True,CHID_17;CHIN_164;CHIN_165;CHIN_166;CHIN_167;CHIN_168,CHID;CHIN,0.92340087890625,0.0515251470021712,0.014746196,0.0463359728455543,False,1238,True,False,CHIN_164,CHIN,0.4845210012073426,-0.654224411655962,-0.8752894708526177,0.029559860767641968,-0.969663335113018,-0.181860189950564,-0.7532035119981374,-0.4055460146731709,-1.584863113972675,0.293118362141787,0,,WT_rep1__scan_2987000,CHIN_164,CHIN,0.0
2989,WT_rep1__scan_2989000,NC_000913.3,2977000,3001000,2989000,24000,"[{""start"":2977000,""end"":3001000}]",WT_rep1,WT,1,True,CHID_17;CHIN_164;CHIN_165;CHIN_166;CHIN_167;CHIN_168,CHID;CHIN,0.92340087890625,0.0514027939794275,0.014985977,0.0463359728455543,False,1209,True,False,CHIN_165,CHIN,0.3928907262901774,-0.537821868128432,-0.9730449779164372,0.27804349667671036,-0.22941670131035338,0.14266965339454263,-0.008606213459653438,-1.998272024645317,-0.6230275348664797,0.5960899197969454,0,,WT_rep1__scan_2989000,CHIN_165,CHIN,0.0
2992,WT_rep1__scan_2992000,NC_000913.3,2980000,3004000,2992000,24000,"[{""start"":2980000,""end"":3004000}]",WT_rep1,WT,1,True,CHID_17;CHIN_164;CHIN_165;CHIN_166;CHIN_167;CHIN_168,CHID;CHIN,0.92340087890625,0.051435544994029,0.015559402,0.0463359728455543,False,1138,True,False,CHID_17;CHIN_166,CHID;CHIN,0.3814398824282641,-0.07070169461417303,-0.9288914012806228,-1.0301747546110571,0.13285523759910925,0.43005570420708805,0.7830059767893159,-0.5284897523727967,0.139822486160006,-0.13857583575520546,0,,WT_rep1__scan_2992000,CHID_17;CHIN_166,CHID;CHIN,0.0
2995,WT_rep1__scan_2995000,NC_000913.3,2983000,3007000,2995000,24000,"[{""start"":2983000,""end"":3007000}]",WT_rep1,WT,1,True,CHID_17;CHIN_164;CHIN_165;CHIN_166;CHIN_167;CHIN_168,CHID;CHIN,0.92340087890625,0.0544872643275054,0.019943647,0.0463359728455543,False,714,True,False,CHIN_167,CHIN,0.3707470238109311,0.1411661914151827,0.10835960695683314,-0.13125981205809847,1.20928841122717,-1.780277189639866,-0.10552388349680444,1.020880477817722,-0.3050504949350868,-1.3326149108006857,0,,WT_rep1__scan_2995000,CHIN_167,CHIN,0.0
2997,WT_rep1__scan_2997000,NC_000913.3,2985000,3009000,2997000,24000,"[{""start"":2985000,""end"":3009000}]",WT_rep1,WT,1,True,CHID_17;CHIN_164;CHIN_165;CHIN_166;CHIN_167;CHIN_168,CHID;CHIN,0.9383544921875,0.0553172668728935,0.019833356,0.0463359728455543,False,727,True,False,CHIN_168,CHIN,0.48196186959152215,0.6881748766245196,0.5134216334769585,-0.29955617092621273,-0.3407345731051989,-0.9214219571592317,-1.6392299953707563,0.2666204372672922,-0.20580486905970863,1.1026734849513389,0,,WT_rep1__scan_2997000,CHIN_168,CHIN,0.0
3014,WT_rep1__scan_3014000,NC_000913.3,3002000,3026000,3014000,24000,"[{""start"":3002000,""end"":3026000}]",WT_rep1,WT,1,True,OPCID_50,OPCID,1.0,0.0567112380715029,0.011661737,0.0463359728455543,False,1752,True,False,OPCID_50,OPCID,0.27226098986022296,0.36069257910179553,-1.0161074063616804,1.7254988143376935,0.2267708799193239,-0.972468491135395,0.091445338715232,0.1643479033442518,0.19133926898714468,-1.3187563310503034,0,,WT_rep1__scan_3014000,OPCID_50,OPCID,0.0
3042,WT_rep1__scan_3042000,NC_000913.3,3030000,3054000,3042000,24000,"[{""start"":3030000,""end"":3054000}]",WT_rep1,WT,1,True,OPCID_51;OPCID_52;CHIN_169,CHIN;OPCID,1.0,0.082677929430961,0.024677953,0.0463359728455543,False,432,True,False,OPCID_51,OPCID,-1.6314354685452797,-2.2794965090749804,0.3964934250992404,1.9805586420372745,0.6383373804625075,-0.549305869730997,-0.630779148241439,1.373526688846583,0.20577343342899476,0.30115262864015274,0,,WT_rep1__scan_3042000,OPCID_51,OPCID,0.0
3049,WT_rep1__scan_3049000,NC_000913.3,3037000,3061000,3049000,24000,"[{""start"":3037000,""end"":3061000}]",WT_rep1,WT,1,True,OPCID_51;OPCID_52;CHIN_169,CHIN;OPCID,1.0,0.0958678627454232,0.03546769,0.0463359728455543,False,141,True,False,OPCID_52,OPCID,-3.0729469736361295,0.3040177125827389,0.47049006013325273,1.2271080689761082,-0.8787831207512701,-2.5752406041378517,-0.043588055834099915,-0.15799476372036808,1.47726387206751,-1.7101250113799116,-1,,WT_rep1__scan_3049000,OPCID_52,OPCID,0.0
3054,WT_rep1__scan_3054000,NC_000913.3,3042000,3066000,3054000,24000,"[{""start"":3042000,""end"":3066000}]",WT_rep1,WT,1,True,OPCID_51;OPCID_52;CHIN_169,CHIN;OPCID,1.0,0.0892249019041714,0.021173222,0.0463359728455543,False,615,True,False,CHIN_169,CHIN,-2.612003105502566,3.2816913147536946,-1.414533850097774,-2.2027413963993685,-0.6522380944048957,1.438436450945089,2.4890735315970463,-0.6020804084910688,0.11132256403188812,-0.41191411975966485,-1,,WT_rep1__scan_3054000,CHIN_169,CHIN,0.0
3078,WT_rep1__scan_3078000,NC_000913.3,3066000,3090000,3078000,24000,"[{""start"":3066000,""end"":3090000}]",WT_rep1,WT,1,True,CHIN_170,CHIN,1.0,0.0672869785790457,0.011911916,0.0463359728455543,False,1700,True,False,CHIN_170,CHIN,-0.49650246618240584,1.2774777567587008,0.9021821448615391,-1.9143045770353597,-0.7315143442556294,-1.0341532881721065,2.626383016798976,1.1899456511654165,-1.0781555445819293,0.9153349314544262,0,,WT_rep1__scan_3078000,CHIN_170,CHIN,0.0
3097,WT_rep1__scan_3097000,NC_000913.3,3085000,3109000,3097000,24000,"[{""start"":3085000,""end"":3109000}]",WT_rep1,WT,1,False,,,1.0,0.055604487749153,0.005990338,0.0463359728455543,False,4010,False,True,,,0.7249851757724397,0.005521868353936781,-0.07562109522754067,-0.25135807221688095,0.031323112741486234,0.5145982847611659,0.22321904180341884,0.13008258195878125,0.7961411793888341,-0.19205349201412725,0,,WT_rep1__scan_4617000,CHIN_250,CHIN,0.5716873478650532
3107,WT_rep1__scan_3107000,NC_000913.3,3095000,3119000,3107000,24000,"[{""start"":3095000,""end"":3119000}]",WT_rep1,WT,1,False,,,1.0,0.0524587180415776,0.004970317,0.0463359728455543,False,4494,False,True,,,0.8770184148370875,-0.013821699361169134,-0.34479120405777935,-0.26841035648412126,0.02744916755083738,-0.1641219858401655,-0.12555766342008493,-0.08456773258605237,0.11541932108563659,-0.7518916968657452,0,,WT_rep1__scan_4311000,CHIN_230,CHIN,0.2738271705301429
3109,WT_rep1__scan_3109000,NC_000913.3,3097000,3121000,3109000,24000,"[{""start"":3097000,""end"":3121000}]",WT_rep1,WT,1,False,,,1.0,0.0517780991917024,0.0050484207,0.0463359728455543,False,4467,False,True,,,0.9016403461483924,0.026993621566192855,-0.22556674420842956,-0.22814098423490395,0.07694420166598775,-0.5372375316314849,-0.5467357484655675,-0.17013598059969934,0.3055233183757941,-0.48415451930579834,0,,WT_rep1__scan_1095000,CHID_6;CHIN_61,CHID;CHIN,0.3770006174549812
3111,WT_rep1__scan_3111000,NC_000913.3,3099000,3123000,3111000,24000,"[{""start"":3099000,""end"":3123000}]",WT_rep1,WT,1,False,,,1.0,0.0515129254811678,0.0050988365,0.0463359728455543,False,4441,False,True,,,0.9050218325904211,0.09827279030633214,-0.25304860968550635,-0.3140031574453226,0.033035656239555636,0.10141349117051798,-0.31671575405652747,-0.1887816673775348,0.04799154448703376,-0.7457228947133067,0,,WT_rep1__scan_0801000,CHIN_49,CHIN,0.21626155973354436
3115,WT_rep1__scan_3115000,NC_000913.3,3103000,3127000,3115000,24000,"[{""start"":3103000,""end"":3127000}]",WT_rep1,WT,1,False,,,1.0,0.0515574678131463,0.0045106225,0.0463359728455543,False,4602,False,True,,,0.9851931334604986,-0.053636800102972726,-0.19542380794997202,-0.36851551815814004,-0.07218789734108132,-0.10037892681067474,-0.4334203503275163,-0.3828473044232637,0.059263930535966694,-1.0446033356366575,0,,WT_rep1__scan_0538000,CHIN_27,CHIN,0.28788371873134205
3134,WT_rep1__scan_3134000,NC_000913.3,3122000,3146000,3134000,24000,"[{""start"":3122000,""end"":3146000}]",WT_rep1,WT,1,False,,,0.93841552734375,0.0589362798813985,0.0061128694,0.0463359728455543,False,3945,False,True,,,0.9105299320001988,-0.4331318773774406,0.17660694910565472,-0.28714334682506837,0.15577116152715484,0.030752379694454164,0.3050268281127414,-0.7883467552606197,-0.15049912361069062,-0.7966978358477055,0,,WT_rep1__scan_2774000,CHIN_153,CHIN,0.47557672829807773
3135,WT_rep1__scan_3135000,NC_000913.3,3123000,3147000,3135000,24000,"[{""start"":3123000,""end"":3147000}]",WT_rep1,WT,1,False,,,0.93841552734375,0.0588644021414549,0.0062847454,0.0463359728455543,False,3843,False,True,,,0.8609056027486495,-0.5915987625201814,0.3015882227952665,-0.2950900884118525,0.19547214747589758,-0.006735381738496931,0.1397533225120532,-0.3495340563726515,-0.4178394033022029,-0.7101694709770822,0,,WT_rep1__scan_1093000,CHIN_60,CHIN,0.735373570606587
3136,WT_rep1__scan_3136000,NC_000913.3,3124000,3148000,3136000,24000,"[{""start"":3124000,""end"":3148000}]",WT_rep1,WT,1,False,,,0.9384765625,0.0587807829956841,0.006480866,0.0463359728455543,False,3715,False,True,,,0.8105348857747775,-0.6373213615099103,0.2437638585550342,-0.32297508125662305,-0.08814451851977272,0.03190498606705778,-0.30474305148090025,0.5789225053879363,-0.5812972849144584,-0.707490437501792,0,,WT_rep1__scan_1383000,CHIN_79,CHIN,0.8433291743370449
3137,WT_rep1__scan_3137000,NC_000913.3,3125000,3149000,3137000,24000,"[{""start"":3125000,""end"":3149000}]",WT_rep1,WT,1,False,,,0.93841552734375,0.0595912454251544,0.00740228,0.0463359728455543,False,3273,False,True,,,0.7460794336706723,-0.6801468898006489,0.0970735452725188,-0.34606546096197205,-0.2378381875033203,0.019033701881544254,-0.5222088009221063,0.9769472896074647,-0.8408290416551519,-0.3718133522508588,0,,WT_rep1__scan_1383000,CHIN_79,CHIN,1.0829825656060796
3139,WT_rep1__scan_3139000,NC_000913.3,3127000,3151000,3139000,24000,"[{""start"":3127000,""end"":3151000}]",WT_rep1,WT,1,False,,,0.9384765625,0.060012914591083,0.0072414977,0.0463359728455543,False,3338,False,True,,,0.5580128498224836,-0.7424899589421133,-0.21127227724282413,-0.23449552573856933,-0.5166737987006719,0.09226307776655081,-0.23115922535222388,0.6005862785212683,-1.0311055758423218,0.036108927110290116,0,,WT_rep1__scan_1383000,CHIN_79,CHIN,1.0872226434540306
3160,WT_rep1__scan_3160000,NC_000913.3,3148000,3172000,3160000,24000,"[{""start"":3148000,""end"":3172000}]",WT_rep1,WT,1,False,,,1.0,0.0561757839134163,0.007320169,0.0463359728455543,False,3305,False,True,,,0.6378883234740441,0.3282024718740912,0.07682595080293518,-0.05205518348467883,-0.5163890116552527,0.3334170847974677,0.44815819447352606,-0.14321409151055992,0.1412131342956768,-0.02280835249916253,0,,WT_rep1__scan_3584000,CHIN_188,CHIN,0.8901669182379421
3164,WT_rep1__scan_3164000,NC_000913.3,3152000,3176000,3164000,24000,"[{""start"":3152000,""end"":3176000}]",WT_rep1,WT,1,False,,,1.0,0.0567351643084723,0.007895992,0.0463359728455543,False,3013,False,True,,,0.7519768382425872,-0.096677593448895,0.002510121767892288,0.40537407102630785,0.4685693384873211,0.467794822009068,-0.4465226374355856,-0.0007993707630145988,0.38950057679734834,-0.3354415519069233,0,,WT_rep1__scan_4556000,CHIN_246,CHIN,0.6690928635042216
3168,WT_rep1__scan_3168000,NC_000913.3,3156000,3180000,3168000,24000,"[{""start"":3156000,""end"":3180000}]",WT_rep1,WT,1,False,,,1.0,0.061252952636917,0.0102461865,0.0463359728455543,False,2148,False,True,,,0.5328916413476479,-1.02759406461259,1.3995484796804702,-0.33770340805741667,0.6990757721994895,0.34039098870243684,0.7581905697759171,-0.6076701284570747,0.6444894451359718,-0.06714882877294732,0,,WT_rep1__scan_2629000,CHIN_148,CHIN,1.4179534945384473
3187,WT_rep1__scan_3187000,NC_000913.3,3175000,3199000,3187000,24000,"[{""start"":3175000,""end"":3199000}]",WT_rep1,WT,1,True,CHID_18;CHIN_171;CHIN_172;CHIN_173;CHIN_174;CHIN_175;CHIN_176,CHID;CHIN,0.9383544921875,0.0713575635815843,0.021345979,0.0463359728455543,False,604,True,False,CHIN_171,CHIN,-0.2184672376428826,1.8852603337539378,1.0692217062593317,-1.0967523774086267,-1.4775477949505211,2.1096994683221504,-1.260169709839216,-2.0974479600711815,-0.2504450408509735,2.7438375136662105,0,,WT_rep1__scan_3187000,CHIN_171,CHIN,0.0
3188,WT_rep1__scan_3188000,NC_000913.3,3176000,3200000,3188000,24000,"[{""start"":3176000,""end"":3200000}]",WT_rep1,WT,1,True,CHID_18;CHIN_171;CHIN_172;CHIN_173;CHIN_174;CHIN_175;CHIN_176,CHID;CHIN,0.92340087890625,0.0693961044859748,0.017431395,0.0463359728455543,False,946,True,False,CHID_18;CHIN_172,CHID;CHIN,-0.26015995998061425,1.605717390367999,0.8192195105761445,-1.4004062191194369,-1.907801763428072,2.316731736530053,0.6557978070144703,-1.0576626261845228,-0.5651972464227292,2.9159707344596506,0,,WT_rep1__scan_3188000,CHID_18;CHIN_172,CHID;CHIN,0.0
3189,WT_rep1__scan_3189000,NC_000913.3,3177000,3201000,3189000,24000,"[{""start"":3177000,""end"":3201000}]",WT_rep1,WT,1,True,CHID_18;CHIN_171;CHIN_172;CHIN_173;CHIN_174;CHIN_175;CHIN_176,CHID;CHIN,0.93841552734375,0.0666967165518997,0.013779636,0.0463359728455543,False,1375,True,False,CHIN_173,CHIN,-0.1334491024977114,0.9359612365018591,0.15633312187600526,-0.8844690190094825,-1.577975327178497,0.9221753216595031,2.0261027609742954,0.08917494723872188,-0.7899601398552323,0.8428514114104194,0,,WT_rep1__scan_3189000,CHIN_173,CHIN,0.0
3190,WT_rep1__scan_3190000,NC_000913.3,3178000,3202000,3190000,24000,"[{""start"":3178000,""end"":3202000}]",WT_rep1,WT,1,True,CHID_18;CHIN_171;CHIN_172;CHIN_173;CHIN_174;CHIN_175;CHIN_176,CHID;CHIN,0.9383544921875,0.0656526991925625,0.014837397,0.0463359728455543,False,1231,True,False,CHIN_174,CHIN,-0.032262066536439114,0.6569392563221008,-0.12273057288074131,-0.15688030187651922,-1.0398987435745366,0.32903298235341516,1.7472740544807874,0.6011880636259173,-0.3886845496300527,-1.2134106983530135,0,,WT_rep1__scan_3190000,CHIN_174,CHIN,0.0
3191,WT_rep1__scan_3191000,NC_000913.3,3179000,3203000,3191000,24000,"[{""start"":3179000,""end"":3203000}]",WT_rep1,WT,1,True,CHID_18;CHIN_171;CHIN_172;CHIN_173;CHIN_174;CHIN_175;CHIN_176,CHID;CHIN,0.92340087890625,0.0652181811922482,0.013231636,0.0463359728455543,False,1456,True,False,CHIN_175,CHIN,0.053667321581570365,0.5310828966860658,-0.2718959741136365,0.7551405877653525,-0.6297008101598036,-0.8430961113717274,0.4742076302365691,0.6933464460205385,0.2904390598828694,-1.0722238884458049,0,,WT_rep1__scan_3191000,CHIN_175,CHIN,0.0
3192,WT_rep1__scan_3192000,NC_000913.3,3180000,3204000,3192000,24000,"[{""start"":3180000,""end"":3204000}]",WT_rep1,WT,1,True,CHID_18;CHIN_171;CHIN_172;CHIN_173;CHIN_174;CHIN_175;CHIN_176,CHID;CHIN,0.93841552734375,0.0642900284039868,0.013589254,0.0463359728455543,False,1402,True,False,CHIN_176,CHIN,0.2467070027666851,0.47863874180579796,-0.2274501711961471,1.3899586604037775,0.057161937369742115,-1.4516421299150544,-0.8278987718095477,0.8438284168590714,0.7006096228265042,-0.07910299270243448,0,,WT_rep1__scan_3192000,CHIN_176,CHIN,0.0
3206,WT_rep1__scan_3206000,NC_000913.3,3194000,3218000,3206000,24000,"[{""start"":3194000,""end"":3218000}]",WT_rep1,WT,1,True,CHIN_177,CHIN,1.0,0.0623757797868135,0.010193615,0.0463359728455543,False,2157,True,False,CHIN_177,CHIN,0.4089154837539022,0.5565932686427281,0.1599300740121522,0.6312571555452355,0.04421587292803844,1.3897919626100423,-0.04686103218721376,0.41809500714319636,1.9043915588700597,0.45645631800382447,0,,WT_rep1__scan_3206000,CHIN_177,CHIN,0.0
3227,WT_rep1__scan_3227000,NC_000913.3,3215000,3239000,3227000,24000,"[{""start"":3215000,""end"":3239000}]",WT_rep1,WT,1,True,CHIN_178,CHIN,1.0,0.0530833514923596,0.005235112,0.0463359728455543,False,4396,True,False,CHIN_178,CHIN,0.9244386089597186,-0.14856096758451703,-0.12912957449643797,-0.0648033857312815,0.2599592328189088,0.014234685046482,-0.20775083085538235,-0.3055911982679622,0.01568880989548229,-0.6934809544706058,0,,WT_rep1__scan_3227000,CHIN_178,CHIN,0.0
3242,WT_rep1__scan_3242000,NC_000913.3,3230000,3254000,3242000,24000,"[{""start"":3230000,""end"":3254000}]",WT_rep1,WT,1,False,,,1.0,0.0628449405751007,0.0098301405,0.0463359728455543,False,2254,False,True,,,-0.13234275783007615,-0.43439910292938716,-0.4705950184913064,-1.1669267745902556,-0.4555003177848535,0.5027310687533777,0.601495799856828,0.9348000934157012,0.8515049421267643,1.5677804252824623,0,,WT_rep1__scan_1220000,CHIN_75,CHIN,1.7138493956242
3243,WT_rep1__scan_3243000,NC_000913.3,3231000,3255000,3243000,24000,"[{""start"":3231000,""end"":3255000}]",WT_rep1,WT,1,False,,,1.0,0.0633085217147304,0.008398244,0.0463359728455543,False,2768,False,True,,,-0.25211206509120077,-0.36518766162379923,-0.6362563554977806,-1.2818393252045435,-0.38460176089002235,0.16069541887522967,2.03935550056539,1.3310587592108565,0.46049571439141607,0.641228109081324,0,,WT_rep1__scan_0180000,CHIN_8,CHIN,1.6976684994813345
3250,WT_rep1__scan_3250000,NC_000913.3,3238000,3262000,3250000,24000,"[{""start"":3238000,""end"":3262000}]",WT_rep1,WT,1,False,,,1.0,0.0669583485502037,0.011408061,0.0463359728455543,False,1818,False,True,,,-0.0663846724139376,0.9399636864874077,0.4105914512419578,-0.4048116575572796,0.5166805107434942,1.0177910701415673,-0.10319381691910312,0.7833774319350258,0.9056212655786788,1.9179191467014176,0,,WT_rep1__scan_3583000,CHIN_187,CHIN,1.7850961653491617
3263,WT_rep1__scan_3263000,NC_000913.3,3251000,3275000,3263000,24000,"[{""start"":3251000,""end"":3275000}]",WT_rep1,WT,1,True,CHIN_179;CHIN_180;CHIN_181;OPCID_53,CHIN;OPCID,1.0,0.0885306650845754,0.02680458,0.0463359728455543,False,348,True,False,CHIN_179,CHIN,-1.6335030322943767,-1.8930600173761944,-0.501659119548163,1.050926139940694,-0.9049561983886292,-0.939415082216827,1.9587384907245786,-3.8328665389496597,0.025564105310732353,1.0037560817121833,-1,,WT_rep1__scan_3263000,CHIN_179,CHIN,0.0
3266,WT_rep1__scan_3266000,NC_000913.3,3254000,3278000,3266000,24000,"[{""start"":3254000,""end"":3278000}]",WT_rep1,WT,1,True,CHIN_179;CHIN_180;CHIN_181;OPCID_53,CHIN;OPCID,1.0,0.1030715280069581,0.04956826,0.0463359728455543,True,35,True,False,CHIN_180,CHIN,-2.0959611738836585,-1.952578799683395,0.35875102969791617,0.6428504956940104,1.833247438673891,0.9445010538516908,-0.7323271357108561,-0.5976193746535572,0.6354451494380942,0.6347075902723313,-1,NC_000913.3:locus_0005,WT_rep1__scan_3266000,CHIN_180,CHIN,0.0
3267,WT_rep1__scan_3267000,NC_000913.3,3255000,3279000,3267000,24000,"[{""start"":3255000,""end"":3279000}]",WT_rep1,WT,1,True,CHIN_179;CHIN_180;CHIN_181;OPCID_53,CHIN;OPCID,1.0,0.1052702758024151,0.051176853,0.0463359728455543,True,28,False,False,,,-2.2621483850013893,-1.997648679023131,0.40751603607424025,-0.3141566989540044,1.795597523634327,1.0730397431544623,-1.6640469700687188,0.9510651336076906,-0.05788061606382141,-0.8768609428471623,-1,NC_000913.3:locus_0005,WT_rep1__scan_3266000,CHIN_180,CHIN,2.6453535857533215
3268,WT_rep1__scan_3268000,NC_000913.3,3256000,3280000,3268000,24000,"[{""start"":3256000,""end"":3280000}]",WT_rep1,WT,1,True,CHIN_179;CHIN_180;CHIN_181;OPCID_53,CHIN;OPCID,1.0,0.1057492718275901,0.055280678,0.0463359728455543,True,16,False,False,,,-2.2251509364906137,-1.4873812939148137,0.5510615229851353,-1.7469277268026866,0.448382004234847,0.8774376946408173,-3.0979089151632424,2.1361041266814587,0.20746654675643283,-0.8654595750260878,-1,NC_000913.3:locus_0005,WT_rep1__scan_3269000,CHIN_181,CHIN,3.3771925377026277
3269,WT_rep1__scan_3269000,NC_000913.3,3257000,3281000,3269000,24000,"[{""start"":3257000,""end"":3281000}]",WT_rep1,WT,1,True,CHIN_179;CHIN_180;CHIN_181;OPCID_53,CHIN;OPCID,1.0,0.1056227374298763,0.050959863,0.0463359728455543,True,29,True,False,CHIN_181,CHIN,-2.4972607482267657,-0.7749221552744561,0.024663885844675913,-2.7288118768423715,-1.7655991609928747,-0.41142083474608726,-3.9895816650061104,1.7547867824974064,-0.06318274430333481,0.5508714417412871,-1,NC_000913.3:locus_0005,WT_rep1__scan_3269000,CHIN_181,CHIN,0.0
3274,WT_rep1__scan_3274000,NC_000913.3,3262000,3286000,3274000,24000,"[{""start"":3262000,""end"":3286000}]",WT_rep1,WT,1,True,CHIN_179;CHIN_180;CHIN_181;OPCID_53,CHIN;OPCID,1.0,0.1042179976490935,0.036763605,0.0463359728455543,False,120,True,False,OPCID_53,OPCID,-2.804545203656486,1.915006482502862,-2.2625920572344986,1.0968148023187547,-1.6665209034207653,-1.5036519585347308,-1.3146851998371336,-4.233961491746307,-1.7390447142505665,0.6557331323302208,-1,,WT_rep1__scan_3274000,OPCID_53,OPCID,0.0
3288,WT_rep1__scan_3288000,NC_000913.3,3276000,3300000,3288000,24000,"[{""start"":3276000,""end"":3300000}]",WT_rep1,WT,1,True,OPCID_53;CHIN_182,CHIN;OPCID,1.0,0.0637824110046413,0.013672165,0.0463359728455543,False,1390,True,False,CHIN_182,CHIN,0.41180426974264134,0.7770847307411264,0.4823330281220579,0.6177492653910588,-0.6426576555737019,2.3080884475999257,-0.5252722751618918,0.4524852664773202,0.30384685774271986,0.2009559679629905,0,,WT_rep1__scan_3288000,CHIN_182,CHIN,0.0
3305,WT_rep1__scan_3305000,NC_000913.3,3293000,3317000,3305000,24000,"[{""start"":3293000,""end"":3317000}]",WT_rep1,WT,1,False,,,1.0,0.0775325758490163,0.020100309,0.0463359728455543,False,698,False,True,,,-0.8474704914328227,-0.39253245332934456,-0.20407724265545082,-1.3367195703801633,-2.5573113230192104,0.5740134749758239,1.7501174020564776,2.10817328618425,1.0244708603418984,0.11499891093728118,0,,WT_rep1__scan_3635000,CHIN_192,CHIN,2.653333181637387
3307,WT_rep1__scan_3307000,NC_000913.3,3295000,3319000,3307000,24000,"[{""start"":3295000,""end"":3319000}]",WT_rep1,WT,1,False,,,1.0,0.078684625113214,0.019445637,0.0463359728455543,False,758,False,True,,,-1.2266345526400202,-1.0022299259278784,-1.0002280987275112,1.807794560236251,-0.46759572442214425,-0.5849354605610327,2.917476208053287,1.306480857441397,-1.17018801212293,-0.17459279781952108,0,,WT_rep1__scan_1340000,OPCID_24,OPCID,2.5382657555801815
3318,WT_rep1__scan_3318000,NC_000913.3,3306000,3330000,3318000,24000,"[{""start"":3306000,""end"":3330000}]",WT_rep1,WT,1,True,CHIN_183;CHIN_184,CHIN,1.0,0.0918867580237054,0.048948824,0.0463359728455543,True,37,False,False,,,-1.8742053063352129,0.542391654224486,2.463064513015647,1.3584218485350232,-0.5217616861310532,-0.5059726640706118,0.3398016279585531,0.44293304863594074,0.6171862657588624,-3.184881924652299,-1,NC_000913.3:locus_0006,WT_rep1__scan_3875000,CHIN_218,CHIN,2.234461869247962
3319,WT_rep1__scan_3319000,NC_000913.3,3307000,3331000,3319000,24000,"[{""start"":3307000,""end"":3331000}]",WT_rep1,WT,1,True,CHIN_183;CHIN_184,CHIN,1.0,0.0914809590025,0.049359247,0.0463359728455543,True,36,False,False,,,-1.9729879704890274,0.8163305485170868,1.566122078863584,1.9468104870521334,-1.375429362505838,1.9553241334858413,-1.2984278615675429,1.4640883555954671,0.7005578939069124,-1.715093513141696,-1,NC_000913.3:locus_0006,WT_rep1__scan_4261000,CHIN_227,CHIN,3.4907517188035344
3321,WT_rep1__scan_3321000,NC_000913.3,3309000,3333000,3321000,24000,"[{""start"":3309000,""end"":3333000}]",WT_rep1,WT,1,True,CHIN_183;CHIN_184,CHIN,1.0,0.0852718843440388,0.027532134,0.0463359728455543,False,327,True,False,CHIN_183,CHIN,-1.9153529264892375,0.3054694362180326,-0.28145066224475973,0.10068427062289062,-1.9087906038484277,2.245533297464069,-0.15159136804279422,1.0118676049059474,1.1591092174816575,0.6325806650252026,0,,WT_rep1__scan_3321000,CHIN_183,CHIN,0.0
3331,WT_rep1__scan_3331000,NC_000913.3,3319000,3343000,3331000,24000,"[{""start"":3319000,""end"":3343000}]",WT_rep1,WT,1,True,CHIN_183;CHIN_184,CHIN,1.0,0.0832502658165552,0.016655032,0.0463359728455543,False,1007,True,False,CHIN_184,CHIN,-1.9902299480453167,1.3036430725115462,2.653674346655257,-2.4833517810238677,1.0594126688337726,-1.0329670189024986,1.8516447350939291,-0.3804642287700427,1.16834840604907,-0.06120851270506358,0,,WT_rep1__scan_3331000,CHIN_184,CHIN,0.0
3362,WT_rep1__scan_3362000,NC_000913.3,3350000,3374000,3362000,24000,"[{""start"":3350000,""end"":3374000}]",WT_rep1,WT,1,True,CHIN_185,CHIN,0.93841552734375,0.0645964482204584,0.014095969,0.0463359728455543,False,1322,True,False,CHIN_185,CHIN,0.46522515657818225,1.0679345110402765,0.5844445394448975,1.3675327117311316,-0.44053468239243737,0.43174642848215394,-0.9246368818839696,-0.24956072531415607,-0.36185996280893346,0.20995069298954777,0,,WT_rep1__scan_3362000,CHIN_185,CHIN,0.0
3380,WT_rep1__scan_3380000,NC_000913.3,3368000,3392000,3380000,24000,"[{""start"":3368000,""end"":3392000}]",WT_rep1,WT,1,True,OPCID_54,OPCID,1.0,0.0641434785330309,0.011605306,0.0463359728455543,False,1769,True,False,OPCID_54,OPCID,-0.09580391431386348,0.2206909784831412,-0.1956318533065681,-0.8646923734918408,1.5353219110377354,0.00881614660631331,-0.03676399078981361,0.18967565057599953,0.9201072076287198,1.5636648609022752,0,,WT_rep1__scan_3380000,OPCID_54,OPCID,0.0
3413,WT_rep1__scan_3413000,NC_000913.3,3401000,3425000,3413000,24000,"[{""start"":3401000,""end"":3425000}]",WT_rep1,WT,1,True,CHIN_186,CHIN,0.96893310546875,0.0544851731215528,0.0063870978,0.0463359728455543,False,3782,True,False,CHIN_186,CHIN,0.8684030186273195,0.17555912325966921,-0.1137548745074604,-0.024409575932506727,0.006753401386040002,-0.20695745947563002,-0.7115651808650943,-0.1869366853290784,0.5216827946404854,-0.24112463848769858,0,,WT_rep1__scan_3413000,CHIN_186,CHIN,0.0
3433,WT_rep1__scan_3433000,NC_000913.3,3421000,3445000,3433000,24000,"[{""start"":3421000,""end"":3445000}]",WT_rep1,WT,1,True,OPCID_55,OPCID,0.73828125,0.1066470536297986,0.048530824,0.0463359728455543,True,38,False,False,,,-0.39438243225697045,-2.464959913181613,1.0763477182353547,1.251021959142696,1.7162631067407026,1.6392485285471285,-1.736589333740487,-1.2799387991148403,-0.09165220864488913,0.6019569838691201,0,NC_000913.3:locus_0007,WT_rep1__scan_3266000,CHIN_180,CHIN,2.557914594553893
3434,WT_rep1__scan_3434000,NC_000913.3,3422000,3446000,3434000,24000,"[{""start"":3422000,""end"":3446000}]",WT_rep1,WT,1,True,OPCID_55,OPCID,0.73834228515625,0.1127362541611777,0.055541795,0.0463359728455543,True,15,False,False,,,-0.5482793692829075,-2.596860664962628,1.3537929894435803,-0.49536508456266953,1.3473779754250248,1.9691391378696732,-2.464482045015773,-0.19882244622483045,0.67488813037881,0.43783869662832176,0,NC_000913.3:locus_0007,WT_rep1__scan_3633000,CHIN_189;CHIN_190,CHIN,2.8378836187558703
3435,WT_rep1__scan_3435000,NC_000913.3,3423000,3447000,3435000,24000,"[{""start"":3423000,""end"":3447000}]",WT_rep1,WT,1,True,OPCID_55,OPCID,0.76513671875,0.119185327350262,0.06246671,0.0463359728455543,True,4,False,False,,,-0.8221571642028933,-2.833249174266758,1.4491353783177188,-2.498794355244572,0.9199632810189716,1.6049270205984474,-1.80496096749073,0.741102343101111,-0.18544442322046154,-0.054481774398411356,0,NC_000913.3:locus_0007,WT_rep1__scan_3633000,CHIN_189;CHIN_190,CHIN,2.688437453108648
3436,WT_rep1__scan_3436000,NC_000913.3,3424000,3448000,3436000,24000,"[{""start"":3424000,""end"":3448000}]",WT_rep1,WT,1,True,OPCID_55,OPCID,0.75177001953125,0.1253894822691006,0.058858924,0.0463359728455543,True,6,False,False,,,-1.3714612198708993,-3.0895207131224276,1.4919460095087487,-3.7698989226240687,0.38851102898863554,0.7000127301253787,0.13259320306956138,0.9812741579695038,-1.3219709301362303,-0.6672264306329033,-1,NC_000913.3:locus_0007,WT_rep1__scan_2387000,CHIN_139,CHIN,3.038428224781982
3444,WT_rep1__scan_3444000,NC_000913.3,3432000,3456000,3444000,24000,"[{""start"":3432000,""end"":3456000}]",WT_rep1,WT,1,True,OPCID_55,OPCID,1.0,0.107829712863753,0.031840384,0.0463359728455543,False,224,True,False,OPCID_55,OPCID,-3.0249923906912675,0.5833743266077583,-3.2687448889920807,-1.456837142075202,1.4928374608066415,3.0707512531052727,-1.2663947239424223,-0.9218107829995833,1.3306497511021826,-0.703710762201395,-1,,WT_rep1__scan_3444000,OPCID_55,OPCID,0.0
3464,WT_rep1__scan_3464000,NC_000913.3,3452000,3476000,3464000,24000,"[{""start"":3452000,""end"":3476000}]",WT_rep1,WT,1,False,,,0.9998779296875,0.0582646261733408,0.012632276,0.0463359728455543,False,1559,False,True,,,0.7814666774285786,-0.22611489381780378,0.5037254185209544,0.3841769545056211,0.2546866269434948,0.9128038007507725,0.21502867496405256,-1.4269487153947058,1.5500740747852098,-0.8245639651739558,0,,WT_rep1__scan_0336000,CHIN_20,CHIN,1.7034720511510875
3469,WT_rep1__scan_3469000,NC_000913.3,3457000,3481000,3469000,24000,"[{""start"":3457000,""end"":3481000}]",WT_rep1,WT,1,False,,,0.98431396484375,0.0610590480480597,0.009648335,0.0463359728455543,False,2320,False,True,,,0.5468938402510053,-0.7471479594262116,-0.1255091302705254,-0.40961257794451433,-0.7142687132272154,-0.03724885730876529,-0.5573430504206165,0.7402151394036489,-0.4087755370842742,0.05789497191256867,0,,WT_rep1__scan_2255000,CHIN_134,CHIN,0.9967895764781468
3470,WT_rep1__scan_3470000,NC_000913.3,3458000,3482000,3470000,24000,"[{""start"":3458000,""end"":3482000}]",WT_rep1,WT,1,False,,,0.9998779296875,0.0613410332800368,0.010059723,0.0463359728455543,False,2189,False,True,,,0.4655545866312037,-0.6774268135797459,-0.3332207864847409,-0.4941252682703842,-0.880809970721901,-0.011842886338140136,-0.45193224533901694,0.3215438788009392,-0.36785111879444604,0.47275038525884805,0,,WT_rep1__scan_2255000,CHIN_134,CHIN,1.099304727972582
3472,WT_rep1__scan_3472000,NC_000913.3,3460000,3484000,3472000,24000,"[{""start"":3460000,""end"":3484000}]",WT_rep1,WT,1,False,,,0.98431396484375,0.0625284425348373,0.008446788,0.0463359728455543,False,2741,False,True,,,0.2386982150578887,-0.6130097875228073,-0.9040446844334696,0.016588855240268364,-0.7719017234643232,-0.22986631698738463,0.5845881658558794,-0.17900583691385083,-1.0708861109642478,1.170045689717899,0,,WT_rep1__scan_1844000,CHIN_104,CHIN,0.9203224967300986
3475,WT_rep1__scan_3475000,NC_000913.3,3463000,3487000,3475000,24000,"[{""start"":3463000,""end"":3487000}]",WT_rep1,WT,1,False,,,0.98431396484375,0.0690307307023833,0.018905997,0.0463359728455543,False,801,False,True,,,-0.08707311378266824,-1.1586279240639923,0.2287352851702947,1.2313155104090414,2.6147446914417944,-0.9761496623521426,0.2893991000578322,0.5650892949737051,-1.7178824984206196,1.0565682804013323,0,,WT_rep1__scan_2261000,OPCID_33,OPCID,2.082478558927007
3481,WT_rep1__scan_3481000,NC_000913.3,3469000,3493000,3481000,24000,"[{""start"":3469000,""end"":3493000}]",WT_rep1,WT,1,False,,,0.98431396484375,0.075190880709404,0.024795245,0.0463359728455543,False,425,False,True,,,-0.7260609635991282,-0.01949925720002188,1.3124896535967845,-1.7568150942351652,-1.7961234717780006,-2.0921971278053273,0.3222673424457217,1.8644449446405336,2.16858110663468,0.15825992664320693,0,,WT_rep1__scan_3635000,CHIN_192,CHIN,3.2699839776214703
3491,WT_rep1__scan_3491000,NC_000913.3,3479000,3503000,3491000,24000,"[{""start"":3479000,""end"":3503000}]",WT_rep1,WT,1,False,,,1.0,0.0684704250412521,0.013446088,0.0463359728455543,False,1430,False,True,,,-0.15764165105823252,1.072283076225703,0.503999225108988,-2.782487900320962,1.4694334172960557,1.459033739872922,1.958120077246278,1.4583538186409133,-0.3786190932711795,-0.019890474713591108,0,,WT_rep1__scan_0662000,CHIN_40,CHIN,3.0839806508037846
3493,WT_rep1__scan_3493000,NC_000913.3,3481000,3505000,3493000,24000,"[{""start"":3481000,""end"":3505000}]",WT_rep1,WT,1,False,,,1.0,0.0681545619156297,0.010564611,0.0463359728455543,False,2050,False,True,,,0.0631821012904014,1.4742045205630316,1.3747234312512797,-0.12307933874212007,-0.8184398095515533,-3.7986734178952455,0.31616742820394717,-0.27098467082594524,0.33529447725919137,0.5988860816940126,0,,WT_rep1__scan_3745000,CHIN_201,CHIN,2.4280561857800893
3496,WT_rep1__scan_3496000,NC_000913.3,3484000,3508000,3496000,24000,"[{""start"":3484000,""end"":3508000}]",WT_rep1,WT,1,False,,,1.0,0.066346009117629,0.015583588,0.0463359728455543,False,1134,False,True,,,0.28255354828832124,1.773643817538591,0.4084056550778998,0.15399469453334938,-1.008967761507238,1.7920708310361024,-0.823073323696532,-0.15583722177523107,-0.45580964670484553,-0.46863607046458605,0,,WT_rep1__scan_0998000,CHIN_52,CHIN,1.550746524239191
3497,WT_rep1__scan_3497000,NC_000913.3,3485000,3509000,3497000,24000,"[{""start"":3485000,""end"":3509000}]",WT_rep1,WT,1,False,,,1.0,0.0655942737937332,0.017571012,0.0463359728455543,False,935,False,True,,,0.31644112432320387,1.5662207839298288,0.2004827779604841,0.5279063788805635,-0.8977503869394943,3.0911024688907305,-0.403544572427716,0.04391577515718325,-0.7870726643862621,-0.17332880641393075,0,,WT_rep1__scan_3288000,CHIN_182,CHIN,1.705715558290981
3501,WT_rep1__scan_3501000,NC_000913.3,3489000,3513000,3501000,24000,"[{""start"":3489000,""end"":3513000}]",WT_rep1,WT,1,False,,,1.0,0.0591719442792756,0.0054735346,0.0463359728455543,False,4288,False,True,,,0.8756560778486757,-0.003849818075771401,0.0033128249189431137,0.15061324057893344,0.37906603970659275,-0.09464044719930116,-0.5660467851903118,-0.1244313224294446,0.4015116032527015,-0.4232754539600262,0,,WT_rep1__scan_3413000,CHIN_186,CHIN,0.5481900931569473
3502,WT_rep1__scan_3502000,NC_000913.3,3490000,3514000,3502000,24000,"[{""start"":3490000,""end"":3514000}]",WT_rep1,WT,1,False,,,1.0,0.0592474109957233,0.0056163035,0.0463359728455543,False,4212,False,True,,,0.8752823211468699,-0.0649547798619846,0.0891668734327248,-0.006189931923856617,0.48224222999962507,0.21882312774495194,-0.5291083830122125,-0.22987830091623743,0.4426606173026776,-0.32565487549036964,0,,WT_rep1__scan_1354000,OPCID_25,OPCID,0.7095010188906621
3503,WT_rep1__scan_3503000,NC_000913.3,3491000,3515000,3503000,24000,"[{""start"":3491000,""end"":3515000}]",WT_rep1,WT,1,False,,,1.0,0.0595591130246235,0.0056798267,0.0463359728455543,False,4174,False,True,,,0.856499267537915,-0.1771332283602647,0.3087779490948995,-0.1368480066844179,0.5503081966408133,0.46171806519823017,-0.12949687167337162,-0.5630861937771968,0.5413631962461005,-0.4299765425559515,0,,WT_rep1__scan_1103000,CHIN_62,CHIN,0.6634672871126431
3505,WT_rep1__scan_3505000,NC_000913.3,3493000,3517000,3505000,24000,"[{""start"":3493000,""end"":3517000}]",WT_rep1,WT,1,False,,,1.0,0.0615281508052189,0.0061086696,0.0463359728455543,False,3948,False,True,,,0.7908181597495422,-0.41287433148729225,0.5927675334124496,-0.18305968580514265,0.5709636285996136,0.24164948426085348,0.8096036289275959,-0.7708204368763324,0.2976509537789971,-0.1471109866448438,0,,WT_rep1__scan_2900000,CHIN_161,CHIN,1.081471619976527
3508,WT_rep1__scan_3508000,NC_000913.3,3496000,3520000,3508000,24000,"[{""start"":3496000,""end"":3520000}]",WT_rep1,WT,1,False,,,1.0,0.063984790418623,0.008177809,0.0463359728455543,False,2879,False,True,,,0.5565221290757065,-0.8522965589192166,1.105417711111017,-0.0733684055189901,0.2996430675908228,-0.35059426064796584,0.39185078866594647,0.16441241616188249,0.6679800794031007,-0.42572797188867934,0,,WT_rep1__scan_0752000,CHIN_48,CHIN,1.2612734719286085
3517,WT_rep1__scan_3517000,NC_000913.3,3505000,3529000,3517000,24000,"[{""start"":3505000,""end"":3529000}]",WT_rep1,WT,1,False,,,1.0,0.0674317649489325,0.009881825,0.0463359728455543,False,2239,False,True,,,-0.019695338887091265,-0.48007135442796356,-0.5297922135585074,0.5403537470075604,1.6698855180132544,0.3137142236046398,0.5755604503910716,1.26773788976538,-0.7734118287009057,0.22083574195848643,0,,WT_rep1__scan_2709000,OPCID_45,OPCID,1.498812286227175
3520,WT_rep1__scan_3520000,NC_000913.3,3508000,3532000,3520000,24000,"[{""start"":3508000,""end"":3532000}]",WT_rep1,WT,1,False,,,1.0,0.0689466785608999,0.010116545,0.0463359728455543,False,2177,False,True,,,0.0784678371514181,0.3778613850760799,0.9389174059414563,-0.5877999281239761,1.4885056027543533,-0.817374643782288,-0.46021979461702955,1.0791015416427279,1.3539739642249988,1.3612172544272139,0,,WT_rep1__scan_3380000,OPCID_54,OPCID,1.8175110030520538
3525,WT_rep1__scan_3525000,NC_000913.3,3513000,3537000,3525000,24000,"[{""start"":3513000,""end"":3537000}]",WT_rep1,WT,1,False,,,1.0,0.0783658304184836,0.02307638,0.0463359728455543,False,509,False,True,,,-0.4936571444449425,-0.7218793390680668,3.4510300743834326,1.6667092676417536,0.9882959691034513,-0.655750123366009,1.8133016628555463,-2.2337756622838465,1.090991662086462,-0.6608413537104397,0,,WT_rep1__scan_0764000,OPCID_14,OPCID,3.1316155837436215
3543,WT_rep1__scan_3543000,NC_000913.3,3531000,3555000,3543000,24000,"[{""start"":3531000,""end"":3555000}]",WT_rep1,WT,1,True,OPCID_56;OPCID_57,OPCID,1.0,0.1043115272420176,0.052766375,0.0463359728455543,True,22,False,False,,,-1.332299148558176,-0.8320488153596057,4.656656418516915,1.3008484406025285,-0.29346896185505383,-1.6006519826540673,0.1788156117311011,-1.805213491730055,0.8451043372560796,-1.800917057315937,-1,NC_000913.3:locus_0008,WT_rep1__scan_3875000,CHIN_218,CHIN,3.5414725455255884
3544,WT_rep1__scan_3544000,NC_000913.3,3532000,3556000,3544000,24000,"[{""start"":3532000,""end"":3556000}]",WT_rep1,WT,1,True,OPCID_56;OPCID_57,OPCID,1.0,0.1126305486443822,0.06377295,0.0463359728455543,True,3,False,False,,,-1.5909974080763565,-1.2688241880911526,4.029287740978141,1.6328287563137494,-0.6944815913326552,0.5659671701704581,-1.0952400149827963,-1.6387177498053336,1.091429840330908,-1.84410683685685,-1,NC_000913.3:locus_0008,WT_rep1__scan_3875000,CHIN_218,CHIN,4.061963051964748
3545,WT_rep1__scan_3545000,NC_000913.3,3533000,3557000,3545000,24000,"[{""start"":3533000,""end"":3557000}]",WT_rep1,WT,1,True,OPCID_56;OPCID_57,OPCID,1.0,0.1146884819873929,0.06460748,0.0463359728455543,True,2,False,False,,,-1.8774740055599202,-1.794705138903181,2.973305443887571,1.3181617502893819,-1.4428549424098909,2.7068564317568953,-1.1978931901645646,-1.1900070771904632,1.0600263934035363,-1.0914413490777786,-1,NC_000913.3:locus_0008,WT_rep1__scan_0193000,OPCID_6,OPCID,4.22560852544714
3546,WT_rep1__scan_3546000,NC_000913.3,3534000,3558000,3546000,24000,"[{""start"":3534000,""end"":3558000}]",WT_rep1,WT,1,True,OPCID_56;OPCID_57,OPCID,1.0,0.112001092016867,0.05568524,0.0463359728455543,True,14,False,False,,,-2.078595788841172,-2.154688243804449,1.3979154625085393,0.8564815330320813,-2.526059144221536,3.3866244721835375,-0.6902765147214586,-0.578381070778377,0.9921176270988677,-0.18432304633293836,-1,NC_000913.3:locus_0008,WT_rep1__scan_3321000,CHIN_183,CHIN,3.8298725890205327
3550,WT_rep1__scan_3550000,NC_000913.3,3538000,3562000,3550000,24000,"[{""start"":3538000,""end"":3562000}]",WT_rep1,WT,1,True,OPCID_56;OPCID_57,OPCID,1.0,0.1094071370334204,0.022395134,0.0463359728455543,False,545,True,False,OPCID_56,OPCID,-2.8391439684372726,-1.5451507638850615,-3.8763431265174733,0.08395473130643644,-2.6884187920240694,-0.6335775211071362,-0.971596785764793,0.37908804689048475,0.7609518934783736,-0.8825211314596904,-1,,WT_rep1__scan_3550000,OPCID_56,OPCID,0.0
3555,WT_rep1__scan_3555000,NC_000913.3,3543000,3567000,3555000,24000,"[{""start"":3543000,""end"":3567000}]",WT_rep1,WT,1,True,OPCID_56;OPCID_57,OPCID,1.0,0.1109157144595678,0.04337414,0.0463359728455543,False,59,True,False,OPCID_57,OPCID,-2.6834648753512496,1.9473754188216708,-0.2738062847742367,0.16895228115642,4.38173783375893,-1.6142091889259709,-0.1001196237664818,-1.076684148194664,0.08582824518426312,-0.6406532373430278,-1,,WT_rep1__scan_3555000,OPCID_57,OPCID,0.0
3563,WT_rep1__scan_3563000,NC_000913.3,3551000,3575000,3563000,24000,"[{""start"":3551000,""end"":3575000}]",WT_rep1,WT,1,True,OPCID_56;OPCID_57,OPCID,1.0,0.0999598034612075,0.047389384,0.0463359728455543,True,44,False,False,,,-1.5973115090890035,3.212107323213369,2.9337434792041925,2.3863406382128507,-1.9470425205313615,-0.6008333363291721,-0.3954764900199943,0.0024761042787497137,-1.332319251901052,-1.7147543657309563,-1,NC_000913.3:locus_0008,WT_rep1__scan_2544000,OPCID_39,OPCID,3.96841458193046
3564,WT_rep1__scan_3564000,NC_000913.3,3552000,3576000,3564000,24000,"[{""start"":3552000,""end"":3576000}]",WT_rep1,WT,1,True,OPCID_56;OPCID_57,OPCID,1.0,0.0966832436561439,0.05201811,0.0463359728455543,True,24,False,False,,,-1.4196855879476005,2.7291987165554406,1.86377316697459,2.2384428206704707,-1.7384771133104966,2.4318507615168556,-0.985993046955584,1.0521135965894504,-1.8577474035182053,-1.2228627918872954,-1,NC_000913.3:locus_0008,WT_rep1__scan_4476000,CHIN_236,CHIN,2.9481886352042572
3565,WT_rep1__scan_3565000,NC_000913.3,3553000,3577000,3565000,24000,"[{""start"":3553000,""end"":3577000}]",WT_rep1,WT,1,True,OPCID_57,OPCID,1.0,0.0929449941386563,0.04803056,0.0463359728455543,True,43,False,False,,,-1.2883260760282296,2.1076232186798602,0.8177257898291695,1.7854765208998018,-1.578730114116811,4.861564371037895,-0.5604729893832051,1.9938296506912854,-1.7377008310983935,-0.17754271651857975,-1,NC_000913.3:locus_0008,WT_rep1__scan_4476000,CHIN_236,CHIN,3.6451433234336625
3583,WT_rep1__scan_3583000,NC_000913.3,3571000,3595000,3583000,24000,"[{""start"":3571000,""end"":3595000}]",WT_rep1,WT,1,True,CHIN_187;CHIN_188,CHIN,0.98431396484375,0.0634136575472492,0.00842546,0.0463359728455543,False,2748,True,False,CHIN_187,CHIN,0.45696227903027503,0.7833249259044416,0.25322368500679293,-0.4129136223728326,-0.1519365948663592,0.3332810235946311,-0.22408739264214342,-0.17646055433221958,0.11623795881402955,1.2944792765547435,0,,WT_rep1__scan_3583000,CHIN_187,CHIN,0.0
3584,WT_rep1__scan_3584000,NC_000913.3,3572000,3596000,3584000,24000,"[{""start"":3572000,""end"":3596000}]",WT_rep1,WT,1,True,CHIN_187;CHIN_188,CHIN,0.96893310546875,0.062506117707057,0.0078048427,0.0463359728455543,False,3066,True,False,CHIN_188,CHIN,0.4959870237044023,0.6508368345842928,0.15717704148955058,-0.3292423083927143,-0.10116044821414796,0.809975953446035,0.17425795775122757,-0.08668494698481466,0.07530933652961319,0.297809678584387,0,,WT_rep1__scan_3584000,CHIN_188,CHIN,0.0
3598,WT_rep1__scan_3598000,NC_000913.3,3586000,3610000,3598000,24000,"[{""start"":3586000,""end"":3610000}]",WT_rep1,WT,1,False,,,1.0,0.071483891657677,0.010719686,0.0463359728455543,False,2007,False,True,,,-0.49797250738572024,-1.3076373029621735,-0.8754695013122528,0.2836225848329136,-1.5443961866295146,-0.10208789551942547,0.5501489461644773,0.8716681854298151,-1.1837719609129673,1.3951567017243705,0,,WT_rep1__scan_1844000,CHIN_104,CHIN,1.490441010896384
3601,WT_rep1__scan_3601000,NC_000913.3,3589000,3613000,3601000,24000,"[{""start"":3589000,""end"":3613000}]",WT_rep1,WT,1,False,,,1.0,0.0715186933486435,0.012280119,0.0463359728455543,False,1624,False,True,,,-0.737614096216075,-0.9907145967501809,-1.5215727647032686,1.6461412647635085,0.28139312340445155,-0.1777768834031706,0.00761508956949399,1.3765240076164889,-0.8289373028243063,0.7817036774169193,0,,WT_rep1__scan_2640000,OPCID_41,OPCID,1.5360497158103632
3612,WT_rep1__scan_3612000,NC_000913.3,3600000,3624000,3612000,24000,"[{""start"":3600000,""end"":3624000}]",WT_rep1,WT,1,False,,,0.84954833984375,0.0739564999583375,0.01841486,0.0463359728455543,False,846,False,True,,,0.19386946822022239,2.1076653862577177,0.1840747325511525,0.20985666192656022,-0.26543011751661233,1.1006681091888282,-1.5396535059296557,0.30918978651204126,-1.5973916247290474,0.726736215146196,0,,WT_rep1__scan_1316000,CHIN_77,CHIN,2.3183535289416253
3613,WT_rep1__scan_3613000,NC_000913.3,3601000,3625000,3613000,24000,"[{""start"":3601000,""end"":3625000}]",WT_rep1,WT,1,False,,,0.86383056640625,0.0682023584627003,0.01497154,0.0463359728455543,False,1212,False,True,,,0.49201396165976924,1.440570226255949,0.2751411235423223,-0.1240281617296886,-0.263116758472821,0.09621862541202816,-1.6417367810562915,-0.3437886956355578,-1.1443136187993628,1.094257142746809,0,,WT_rep1__scan_0716000,CHIN_43,CHIN,1.4787581001649874
3614,WT_rep1__scan_3614000,NC_000913.3,3602000,3626000,3614000,24000,"[{""start"":3602000,""end"":3626000}]",WT_rep1,WT,1,False,,,0.84954833984375,0.0640526252669321,0.01326706,0.0463359728455543,False,1453,False,True,,,0.6341638037115411,1.1310725250777705,0.31229775428992196,-0.39672863253975765,-0.3120025836810703,0.08911085847202745,-1.582252577547343,-0.5066120234161782,-0.8814691217294565,0.7466952783922938,0,,WT_rep1__scan_2997000,CHIN_168,CHIN,1.573402900337889
3615,WT_rep1__scan_3615000,NC_000913.3,3603000,3627000,3615000,24000,"[{""start"":3603000,""end"":3627000}]",WT_rep1,WT,1,False,,,0.84954833984375,0.0623942790666983,0.011855977,0.0463359728455543,False,1715,False,True,,,0.7345940805172673,0.7917108425425169,0.26784259896663654,-0.45308184390559386,-0.36996781035026177,0.26439940324983835,-1.1009911002193686,-0.5746816579338625,-0.8334097804618184,0.17792182061033332,0,,WT_rep1__scan_0721000,CHIN_44,CHIN,1.3996125749276729
3616,WT_rep1__scan_3616000,NC_000913.3,3604000,3628000,3616000,24000,"[{""start"":3604000,""end"":3628000}]",WT_rep1,WT,1,False,,,0.86383056640625,0.0607967448391932,0.011834842,0.0463359728455543,False,1721,False,True,,,0.7972740015774417,0.5741401088839247,0.28667198604768585,-0.22380617811189213,-0.24111327209499372,0.3003330664219444,-0.7680361145395572,-0.7569723025791565,-0.8182525845642705,-0.45173866967461485,0,,WT_rep1__scan_0721000,CHIN_44,CHIN,1.1984046053341122
3633,WT_rep1__scan_3633000,NC_000913.3,3621000,3645000,3633000,24000,"[{""start"":3621000,""end"":3645000}]",WT_rep1,WT,1,True,CHID_19;CHIN_189;CHIN_190;CHIN_191;CHIN_192;OPCID_58,CHID;CHIN;OPCID,0.9534912109375,0.0715525540628328,0.027005296,0.0463359728455543,False,343,True,False,CHIN_189;CHIN_190,CHIN,-0.1541603421164366,-1.629823493699434,0.9952388914764969,-1.0246222245927938,0.35127733307149445,0.9320926822410709,-0.6346253777114892,0.216234642464863,-0.2803879562900261,0.6692183016973471,0,,WT_rep1__scan_3633000,CHIN_189;CHIN_190,CHIN,0.0
3634,WT_rep1__scan_3634000,NC_000913.3,3622000,3646000,3634000,24000,"[{""start"":3622000,""end"":3646000}]",WT_rep1,WT,1,True,CHID_19;CHIN_189;CHIN_190;CHIN_191;CHIN_192;OPCID_58,CHID;CHIN;OPCID,0.9998779296875,0.0700655994040135,0.024849983,0.0463359728455543,False,423,True,False,CHID_19;CHIN_191,CHID;CHIN,-0.35087979912987427,-1.2306582616835433,0.6763637273820496,-1.418418870366489,-0.6512550268459516,0.5993702984206427,-0.9172956117812401,2.207779563450146,0.5350307863124715,0.746912621935658,0,,WT_rep1__scan_3634000,CHID_19;CHIN_191,CHID;CHIN,0.0
3635,WT_rep1__scan_3635000,NC_000913.3,3623000,3647000,3635000,24000,"[{""start"":3623000,""end"":3647000}]",WT_rep1,WT,1,True,CHID_19;CHIN_189;CHIN_190;CHIN_191;CHIN_192;OPCID_58,CHID;CHIN;OPCID,1.0,0.0710793593852244,0.02333697,0.0463359728455543,False,489,True,False,CHIN_192,CHIN,-0.6498065328382023,-0.8695278337556442,0.06566134811018938,-1.7524329083273806,-1.3329706682196412,-0.04346728905186922,-0.13649710380582464,3.030289464587734,0.6293255179939445,0.4012853721700019,0,,WT_rep1__scan_3635000,CHIN_192,CHIN,0.0
3641,WT_rep1__scan_3641000,NC_000913.3,3629000,3653000,3641000,24000,"[{""start"":3629000,""end"":3653000}]",WT_rep1,WT,1,True,CHID_19;CHIN_189;CHIN_190;CHIN_191;CHIN_192;OPCID_58;CHID_20;CHIN_193,CHID;CHIN;OPCID,0.9384765625,0.0764846491464667,0.024549413,0.0463359728455543,False,436,True,False,OPCID_58,OPCID,-1.1990232003383459,0.6529734895040461,-1.2053911466826452,1.8213934155864402,1.0361974870855746,1.6864322213138212,1.1090095680327507,-1.046857324373952,-0.14914594739884182,-0.6974342173036565,0,,WT_rep1__scan_3641000,OPCID_58,OPCID,0.0
3653,WT_rep1__scan_3653000,NC_000913.3,3641000,3665000,3653000,24000,"[{""start"":3641000,""end"":3665000}]",WT_rep1,WT,1,True,OPCID_58;CHID_20;CHIN_193;CHIN_194;CHIN_195;CHIN_196;CHIN_197,CHID;CHIN;OPCID,0.93841552734375,0.0642059191959404,0.013590782,0.0463359728455543,False,1400,True,False,CHIN_193,CHIN,0.4068592218556429,0.5990607787013459,-0.3169607049730288,-0.4433555388019542,-0.9390100372357778,1.390081389650462,-0.39324525336049876,-0.8892818962078586,-1.0170687373156846,1.3702298152626382,0,,WT_rep1__scan_3653000,CHIN_193,CHIN,0.0
3654,WT_rep1__scan_3654000,NC_000913.3,3642000,3666000,3654000,24000,"[{""start"":3642000,""end"":3666000}]",WT_rep1,WT,1,True,OPCID_58;CHID_20;CHIN_193;CHIN_194;CHIN_195;CHIN_196;CHIN_197,CHID;CHIN;OPCID,0.93841552734375,0.0615009064330203,0.0116066495,0.0463359728455543,False,1768,True,False,CHIN_194,CHIN,0.4336666642130674,0.12718981704180435,-0.3909741681857505,-0.16012869192350873,-0.23943124768640422,0.560080202487875,0.19464714552897228,-0.46990193843260286,-1.1001488985894063,0.886320912057138,0,,WT_rep1__scan_3654000,CHIN_194,CHIN,0.0
3655,WT_rep1__scan_3655000,NC_000913.3,3643000,3667000,3655000,24000,"[{""start"":3643000,""end"":3667000}]",WT_rep1,WT,1,True,CHID_20;CHIN_193;CHIN_194;CHIN_195;CHIN_196;CHIN_197,CHID;CHIN,0.95343017578125,0.0590440465218841,0.011748405,0.0463359728455543,False,1739,True,False,CHID_20,CHID,0.4971511966878958,-0.1180576826264021,-0.45262621036561623,0.09949489288731424,0.09957778824383573,-0.050220100143380894,0.5193156147430651,-0.293308406759344,-0.9851471882062295,0.22085022704046758,0,,WT_rep1__scan_3655000,CHID_20,CHID,0.0
3657,WT_rep1__scan_3657000,NC_000913.3,3645000,3669000,3657000,24000,"[{""start"":3645000,""end"":3669000}]",WT_rep1,WT,1,True,CHID_20;CHIN_193;CHIN_194;CHIN_195;CHIN_196;CHIN_197,CHID;CHIN,0.92327880859375,0.0563879495125809,0.01198294,0.0463359728455543,False,1681,True,False,CHIN_195,CHIN,0.6404971283359763,0.035142321143641186,-0.4266583445599657,0.3012720263422791,0.31055962561917483,-0.09465421764335091,-0.7144948703430417,0.10424870276562663,0.010592101228192166,-0.4794828213341427,0,,WT_rep1__scan_3657000,CHIN_195,CHIN,0.0
3658,WT_rep1__scan_3658000,NC_000913.3,3646000,3670000,3658000,24000,"[{""start"":3646000,""end"":3670000}]",WT_rep1,WT,1,True,CHID_20;CHIN_193;CHIN_194;CHIN_195;CHIN_196;CHIN_197,CHID;CHIN,0.938232421875,0.0556954026627358,0.01198773,0.0463359728455543,False,1679,True,False,CHIN_196,CHIN,0.6640435747867486,0.21176179843116616,-0.26918241725305314,0.22642509096086966,0.5407184135006692,-0.18064587152889838,-1.0911304315784494,0.11398387969779032,0.4593600587471307,-0.036386850826927455,0,,WT_rep1__scan_3658000,CHIN_196,CHIN,0.0
3665,WT_rep1__scan_3665000,NC_000913.3,3653000,3677000,3665000,24000,"[{""start"":3653000,""end"":3677000}]",WT_rep1,WT,1,True,CHID_20;CHIN_193;CHIN_194;CHIN_195;CHIN_196;CHIN_197;CHIN_198,CHID;CHIN,0.9842529296875,0.056489983088507,0.010908325,0.0463359728455543,False,1957,True,False,CHIN_197,CHIN,0.6350581526476725,0.25813809866529247,0.39023676049381745,0.9419790091604487,-0.22007786930115739,-0.2800898902287335,-0.21148608903173471,-0.33743697086297786,0.4622237850712965,-0.8847368944447423,0,,WT_rep1__scan_3665000,CHIN_197,CHIN,0.0
3674,WT_rep1__scan_3674000,NC_000913.3,3662000,3686000,3674000,24000,"[{""start"":3662000,""end"":3686000}]",WT_rep1,WT,1,True,CHIN_197;CHIN_198,CHIN,0.98431396484375,0.0616525368662701,0.010026446,0.0463359728455543,False,2204,True,False,CHIN_198,CHIN,0.5377783699463554,-0.5359451906144554,0.3262444044980535,0.5693953427622576,0.5722311749875345,0.06179332320829004,0.03463079137613596,0.5227029744843772,-0.21737758872354562,0.20472556667041333,0,,WT_rep1__scan_3674000,CHIN_198,CHIN,0.0
3693,WT_rep1__scan_3693000,NC_000913.3,3681000,3705000,3693000,24000,"[{""start"":3681000,""end"":3705000}]",WT_rep1,WT,1,False,,,1.0,0.0654585660782069,0.010457507,0.0463359728455543,False,2078,False,True,,,0.426010836482814,0.38932676209892686,0.307467168062904,0.3631814532203885,-1.1796624853908093,0.13311563298163737,-0.11768105112173823,0.3850487459301865,1.6022690230141692,-0.6093046227340073,0,,WT_rep1__scan_2053000,CHIN_112,CHIN,1.183720441313837
3696,WT_rep1__scan_3696000,NC_000913.3,3684000,3708000,3696000,24000,"[{""start"":3684000,""end"":3708000}]",WT_rep1,WT,1,False,,,1.0,0.0672454623571717,0.013193002,0.0463359728455543,False,1461,False,True,,,0.2766535197722039,-0.45628853234661293,0.08913228461652895,1.5022865916780461,0.9847437114789287,0.45562063300481376,1.0116986322025188,0.2583449951914554,-0.2255935089110789,0.4866256175317161,0,,WT_rep1__scan_1667000,OPCID_26,OPCID,1.14527954936871
3697,WT_rep1__scan_3697000,NC_000913.3,3685000,3709000,3697000,24000,"[{""start"":3685000,""end"":3709000}]",WT_rep1,WT,1,False,,,1.0,0.0671505142907992,0.010169844,0.0463359728455543,False,2161,False,True,,,0.33533873208518855,-0.9129639796932045,0.5058361251018803,1.3915984069479308,1.570045911259817,0.06865647138587422,0.8177091981850562,-0.30680152360716023,-0.7714323639877668,0.45346107701674143,0,,WT_rep1__scan_3844000,CHIN_217,CHIN,1.7239265449185164
3702,WT_rep1__scan_3702000,NC_000913.3,3690000,3714000,3702000,24000,"[{""start"":3690000,""end"":3714000}]",WT_rep1,WT,1,False,,,1.0,0.0681053855390167,0.01303173,0.0463359728455543,False,1487,False,True,,,-0.09815756964677887,-0.5789483830871393,0.24918898273334567,-1.5563821127861592,-1.1654338707075544,0.23208447822574868,0.40629595151005843,2.4612525888755687,0.9529133569379774,-0.034795557335975474,0,,WT_rep1__scan_3635000,CHIN_192,CHIN,1.2158008024445466
3703,WT_rep1__scan_3703000,NC_000913.3,3691000,3715000,3703000,24000,"[{""start"":3691000,""end"":3715000}]",WT_rep1,WT,1,False,,,1.0,0.0684984176382006,0.011785185,0.0463359728455543,False,1731,False,True,,,-0.20746411998593553,-0.48793778457275555,-0.1316408454316615,-1.290211792820467,-1.5301232798328346,-0.8965758603214445,1.0211303656388566,1.732114660878718,0.7598124872544262,0.5020565263239269,0,,WT_rep1__scan_4579000,CHID_26,CHID,1.9146525549729616
3721,WT_rep1__scan_3721000,NC_000913.3,3709000,3733000,3721000,24000,"[{""start"":3709000,""end"":3733000}]",WT_rep1,WT,1,True,CHIN_199;CHIN_200,CHIN,1.0,0.0635766271406634,0.011552754,0.0463359728455543,False,1785,True,False,CHIN_199,CHIN,0.03447187063317454,0.06504691556882422,-0.8640364221640938,1.6758430275978353,0.4872051691762392,-0.06930228376095404,-0.42128303190354005,0.6446252079684645,0.19596200503305392,1.1966535195601302,0,,WT_rep1__scan_3721000,CHIN_199,CHIN,0.0
3732,WT_rep1__scan_3732000,NC_000913.3,3720000,3744000,3732000,24000,"[{""start"":3720000,""end"":3744000}]",WT_rep1,WT,1,True,CHIN_199;CHIN_200;OPCID_59;CHIN_201,CHIN;OPCID,1.0,0.0704548776999565,0.019549916,0.0463359728455543,False,750,True,False,CHIN_200,CHIN,-0.4581164495505611,-0.3493530415427627,0.3471013524484364,0.1157226291938286,-2.12500788596532,-0.16364171116443543,-0.23708456119399599,2.598003224403893,0.40035602164325557,0.6760905100369241,0,,WT_rep1__scan_3732000,CHIN_200,CHIN,0.0
3738,WT_rep1__scan_3738000,NC_000913.3,3726000,3750000,3738000,24000,"[{""start"":3726000,""end"":3750000}]",WT_rep1,WT,1,True,CHIN_200;OPCID_59;CHIN_201,CHIN;OPCID,1.0,0.0682625606878513,0.012105134,0.0463359728455543,False,1661,True,False,OPCID_59,OPCID,-0.47045183645329786,0.2904467730576957,-1.7788075494280917,1.1383737653665198,0.3769289184614683,0.3486181257644896,1.035586550695555,-1.3476679484734924,0.8470203845013226,0.14503811808067985,0,,WT_rep1__scan_3738000,OPCID_59,OPCID,0.0
3745,WT_rep1__scan_3745000,NC_000913.3,3733000,3757000,3745000,24000,"[{""start"":3733000,""end"":3757000}]",WT_rep1,WT,1,True,CHIN_200;OPCID_59;CHIN_201,CHIN;OPCID,1.0,0.0673333178096706,0.009090041,0.0463359728455543,False,2501,True,False,CHIN_201,CHIN,0.277045895429852,1.6027330606197554,1.6099279055187992,0.2094072627197716,-1.039706853949827,-3.1824753838164277,-1.0721188180108654,-0.9751970721069719,-1.1371373067176533,1.403474647504637,0,,WT_rep1__scan_3745000,CHIN_201,CHIN,0.0
3767,WT_rep1__scan_3767000,NC_000913.3,3755000,3779000,3767000,24000,"[{""start"":3755000,""end"":3779000}]",WT_rep1,WT,1,True,CHID_21;CHIN_202;CHIN_203,CHID;CHIN,0.8353271484375,0.0641703103938405,0.012217644,0.0463359728455543,False,1638,True,False,CHIN_202,CHIN,0.5182307540587202,-0.5773294748691234,-0.05159743425879541,0.27009285849030207,-0.5849030017117448,-0.30028021945994776,0.17765127134970252,0.2617757493859218,-0.3053234206371049,-0.6441649866433911,0,,WT_rep1__scan_3767000,CHIN_202,CHIN,0.0
3768,WT_rep1__scan_3768000,NC_000913.3,3756000,3780000,3768000,24000,"[{""start"":3756000,""end"":3780000}]",WT_rep1,WT,1,True,CHID_21;CHIN_202;CHIN_203,CHID;CHIN,0.8494873046875,0.0647490755685841,0.012543439,0.0463359728455543,False,1577,True,False,CHID_21,CHID,0.4888059190083094,-0.4692908154477684,-0.4032485462731871,0.433834717303407,-0.7274153142000832,0.022151440954255114,-0.3828496151369399,0.27578878215163494,0.04967821966056008,-0.5429532566469923,0,,WT_rep1__scan_3768000,CHID_21,CHID,0.0
3769,WT_rep1__scan_3769000,NC_000913.3,3757000,3781000,3769000,24000,"[{""start"":3757000,""end"":3781000}]",WT_rep1,WT,1,True,CHID_21;CHIN_202;CHIN_203,CHID;CHIN,0.8353271484375,0.0649367704518322,0.012643688,0.0463359728455543,False,1554,True,False,CHIN_203,CHIN,0.4341141286179098,-0.33517980439661,-0.6400650306005202,0.5405377221242098,-0.5520391468964683,0.5287756251896643,-0.6418128235249538,0.13568336109802295,0.3009907344610629,-0.20106479293192794,0,,WT_rep1__scan_3769000,CHIN_203,CHIN,0.0
3790,WT_rep1__scan_3790000,NC_000913.3,3778000,3802000,3790000,24000,"[{""start"":3778000,""end"":3802000}]",WT_rep1,WT,1,True,CHIN_204;CHIN_205;CHIN_206;CHIN_207;CHIN_208;CHIN_209;CHIN_210;CHIN_211;CHIN_212;CHID_22;CHIN_213,CHID;CHIN,1.0,0.0726262946899868,0.012695661,0.0463359728455543,False,1547,True,False,CHIN_204,CHIN,-0.8085395031146728,-0.1706816497271266,0.5284447317698441,-0.39822702448181,-0.7359348778179323,-1.7691996071153413,2.5351296043012232,-0.5754900211587523,0.26003958246937997,0.9510638416294334,0,,WT_rep1__scan_3790000,CHIN_204,CHIN,0.0
3798,WT_rep1__scan_3798000,NC_000913.3,3786000,3810000,3798000,24000,"[{""start"":3786000,""end"":3810000}]",WT_rep1,WT,1,True,CHIN_204;CHIN_205;CHIN_206;CHIN_207;CHIN_208;CHIN_209;CHIN_210;CHIN_211;CHIN_212;CHID_22;CHIN_213;CHIN_214;CHIN_215,CHID;CHIN,1.0,0.07352480233921,0.02323627,0.0463359728455543,False,495,True,False,CHIN_205;CHIN_206,CHIN,-1.2651382917503315,-0.7692927484528832,0.0437840972080524,-0.07927472952737842,-1.068384814925491,-0.9891596165863045,-0.8888827020079962,0.19294159068776134,-1.0305589908916788,1.9397673843558099,0,,WT_rep1__scan_3798000,CHIN_205;CHIN_206,CHIN,0.0
3799,WT_rep1__scan_3799000,NC_000913.3,3787000,3811000,3799000,24000,"[{""start"":3787000,""end"":3811000}]",WT_rep1,WT,1,True,CHIN_204;CHIN_205;CHIN_206;CHIN_207;CHIN_208;CHIN_209;CHIN_210;CHIN_211;CHIN_212;CHID_22;CHIN_213;CHIN_214;CHIN_215,CHID;CHIN,1.0,0.0727881982001622,0.0226492,0.0463359728455543,False,530,True,False,CHIN_207,CHIN,-1.3092721002938434,-0.22423255525575964,-0.6513037214946972,0.08509175220839608,-1.6751330503819177,-0.5657700940053534,-0.7303761047771042,-1.7396468342690468,-0.5037815417617004,2.247375901806601,0,,WT_rep1__scan_3799000,CHIN_207,CHIN,0.0
3800,WT_rep1__scan_3800000,NC_000913.3,3788000,3812000,3800000,24000,"[{""start"":3788000,""end"":3812000}]",WT_rep1,WT,1,True,CHIN_204;CHIN_205;CHIN_206;CHIN_207;CHIN_208;CHIN_209;CHIN_210;CHIN_211;CHIN_212;CHID_22;CHIN_213;CHIN_214;CHIN_215,CHID;CHIN,1.0,0.0729486831547978,0.022643385,0.0463359728455543,False,531,True,False,CHIN_208;CHIN_209,CHIN,-1.3463099155906566,0.3422807136692227,-0.6845508316100704,0.39525357324342264,-1.6582097435218186,-0.2821300979629158,0.12025563823284223,-4.113781914468537,0.17612187140047222,3.053489545418871,0,,WT_rep1__scan_3800000,CHIN_208;CHIN_209,CHIN,0.0
3802,WT_rep1__scan_3802000,NC_000913.3,3790000,3814000,3802000,24000,"[{""start"":3790000,""end"":3814000}]",WT_rep1,WT,1,True,CHIN_204;CHIN_205;CHIN_206;CHIN_207;CHIN_208;CHIN_209;CHIN_210;CHIN_211;CHIN_212;CHID_22;CHIN_213;CHIN_214;CHIN_215,CHID;CHIN,1.0,0.0730245281462564,0.019917933,0.0463359728455543,False,718,True,False,CHIN_210;CHIN_211,CHIN,-1.341684798361425,0.9306724393488972,-1.0502759917953712,-0.595834665781756,-0.7124985530461566,0.255186076429364,1.3005632708909676,-3.841291957193279,2.3012948990385045,1.2436639573164194,-1,,WT_rep1__scan_3802000,CHIN_210;CHIN_211,CHIN,0.0
3803,WT_rep1__scan_3803000,NC_000913.3,3791000,3815000,3803000,24000,"[{""start"":3791000,""end"":3815000}]",WT_rep1,WT,1,True,CHIN_205;CHIN_206;CHIN_207;CHIN_208;CHIN_209;CHIN_210;CHIN_211;CHIN_212;CHID_22;CHIN_213;CHIN_214;CHIN_215,CHID;CHIN,1.0,0.0729519931182221,0.018918373,0.0463359728455543,False,798,True,False,CHID_22;CHIN_212;CHIN_213,CHID;CHIN,-1.2335400349098544,1.1513749884183928,-1.2661944681301682,-0.9587207406566605,-0.10981507476802523,1.1553465823116151,1.5975765252874643,-1.8666727854904404,1.769016910461348,-1.1480544557254222,0,,WT_rep1__scan_3803000,CHID_22;CHIN_212;CHIN_213,CHID;CHIN,0.0
3806,WT_rep1__scan_3806000,NC_000913.3,3794000,3818000,3806000,24000,"[{""start"":3794000,""end"":3818000}]",WT_rep1,WT,1,True,CHIN_205;CHIN_206;CHIN_207;CHIN_208;CHIN_209;CHIN_210;CHIN_211;CHIN_212;CHID_22;CHIN_213;CHIN_214;CHIN_215,CHID;CHIN,1.0,0.0719509718204475,0.018963847,0.0463359728455543,False,793,True,False,CHIN_214;CHIN_215,CHIN,-0.712483639852082,2.035781473074579,-0.5789345856158512,-0.38767834089798026,0.6151520796527553,-0.866337269185696,-0.6627791324722924,1.527283997800137,0.34255181193502315,0.13038626346351262,0,,WT_rep1__scan_3806000,CHIN_214;CHIN_215,CHIN,0.0
3822,WT_rep1__scan_3822000,NC_000913.3,3810000,3834000,3822000,24000,"[{""start"":3810000,""end"":3834000}]",WT_rep1,WT,1,False,,,1.0,0.0726648792422817,0.013550496,0.0463359728455543,False,1413,False,True,,,-0.4466497501693789,0.2325014170693317,0.11198859230576585,2.0054341446264017,0.667387329653412,0.9596947690492695,1.1221373026235246,1.4649448153921723,1.147832090660495,0.4081754031882636,0,,WT_rep1__scan_4118000,OPCID_64,OPCID,1.3324205025750389
3823,WT_rep1__scan_3823000,NC_000913.3,3811000,3835000,3823000,24000,"[{""start"":3811000,""end"":3835000}]",WT_rep1,WT,1,False,,,1.0,0.0719564568795292,0.01442699,0.0463359728455543,False,1285,False,True,,,-0.4257646945816752,0.4664726397046276,-0.12112605770683385,1.8487239709852903,0.4806161165364274,1.700104590998859,0.8158623413160678,1.5679936354133557,1.7599707616234295,0.3366386833749542,0,,WT_rep1__scan_4118000,OPCID_64,OPCID,1.8873495081614766
3837,WT_rep1__scan_3837000,NC_000913.3,3825000,3849000,3837000,24000,"[{""start"":3825000,""end"":3849000}]",WT_rep1,WT,1,True,CHIN_216;CHIN_217,CHIN,1.0,0.0626810511094849,0.0057806387,0.0463359728455543,False,4120,True,False,CHIN_216,CHIN,0.4474546637226423,0.3164911596651499,-0.09290929332413966,0.3339874672667623,-0.370480491026128,-0.37128925402609164,0.37132820930997057,-0.06960426303849279,0.27010728387313143,0.8347934278022959,0,,WT_rep1__scan_3837000,CHIN_216,CHIN,0.0
3844,WT_rep1__scan_3844000,NC_000913.3,3832000,3856000,3844000,24000,"[{""start"":3832000,""end"":3856000}]",WT_rep1,WT,1,True,CHIN_216;CHIN_217,CHIN,1.0,0.0633073868734289,0.008355346,0.0463359728455543,False,2790,True,False,CHIN_217,CHIN,0.5528400302697124,-0.42510575705344716,1.1744783588034775,0.3156920548096843,1.3230214531557842,-0.30945656213518974,0.6968692596518934,-0.246596212856954,0.10127915762339432,0.14023521961598406,0,,WT_rep1__scan_3844000,CHIN_217,CHIN,0.0
3867,WT_rep1__scan_3867000,NC_000913.3,3855000,3879000,3867000,24000,"[{""start"":3855000,""end"":3879000}]",WT_rep1,WT,1,True,OPCID_60;CHIN_218,CHIN;OPCID,1.0,0.0730303915682206,0.016639402,0.0463359728455543,False,1011,True,False,OPCID_60,OPCID,-0.6165231248816443,-0.09213236694164763,-0.5928673058208315,2.547115714527036,2.5324253747946903,1.0842407063146107,-0.5037775932884336,0.6224838332333155,1.0088813743807374,0.5993066403661748,0,,WT_rep1__scan_3867000,OPCID_60,OPCID,0.0
3875,WT_rep1__scan_3875000,NC_000913.3,3863000,3887000,3875000,24000,"[{""start"":3863000,""end"":3887000}]",WT_rep1,WT,1,True,OPCID_60;CHIN_218,CHIN;OPCID,1.0,0.0817310966270738,0.025610913,0.0463359728455543,False,393,True,False,CHIN_218,CHIN,-1.0147335621553408,0.3710268021307341,2.5397904432546388,1.6302449686444163,-0.43446485139427765,-0.5614129681283343,1.3835571400387678,-0.03450208699637932,0.018289918655760455,-1.6170023056850922,-1,,WT_rep1__scan_3875000,CHIN_218,CHIN,0.0
3902,WT_rep1__scan_3902000,NC_000913.3,3890000,3914000,3902000,24000,"[{""start"":3890000,""end"":3914000}]",WT_rep1,WT,1,True,CHIN_219;CHIN_220;OPCID_61,CHIN;OPCID,1.0,0.0746951036268554,0.014762697,0.0463359728455543,False,1237,True,False,CHIN_219,CHIN,-0.001361092088757224,0.7487073353660989,0.6907295082450652,0.44288782927093356,-0.18324422612099545,1.2211274078448762,0.9757908662669654,0.22670389033702393,-0.6286812553733842,0.5835253364128595,0,,WT_rep1__scan_3902000,CHIN_219,CHIN,0.0
3906,WT_rep1__scan_3906000,NC_000913.3,3894000,3918000,3906000,24000,"[{""start"":3894000,""end"":3918000}]",WT_rep1,WT,1,True,CHIN_219;CHIN_220;OPCID_61,CHIN;OPCID,1.0,0.071357262633498,0.012541599,0.0463359728455543,False,1578,True,False,CHIN_220,CHIN,0.041567510349806276,-0.5958547010152159,1.5285794123901633,0.9568940248508596,1.4888854028021763,0.4771698068132553,1.1419968973482915,0.49646263375089034,1.0385950018707173,0.5368476667091768,0,,WT_rep1__scan_3906000,CHIN_220,CHIN,0.0
3919,WT_rep1__scan_3919000,NC_000913.3,3907000,3931000,3919000,24000,"[{""start"":3907000,""end"":3931000}]",WT_rep1,WT,1,True,OPCID_61,OPCID,1.0,0.0878082463086869,0.013439372,0.0463359728455543,False,1432,True,False,OPCID_61,OPCID,-1.9810245173608647,0.4560522384994135,-1.8193407197134757,-0.6730264949537806,0.3871432074087747,0.5275044710616911,1.8840593079499202,-0.8448046043008515,1.8354130335142018,0.1366870218906621,0,,WT_rep1__scan_3919000,OPCID_61,OPCID,0.0
3942,WT_rep1__scan_3942000,NC_000913.3,3930000,3954000,3942000,24000,"[{""start"":3930000,""end"":3954000}]",WT_rep1,WT,1,False,,,0.806884765625,0.0753638851666668,0.024014696,0.0463359728455543,False,461,False,True,,,0.34677435653577443,0.8884537442366192,2.4728782270475995,-1.193762313020675,0.2933523505303535,-0.7205065820942618,-1.2279663004800527,-1.278412708353564,1.008868339792022,-0.10026123689784423,0,,WT_rep1__scan_0153000,CHID_1,CHID,3.122174341731212
3945,WT_rep1__scan_3945000,NC_000913.3,3933000,3957000,3945000,24000,"[{""start"":3933000,""end"":3957000}]",WT_rep1,WT,1,False,,,0.806884765625,0.0777020199796311,0.026594756,0.0463359728455543,False,354,False,True,,,0.13814502846392976,0.9506551775140873,1.3617148271374722,-0.9631447040793243,-2.5150833369966925,-0.06977683476684696,0.5726478015116575,0.4610288206518324,-0.2504133563381657,-1.1414225355004632,0,,WT_rep1__scan_3190000,CHIN_174,CHIN,2.593811784464132
3946,WT_rep1__scan_3946000,NC_000913.3,3934000,3958000,3946000,24000,"[{""start"":3934000,""end"":3958000}]",WT_rep1,WT,1,False,,,0.8350830078125,0.0767593878931092,0.029841624,0.0463359728455543,False,263,False,True,,,0.14966200983709788,0.5587433706136898,0.6657784525824851,-0.46909338140605916,-2.0123810512790246,-0.05064864150748912,1.0911597075677875,0.7265969099225461,-0.08029279610287396,-2.14626240000335,0,,WT_rep1__scan_3190000,CHIN_174,CHIN,1.8064809580968824
3948,WT_rep1__scan_3948000,NC_000913.3,3936000,3960000,3948000,24000,"[{""start"":3936000,""end"":3960000}]",WT_rep1,WT,1,False,,,0.806884765625,0.0745559693658559,0.026757898,0.0463359728455543,False,351,False,True,,,0.17035757332482698,0.1636742219884416,-0.35596932560521893,1.7727760068916179,-0.7975268370160313,0.10310125116590059,0.22969690725911612,0.5407051654456981,-0.14530122429431677,-1.560627713795613,0,,WT_rep1__scan_3191000,CHIN_175,CHIN,1.6205566000628986
3952,WT_rep1__scan_3952000,NC_000913.3,3940000,3964000,3952000,24000,"[{""start"":3940000,""end"":3964000}]",WT_rep1,WT,1,False,,,0.8350830078125,0.0734218849835603,0.02312563,0.0463359728455543,False,502,False,True,,,0.44226299987384743,-0.2086461112153328,-0.34825280550390275,0.14146328326109003,1.1842953681475021,1.222202438758446,-0.6918694593597269,0.5832285042724124,0.12999025889215102,0.23752757721014225,0,,WT_rep1__scan_2487000,CHIN_145,CHIN,1.2419163037185226
3956,WT_rep1__scan_3956000,NC_000913.3,3944000,3968000,3956000,24000,"[{""start"":3944000,""end"":3968000}]",WT_rep1,WT,1,False,,,0.9083251953125,0.0797634854528535,0.01691456,0.0463359728455543,False,986,False,True,,,-0.15673629522671478,-1.6700552446232304,2.988178315062582,-0.7208625335344232,2.851360754474302,-1.8301244330058752,3.4532855686168986,-0.9582692895491001,-1.048693809166571,-0.30967748495225234,-1,,WT_rep1__scan_1249000,OPCID_22,OPCID,3.850754783475737
3963,WT_rep1__scan_3963000,NC_000913.3,3951000,3975000,3963000,24000,"[{""start"":3951000,""end"":3975000}]",WT_rep1,WT,1,False,,,1.0,0.0792741732746869,0.012194854,0.0463359728455543,False,1646,False,True,,,-1.0862511614430201,-0.6774059720536446,-1.4630195357965585,-0.07426122299594173,-2.2894598370655275,0.36839209594836164,1.742159419905956,0.9949317242673351,1.0232780101263645,0.55661405739686,0,,WT_rep1__scan_1395000,CHIN_80,CHIN,2.609884199920045
3964,WT_rep1__scan_3964000,NC_000913.3,3952000,3976000,3964000,24000,"[{""start"":3952000,""end"":3976000}]",WT_rep1,WT,1,False,,,1.0,0.0786474592531375,0.010517159,0.0463359728455543,False,2061,False,True,,,-1.2104939959250118,-0.7038783334298178,-1.9182667723916642,0.8994428130455003,-1.520530787205077,-0.3961527854803384,2.2621711305501058,0.7278069717304722,0.002499213291547905,0.4624525097632904,0,,WT_rep1__scan_1395000,CHIN_80,CHIN,2.963637876043596
3966,WT_rep1__scan_3966000,NC_000913.3,3954000,3978000,3966000,24000,"[{""start"":3954000,""end"":3978000}]",WT_rep1,WT,1,False,,,1.0,0.0789247378606915,0.01185662,0.0463359728455543,False,1714,False,True,,,-1.1040382750529854,-0.2630849122373544,-1.9491834654545963,2.600788860509803,1.0867270130691327,-0.6697885448353884,0.6501303585874575,0.7545028411642845,-0.17464578462203983,0.2658699597868877,0,,WT_rep1__scan_2967000,OPCID_49,OPCID,2.109500943714956
3995,WT_rep1__scan_3995000,NC_000913.3,3983000,4007000,3995000,24000,"[{""start"":3983000,""end"":4007000}]",WT_rep1,WT,1,True,OPCID_62,OPCID,1.0,0.0788176848822321,0.015745495,0.0463359728455543,False,1113,True,False,OPCID_62,OPCID,-1.4879396643352665,1.7913075003903791,0.7089674280505386,-0.5761054590277794,0.13779096444940261,-2.3968088595856925,1.6390167023747233,0.552425010158813,1.7966307026713997,0.081389045440274,0,,WT_rep1__scan_3995000,OPCID_62,OPCID,0.0
4022,WT_rep1__scan_4022000,NC_000913.3,4010000,4034000,4022000,24000,"[{""start"":4010000,""end"":4034000}]",WT_rep1,WT,1,True,OPCID_63,OPCID,1.0,0.0842946001264556,0.015003366,0.0463359728455543,False,1207,True,False,OPCID_63,OPCID,-1.8917604509689354,0.2671292106391915,-1.7527759674759134,-0.08522338243902156,1.9050442612691731,1.1972225755070716,2.4520863503586328,1.0350605863284639,1.2513449620626194,-1.061079268743091,0,,WT_rep1__scan_4022000,OPCID_63,OPCID,0.0
4041,WT_rep1__scan_4041000,NC_000913.3,4029000,4053000,4041000,24000,"[{""start"":4029000,""end"":4053000}]",WT_rep1,WT,1,False,,,0.76495361328125,0.0742750592479728,0.01567102,0.0463359728455543,False,1123,False,True,,,0.5620843196585421,-0.17106618998390552,0.5254247957688463,0.4279512977901967,-0.7977891169876455,-0.8674110417235827,0.1398648915641161,-0.003991055972193654,0.5155377383437034,-1.115725550941522,0,,WT_rep1__scan_3665000,CHIN_197,CHIN,1.2006540059890292
4042,WT_rep1__scan_4042000,NC_000913.3,4030000,4054000,4042000,24000,"[{""start"":4030000,""end"":4054000}]",WT_rep1,WT,1,False,,,0.73809814453125,0.0749558017228666,0.01610577,0.0463359728455543,False,1066,False,True,,,0.49744236694910343,-0.17235307531279564,0.17017542179478626,0.8573821854620886,-0.6540117842717991,-0.2517767923660174,-0.13982399984053503,0.24837308226801827,0.26491220327643994,-0.9279624255084404,0,,WT_rep1__scan_3665000,CHIN_197,CHIN,0.9154527978062961
4043,WT_rep1__scan_4043000,NC_000913.3,4031000,4055000,4043000,24000,"[{""start"":4031000,""end"":4055000}]",WT_rep1,WT,1,False,,,0.7381591796875,0.0756280610273578,0.016320586,0.0463359728455543,False,1047,False,True,,,0.4739837299100691,-0.17458079433245524,-0.17704863253704875,0.8095851468340803,-0.5522656143771206,0.6936166212626406,-0.20266816750447736,0.6230754663899335,0.2032955403030913,-0.8373782038383725,0,,WT_rep1__scan_4215000,CHIN_224,CHIN,0.9577890799198181
4044,WT_rep1__scan_4044000,NC_000913.3,4032000,4056000,4044000,24000,"[{""start"":4032000,""end"":4056000}]",WT_rep1,WT,1,False,,,0.76495361328125,0.0752813621091158,0.016058289,0.0463359728455543,False,1072,False,True,,,0.44007060560223654,-0.35899769175577756,-0.4339975978918697,0.5890210634217424,-0.39254467066118204,1.182398527098615,-0.3204075816108167,0.60233367325191,-0.14185753137658538,-0.37972848642323714,0,,WT_rep1__scan_3769000,CHIN_203,CHIN,1.0233170201471518
4063,WT_rep1__scan_4063000,NC_000913.3,4051000,4075000,4063000,24000,"[{""start"":4051000,""end"":4075000}]",WT_rep1,WT,1,True,CHID_23;CHIN_221;CHIN_222;CHIN_223,CHID;CHIN,1.0,0.0659636633858705,0.008638065,0.0463359728455543,False,2662,True,False,CHID_23;CHIN_221,CHID;CHIN,0.21848610634133858,0.5780363290121973,0.11434828100216837,0.3617828064996229,0.04732270388697248,0.46144017895939293,0.5217838835213581,-0.8822262906684072,-0.17368291863116736,1.4067833557101317,0,,WT_rep1__scan_4063000,CHID_23;CHIN_221,CHID;CHIN,0.0
4064,WT_rep1__scan_4064000,NC_000913.3,4052000,4076000,4064000,24000,"[{""start"":4052000,""end"":4076000}]",WT_rep1,WT,1,True,CHID_23;CHIN_221;CHIN_222;CHIN_223,CHID;CHIN,1.0,0.0659795511328853,0.009602558,0.0463359728455543,False,2331,True,False,CHIN_222,CHIN,0.319738105623584,0.44333645961010015,0.26768193260916473,0.607618474963943,0.2140508517063886,0.30306088080686,0.16066408049786102,-0.5782094099122179,0.4919977725158563,0.7335728894348039,0,,WT_rep1__scan_4064000,CHIN_222,CHIN,0.0
4065,WT_rep1__scan_4065000,NC_000913.3,4053000,4077000,4065000,24000,"[{""start"":4053000,""end"":4077000}]",WT_rep1,WT,1,True,CHID_23;CHIN_221;CHIN_222;CHIN_223,CHID;CHIN,1.0,0.0661163936144408,0.010718508,0.0463359728455543,False,2008,True,False,CHIN_223,CHIN,0.3400891260761878,0.3698169176253749,0.7155212349955797,0.515316030500039,0.7285688695064211,0.0026816230594853847,-0.28675122599692265,-0.29523059103418364,0.5380977865608243,0.985440545654816,0,,WT_rep1__scan_4065000,CHIN_223,CHIN,0.0
4093,WT_rep1__scan_4093000,NC_000913.3,4081000,4105000,4093000,24000,"[{""start"":4081000,""end"":4105000}]",WT_rep1,WT,1,False,,,1.0,0.0664291359539724,0.010398489,0.0463359728455543,False,2105,False,True,,,0.49356335563979137,1.0919427392551777,1.1528264719874448,0.3667781218353475,-0.8080378466530309,0.27456694098394097,-0.5714798723455524,-0.8922125540547309,-1.0681220603038384,0.6462417960450723,0,,WT_rep1__scan_0998000,CHIN_52,CHIN,1.4956779585540805
4118,WT_rep1__scan_4118000,NC_000913.3,4106000,4130000,4118000,24000,"[{""start"":4106000,""end"":4130000}]",WT_rep1,WT,1,True,OPCID_64,OPCID,1.0,0.0710485868428728,0.011765046,0.0463359728455543,False,1735,True,False,OPCID_64,OPCID,-0.5662795218114599,0.2957292535362422,-0.6141959348375288,2.206413325284691,1.2319923050715313,0.8364719570516482,0.601531821212847,1.4153718004340594,0.45615405625647576,0.08656995925563321,0,,WT_rep1__scan_4118000,OPCID_64,OPCID,0.0
4145,WT_rep1__scan_4145000,NC_000913.3,4133000,4157000,4145000,24000,"[{""start"":4133000,""end"":4157000}]",WT_rep1,WT,1,False,,,1.0,0.0612510612257853,0.005168269,0.0463359728455543,False,4414,False,True,,,0.8244474860748758,-0.1220042556462437,-0.04466014313819503,-0.29872775148302394,-0.23933688965192618,0.16211829195485605,-0.13806716345528033,0.2588427559462965,0.5764953083324542,-0.31714718516767876,0,,WT_rep1__scan_2344000,CHIN_136,CHIN,0.5664816965537661
4158,WT_rep1__scan_4158000,NC_000913.3,4146000,4170000,4158000,24000,"[{""start"":4146000,""end"":4170000}]",WT_rep1,WT,1,False,,,0.7930908203125,0.0731936197548826,0.012500708,0.0463359728455543,False,1586,False,True,,,0.04506380073134333,-0.03517930983639338,-0.5737186214945712,-0.4623794236019933,-1.6885218568957159,-0.8713317694699647,1.1006936147532136,0.3267030255481244,1.213622257335372,0.03114494009748277,0,,WT_rep1__scan_1395000,CHIN_80,CHIN,1.017131508119321
4171,WT_rep1__scan_4171000,NC_000913.3,4159000,4183000,4171000,24000,"[{""start"":4159000,""end"":4183000}]",WT_rep1,WT,1,False,,,0.64739990234375,0.0992428896556896,0.05193615,0.0463359728455543,True,26,False,False,,,-0.188839319691438,-1.098997109996337,2.9275852061753227,-0.5557403350076133,-1.108126974780154,-0.09441298277321922,1.6890409385516787,-2.3866135129920436,0.4849978923173641,-2.3391805743593252,-1,NC_000913.3:locus_0009,WT_rep1__scan_3875000,CHIN_218,CHIN,3.8482468822278126
4172,WT_rep1__scan_4172000,NC_000913.3,4160000,4184000,4172000,24000,"[{""start"":4160000,""end"":4184000}]",WT_rep1,WT,1,False,,,0.67254638671875,0.10114983899362,0.057920955,0.0463359728455543,True,7,False,False,,,-0.461863099333482,-1.1720347768351673,1.7892591736310606,0.7031381785689036,-2.5408455716797187,0.3751998024203838,-0.12684307154769206,-0.7382511325031879,-0.055739949282603306,-2.0460136236841593,0,NC_000913.3:locus_0009,WT_rep1__scan_3767000,CHIN_202,CHIN,3.5061041533835806
4173,WT_rep1__scan_4173000,NC_000913.3,4161000,4185000,4173000,24000,"[{""start"":4161000,""end"":4185000}]",WT_rep1,WT,1,False,,,0.67266845703125,0.1037027176413892,0.06669975,0.0463359728455543,True,1,False,False,,,-0.615301963627069,-1.1791231362358394,0.7546920326340808,2.1861860741644517,-2.573667133734795,0.5736813695896623,-0.9636364903451622,0.5447694391052971,-0.36118097843531066,-0.7559428478242428,0,NC_000913.3:locus_0009,WT_rep1__scan_1143000,OPCID_19,OPCID,2.686364101418514
4174,WT_rep1__scan_4174000,NC_000913.3,4162000,4186000,4174000,24000,"[{""start"":4162000,""end"":4186000}]",WT_rep1,WT,1,False,,,0.64739990234375,0.1048411470120239,0.05638894,0.0463359728455543,True,11,False,False,,,-0.6857263821190619,-1.4211971024527474,-0.20022495029207918,2.116261386767012,-2.2064197232210145,0.26001719871619866,-1.5339201610022337,1.012505039128678,-0.2322512537680542,-0.8085082420715208,0,NC_000913.3:locus_0009,WT_rep1__scan_1143000,OPCID_19,OPCID,2.4965914186756786
4175,WT_rep1__scan_4175000,NC_000913.3,4163000,4187000,4175000,24000,"[{""start"":4163000,""end"":4187000}]",WT_rep1,WT,1,False,,,0.67254638671875,0.1066163456935335,0.05197196,0.0463359728455543,True,25,False,False,,,-1.0110086808697922,-1.8259435110245177,-1.4271487432026457,1.5919376151637656,-1.8468967881056608,1.2602713594600194,-1.732259252823684,0.26949135850040684,-1.1099888718834452,-0.6598564426105811,0,NC_000913.3:locus_0009,WT_rep1__scan_1143000,OPCID_19,OPCID,3.1410673920170336
4176,WT_rep1__scan_4176000,NC_000913.3,4164000,4188000,4176000,24000,"[{""start"":4164000,""end"":4188000}]",WT_rep1,WT,1,False,,,0.67266845703125,0.10990186783632,0.05219918,0.0463359728455543,True,23,False,False,,,-1.0215955921444233,-2.0833044360867383,-1.4099831081508392,0.26937795423238287,-0.9480755547323321,1.2844423797557112,-2.5167072663216867,-0.6231074644191722,-0.5002659539153743,-0.20010556145796496,-1,NC_000913.3:locus_0009,WT_rep1__scan_1143000,OPCID_19,OPCID,3.3463267793910165
4178,WT_rep1__scan_4178000,NC_000913.3,4166000,4190000,4178000,24000,"[{""start"":4166000,""end"":4190000}]",WT_rep1,WT,1,False,,,0.67254638671875,0.1153242541254816,0.04443402,0.0463359728455543,False,55,False,True,,,-1.5201855156038715,-2.569648049189404,-1.4963108591648122,-1.2441267736778812,0.6884427486631424,1.048230848447774,0.15995997694778016,-0.1689533763840626,-3.5875628587411965,0.06979245322567217,-1,,WT_rep1__scan_2104000,CHIN_114;CHIN_115,CHIN,3.24520275416983
4179,WT_rep1__scan_4179000,NC_000913.3,4167000,4191000,4179000,24000,"[{""start"":4167000,""end"":4191000}]",WT_rep1,WT,1,False,,,0.711669921875,0.1123845714916695,0.04844215,0.0463359728455543,True,39,False,False,,,-1.7862001478912424,-2.1766518810565074,-1.2673142454536157,-1.100107891872109,1.2497310500342853,1.0643975772570502,2.58831688631832,0.36724221423324305,-3.881485991069911,-0.9196313677353068,-1,NC_000913.3:locus_0009,WT_rep1__scan_2104000,CHIN_114;CHIN_115,CHIN,4.512756750748444
4180,WT_rep1__scan_4180000,NC_000913.3,4168000,4192000,4180000,24000,"[{""start"":4168000,""end"":4192000}]",WT_rep1,WT,1,False,,,0.751953125,0.1062034035199074,0.049793452,0.0463359728455543,True,34,False,False,,,-1.731158549628434,-1.6394310013755682,-1.1460678360756942,0.3289183027683689,0.9400252706081318,-0.9156748556736374,1.43862760416952,0.6475455149734948,-1.9074649502027519,-1.911793507501485,-1,NC_000913.3:locus_0009,WT_rep1__scan_2261000,OPCID_33,OPCID,3.161693094752754
4181,WT_rep1__scan_4181000,NC_000913.3,4169000,4193000,4181000,24000,"[{""start"":4169000,""end"":4193000}]",WT_rep1,WT,1,False,,,0.79296875,0.1060517322835757,0.05779522,0.0463359728455543,True,8,False,False,,,-1.7196143645090305,-0.37694190204530914,-0.7572358125115687,-0.3842715640519581,0.8273206963736344,-2.1710452451944238,-1.117805182719022,-0.1386154951342122,1.5336003375289449,-1.9037722317993049,-1,NC_000913.3:locus_0009,WT_rep1__scan_3049000,OPCID_52,OPCID,3.2662249533430097
4182,WT_rep1__scan_4182000,NC_000913.3,4170000,4194000,4182000,24000,"[{""start"":4170000,""end"":4194000}]",WT_rep1,WT,1,False,,,0.86419677734375,0.1000014594833121,0.048119772,0.0463359728455543,True,41,False,False,,,-1.622550071975717,0.8496636932422318,-0.7794579800055759,-0.9993040600825144,-0.08228505861148219,-2.634140438095732,-2.433980676376251,-1.5413436563482998,3.5873345791148634,-0.7714076772004044,-1,NC_000913.3:locus_0009,WT_rep1__scan_2108000,CHIN_120,CHIN,3.827997227330126
4183,WT_rep1__scan_4183000,NC_000913.3,4171000,4195000,4183000,24000,"[{""start"":4171000,""end"":4195000}]",WT_rep1,WT,1,False,,,0.92340087890625,0.0945244950595091,0.03486677,0.0463359728455543,False,159,False,True,,,-1.6404195753855015,1.6190750171615986,-1.0334031425939139,-2.7006728813794645,0.09445521664265927,-0.2676134900474041,-1.3071577142360802,-0.7633833142868368,3.5458967310164966,-0.11621258071113562,-1,,WT_rep1__scan_2108000,CHIN_120,CHIN,3.8634283391386783
4185,WT_rep1__scan_4185000,NC_000913.3,4173000,4197000,4185000,24000,"[{""start"":4173000,""end"":4197000}]",WT_rep1,WT,1,False,,,0.984375,0.0922770749956402,0.025971502,0.0463359728455543,False,371,False,True,,,-2.0354152387425244,2.6695047457468926,-0.8298531317357364,-3.0892741393964878,0.7314717410435044,2.5723616206290925,4.190338131740975,-0.04536500828854042,-1.0439513326835255,-1.8577708882923505,-1,,WT_rep1__scan_3054000,CHIN_169,CHIN,3.415384291324541
4200,WT_rep1__scan_4200000,NC_000913.3,4188000,4212000,4200000,24000,"[{""start"":4188000,""end"":4212000}]",WT_rep1,WT,1,False,,,0.75189208984375,0.0802894202038508,0.011484168,0.0463359728455543,False,1801,False,True,,,0.0744503175193554,0.5423389311926706,-1.281289714442427,0.5987945790756993,-0.2444922371201354,0.9277203508964432,0.4414085363583695,-0.44185275352303427,0.5930692103190813,0.6924526000718418,0,,WT_rep1__scan_2663000,OPCID_43,OPCID,1.3281948380250868
4201,WT_rep1__scan_4201000,NC_000913.3,4189000,4213000,4201000,24000,"[{""start"":4189000,""end"":4213000}]",WT_rep1,WT,1,False,,,0.6727294921875,0.0826882725554364,0.011229275,0.0463359728455543,False,1878,False,True,,,0.21861980817176419,0.49440259806841086,-1.2703073418464472,0.38817421791995427,0.12804690173562094,0.7101258848481642,0.23671767196656027,-0.38551244240311067,0.6081828415905222,0.13499630007298102,0,,WT_rep1__scan_2663000,OPCID_43,OPCID,1.0055342010251072
4215,WT_rep1__scan_4215000,NC_000913.3,4203000,4227000,4215000,24000,"[{""start"":4203000,""end"":4227000}]",WT_rep1,WT,1,True,CHIN_224;CHIN_225,CHIN,0.6856689453125,0.078051305913266,0.01370892,0.0463359728455543,False,1385,True,False,CHIN_224,CHIN,0.5589268442469801,-0.43902638958407203,-0.19733735748318051,0.7370351030791973,-0.5177299373642468,0.02221525550345543,-0.47458828199362973,0.9191283232514575,-0.21256705208303772,-0.6182071987126286,0,,WT_rep1__scan_4215000,CHIN_224,CHIN,0.0
4222,WT_rep1__scan_4222000,NC_000913.3,4210000,4234000,4222000,24000,"[{""start"":4210000,""end"":4234000}]",WT_rep1,WT,1,True,CHIN_224;CHIN_225,CHIN,0.779296875,0.0744937302427851,0.009828299,0.0463359728455543,False,2255,True,False,CHIN_225,CHIN,0.2522886504259983,-0.49704910204220665,-0.08171814868421896,0.06648568474840752,0.6607524132822105,-1.1278835316096432,1.0650193866575672,1.2708404383731864,-1.2405843557203895,0.14614753983416914,0,,WT_rep1__scan_4222000,CHIN_225,CHIN,0.0
4236,WT_rep1__scan_4236000,NC_000913.3,4224000,4248000,4236000,24000,"[{""start"":4224000,""end"":4248000}]",WT_rep1,WT,1,False,,,1.0,0.0995156090271774,0.0321256,0.0463359728455543,False,219,False,True,,,0.06488486335509708,-1.7190549973094675,3.0134340770695043,-0.3184688827463967,1.8231539762254558,0.44833291889973315,1.2730652226404693,-1.4334266179998305,1.6489433575996821,1.2444660602765425,0,,WT_rep1__scan_1249000,OPCID_22,OPCID,2.479254919180108
4240,WT_rep1__scan_4240000,NC_000913.3,4228000,4252000,4240000,24000,"[{""start"":4228000,""end"":4252000}]",WT_rep1,WT,1,True,CHIN_226,CHIN,1.0,0.120706809222415,0.04699212,0.0463359728455543,True,46,False,False,,,-1.2930276502974767,-3.24056688991504,1.5376383131887024,-0.06772231031971997,-2.8118832550661326,-1.0112014565476495,-0.941273949205886,0.2872104994423489,-1.6218662125017127,1.5275032544292688,-1,NC_000913.3:locus_0010,WT_rep1__scan_0085000,CHIN_2,CHIN,3.374969122789867
4241,WT_rep1__scan_4241000,NC_000913.3,4229000,4253000,4241000,24000,"[{""start"":4229000,""end"":4253000}]",WT_rep1,WT,1,True,CHIN_226;OPCID_65,CHIN;OPCID,1.0,0.1218170586400282,0.04809459,0.0463359728455543,True,42,False,False,,,-1.7035393901935116,-3.1938649916758264,0.12861852958123549,0.9419179449105468,-3.6075065523032372,-0.9553124263881106,-1.4213473628371103,-0.40764498995154436,-1.2381871893201524,1.4021611558697251,-1,NC_000913.3:locus_0010,WT_rep1__scan_3798000,CHIN_205;CHIN_206,CHIN,3.81384517987282
4248,WT_rep1__scan_4248000,NC_000913.3,4236000,4260000,4248000,24000,"[{""start"":4236000,""end"":4260000}]",WT_rep1,WT,1,True,CHIN_226;OPCID_65;CHIN_227,CHIN;OPCID,1.0,0.130394917523691,0.05418882,0.0463359728455543,True,19,False,False,,,-2.976209911128557,-0.3525623482994667,-2.3533139689823526,-0.9878105899502021,2.933575504608928,-0.2946287813455584,0.17964060010381097,-0.49319942816917406,-0.09027592479765587,-2.8918518063410232,-1,NC_000913.3:locus_0010,WT_rep1__scan_0126000,OPCID_4,OPCID,3.9453132900023973
4249,WT_rep1__scan_4249000,NC_000913.3,4237000,4261000,4249000,24000,"[{""start"":4237000,""end"":4261000}]",WT_rep1,WT,1,True,CHIN_226;OPCID_65;CHIN_227,CHIN;OPCID,1.0,0.1306967843165153,0.05589647,0.0463359728455543,True,13,False,False,,,-2.8960508121872133,0.5454109397294216,-0.9498785400062502,-1.4282578197314275,2.9148846051719763,-3.1506066131628967,-2.0829176967747043,-0.35280746746383773,0.1545033262459295,-1.1517236079889972,-1,NC_000913.3:locus_0010,WT_rep1__scan_3555000,OPCID_57,OPCID,3.7752379076038847
4250,WT_rep1__scan_4250000,NC_000913.3,4238000,4262000,4250000,24000,"[{""start"":4238000,""end"":4262000}]",WT_rep1,WT,1,True,CHIN_226;OPCID_65;CHIN_227,CHIN;OPCID,1.0,0.1312591908759381,0.051752605,0.0463359728455543,True,27,False,False,,,-2.9436272387848232,1.5714191550013161,0.17322647376896866,-1.950299184640504,2.633543243539551,-4.164774510231674,-3.2910739919100154,0.8354050337752185,-0.4691542287785387,0.6306572982772515,-1,NC_000913.3:locus_0010,WT_rep1__scan_4251000,CHIN_226,CHIN,3.835001929717764
4251,WT_rep1__scan_4251000,NC_000913.3,4239000,4263000,4251000,24000,"[{""start"":4239000,""end"":4263000}]",WT_rep1,WT,1,True,CHIN_226;OPCID_65;CHIN_227,CHIN;OPCID,1.0,0.1320604807830375,0.045984033,0.0463359728455543,False,48,True,False,CHIN_226,CHIN,-2.991958537138529,2.685134853187263,0.8381125262891119,-3.1066980942448645,2.141286554554888,-1.6592086901325847,-2.823371640166311,1.3213262701595594,-2.4313708192527983,-0.2966364614102402,-1,,WT_rep1__scan_4251000,CHIN_226,CHIN,0.0
4256,WT_rep1__scan_4256000,NC_000913.3,4244000,4268000,4256000,24000,"[{""start"":4244000,""end"":4268000}]",WT_rep1,WT,1,True,CHIN_226;OPCID_65;CHIN_227,CHIN;OPCID,1.0,0.1166345390831503,0.03431468,0.0463359728455543,False,177,True,False,OPCID_65,OPCID,-2.3806490936107476,3.6300338098928777,1.711245276531072,-1.3109703752471216,-1.8232839888091568,-0.6750627064708774,0.13042709246039758,-0.4194530182039144,-4.359448250355717,-0.5298424091725145,-1,,WT_rep1__scan_4256000,OPCID_65,OPCID,0.0
4261,WT_rep1__scan_4261000,NC_000913.3,4249000,4273000,4261000,24000,"[{""start"":4249000,""end"":4273000}]",WT_rep1,WT,1,True,CHIN_226;OPCID_65;CHIN_227;CHIN_228,CHIN;OPCID,1.0,0.0854852337832789,0.031143796,0.0463359728455543,False,233,True,False,CHIN_227,CHIN,-1.5329825167690452,1.4317234034329716,2.2120675300872574,1.0391893483900108,0.8508103784263955,1.1589643819036815,-0.49234631643867743,0.5090863230579319,-0.3183226483271186,-0.23801308103760635,0,,WT_rep1__scan_4261000,CHIN_227,CHIN,0.0
4269,WT_rep1__scan_4269000,NC_000913.3,4257000,4281000,4269000,24000,"[{""start"":4257000,""end"":4281000}]",WT_rep1,WT,1,True,OPCID_65;CHIN_227;CHIN_228;OPCID_66,CHIN;OPCID,1.0,0.0740664981883616,0.017070018,0.0463359728455543,False,968,True,False,CHIN_228,CHIN,-1.275407811931648,0.9866353708187079,-0.7963981058096719,2.1239160836432083,-0.16553371291844235,-0.1075473970614237,1.462420699924138,-0.43981966478927403,1.287301196430175,0.41716928796349223,0,,WT_rep1__scan_4269000,CHIN_228,CHIN,0.0
4279,WT_rep1__scan_4279000,NC_000913.3,4267000,4291000,4279000,24000,"[{""start"":4267000,""end"":4291000}]",WT_rep1,WT,1,True,CHIN_228;OPCID_66;CHIN_229,CHIN;OPCID,1.0,0.0685784237548602,0.016158888,0.0463359728455543,False,1059,True,False,OPCID_66,OPCID,-0.21046361535294086,1.7846700276252259,-0.16777108513274155,-0.7935502977536583,-1.040390122286658,0.5231582553111019,-0.5182187715549619,-1.423128598431134,0.25207662417670373,2.037600469937686,0,,WT_rep1__scan_4279000,OPCID_66,OPCID,0.0
4283,WT_rep1__scan_4283000,NC_000913.3,4271000,4295000,4283000,24000,"[{""start"":4271000,""end"":4295000}]",WT_rep1,WT,1,True,OPCID_66;CHIN_229,CHIN;OPCID,1.0,0.0636520938388938,0.01109985,0.0463359728455543,False,1908,True,False,CHIN_229,CHIN,0.5261732713402147,0.912312388579791,-0.02264173339947368,0.5173789628968773,0.6802577919318168,-1.3543821471222255,-1.127312097068115,0.5324147027760215,0.6561339885608574,-0.9166785835474284,0,,WT_rep1__scan_4283000,CHIN_229,CHIN,0.0
4311,WT_rep1__scan_4311000,NC_000913.3,4299000,4323000,4311000,24000,"[{""start"":4299000,""end"":4323000}]",WT_rep1,WT,1,True,CHIN_230,CHIN,1.0,0.0598699639287336,0.0055780457,0.0463359728455543,False,4225,True,False,CHIN_230,CHIN,0.8259078495182374,-0.03313982989457801,-0.3097283489769032,-0.2084472420677606,0.018511229935165067,-0.2462679759395012,0.06499894056985477,-0.1271050556579666,0.09527893716358375,-0.6041888475092043,0,,WT_rep1__scan_4311000,CHIN_230,CHIN,0.0
4338,WT_rep1__scan_4338000,NC_000913.3,4326000,4350000,4338000,24000,"[{""start"":4326000,""end"":4350000}]",WT_rep1,WT,1,True,CHIN_231,CHIN,1.0,0.0581545623507405,0.006429615,0.0463359728455543,False,3752,True,False,CHIN_231,CHIN,0.3905821422299211,0.059224432864835794,-0.053067691975661614,0.15708513781260527,-0.06618302851241517,-0.7112013820798088,0.7786621906697926,0.9510158306845585,-0.013427087655437622,0.5636586447126186,0,,WT_rep1__scan_4338000,CHIN_231,CHIN,0.0
4360,WT_rep1__scan_4360000,NC_000913.3,4348000,4372000,4360000,24000,"[{""start"":4348000,""end"":4372000}]",WT_rep1,WT,1,True,CHIN_232,CHIN,1.0,0.0869283689998448,0.035221986,0.0463359728455543,False,146,True,False,CHIN_232,CHIN,-0.9741899518659952,-1.6523103645482127,1.609221252459222,1.0134059147495649,-2.0151658961426087,-0.9134428537439504,-1.0805886685769805,2.1435850024562697,0.7072604906611166,0.10265291935749397,0,,WT_rep1__scan_4360000,CHIN_232,CHIN,0.0
4384,WT_rep1__scan_4384000,NC_000913.3,4372000,4396000,4384000,24000,"[{""start"":4372000,""end"":4396000}]",WT_rep1,WT,1,True,CHIN_233,CHIN,1.0,0.0759535440341199,0.018800467,0.0463359728455543,False,816,True,False,CHIN_233,CHIN,-0.8513520665813427,1.3016313169999758,2.06519529913442,0.4584121706809508,0.9236469677622664,0.555806289582047,-1.2083145822502694,0.9119434736574925,1.5442505030270324,1.2034452053858793,0,,WT_rep1__scan_4384000,CHIN_233,CHIN,0.0
4411,WT_rep1__scan_4411000,NC_000913.3,4399000,4423000,4411000,24000,"[{""start"":4399000,""end"":4423000}]",WT_rep1,WT,1,True,CHIN_234,CHIN,1.0,0.0793600426832567,0.02125277,0.0463359728455543,False,611,True,False,CHIN_234,CHIN,-0.8296368597161353,2.453586019690001,1.3204853583836151,-1.8298960401665676,-2.592573783389542,1.0571790552404543,-0.25291610769641343,0.7143101966331928,-1.5036768012050048,1.1612726631147328,0,,WT_rep1__scan_4411000,CHIN_234,CHIN,0.0
4427,WT_rep1__scan_4427000,NC_000913.3,4415000,4439000,4427000,24000,"[{""start"":4415000,""end"":4439000}]",WT_rep1,WT,1,True,CHIN_235,CHIN,1.0,0.0643399000062959,0.02024511,0.0463359728455543,False,675,True,False,CHIN_235,CHIN,0.024398545979814314,0.5336932441119638,-0.1930891327038576,2.3491502372402215,0.8889633397624744,1.8546036324737862,-0.5847227179011361,2.5985344366142313,-1.2230077927703997,0.1301179917209284,0,,WT_rep1__scan_4427000,CHIN_235,CHIN,0.0
4443,WT_rep1__scan_4443000,NC_000913.3,4431000,4455000,4443000,24000,"[{""start"":4431000,""end"":4455000}]",WT_rep1,WT,1,False,,,1.0,0.0632844064764631,0.008521121,0.0463359728455543,False,2714,False,True,,,0.02961314364425652,0.13334603254837366,-0.42934868756923084,-0.9570462319626366,0.32148227736049184,0.3214655072091272,0.1270147267585849,-0.0680262360321263,1.02028856496349,1.7714414586303726,0,,WT_rep1__scan_3380000,OPCID_54,OPCID,1.3431711731475486
4453,WT_rep1__scan_4453000,NC_000913.3,4441000,4465000,4453000,24000,"[{""start"":4441000,""end"":4465000}]",WT_rep1,WT,1,False,,,1.0,0.081354614365664,0.018587478,0.0463359728455543,False,836,False,True,,,-0.25582997354731074,-1.0294789027077296,2.883839163861495,-0.00327948173197904,1.826186438492748,0.24518373283047692,2.7075041272854428,-1.9187956601718612,0.4984270755941003,1.7570485643724625,0,,WT_rep1__scan_1249000,OPCID_22,OPCID,1.8487533412082988
4454,WT_rep1__scan_4454000,NC_000913.3,4442000,4466000,4454000,24000,"[{""start"":4442000,""end"":4466000}]",WT_rep1,WT,1,False,,,1.0,0.0927647441652547,0.023826815,0.0463359728455543,False,466,False,True,,,-0.36635446458856613,-1.7554434749582375,3.334181662885885,0.4005976457889372,1.6951148069322697,-0.00772813844448894,2.471388308313644,-2.181212620219919,0.522823141850145,0.5852669754901837,0,,WT_rep1__scan_1249000,OPCID_22,OPCID,2.12881356398556
4476,WT_rep1__scan_4476000,NC_000913.3,4464000,4488000,4476000,24000,"[{""start"":4464000,""end"":4488000}]",WT_rep1,WT,1,True,CHIN_236;CHIN_237;OPCID_67,CHIN;OPCID,1.0,0.0845503168838161,0.039917205,0.0463359728455543,False,88,True,False,CHIN_236,CHIN,-0.7483038731162922,2.360057814996768,1.7489439009296681,1.676195252780644,-0.6498640270637307,3.0442770760746667,0.08576253710904927,-0.7182171214837331,-1.6818503060778673,0.15614939590147803,0,,WT_rep1__scan_4476000,CHIN_236,CHIN,0.0
4480,WT_rep1__scan_4480000,NC_000913.3,4468000,4492000,4480000,24000,"[{""start"":4468000,""end"":4492000}]",WT_rep1,WT,1,True,CHIN_236;CHIN_237;OPCID_67,CHIN;OPCID,1.0,0.0645766082194125,0.010699743,0.0463359728455543,False,2013,True,False,CHIN_237,CHIN,-0.2202463367148573,-0.058352079793891364,-0.09095054049410434,0.3929166638564375,-0.601875745233538,0.754207531658922,0.3051059214325795,2.4358318364016873,0.27118515081809963,1.2103757044346435,0,,WT_rep1__scan_4480000,CHIN_237,CHIN,0.0
4484,WT_rep1__scan_4484000,NC_000913.3,4472000,4496000,4484000,24000,"[{""start"":4472000,""end"":4496000}]",WT_rep1,WT,1,True,CHIN_236;CHIN_237;OPCID_67;CHIN_238,CHIN;OPCID,1.0,0.0623897762080677,0.0097127855,0.0463359728455543,False,2296,True,False,OPCID_67,OPCID,-0.2532605507499405,-0.021666654302331067,-0.0008853961480068226,0.3480173085393201,0.548133207557211,-0.6663961850392359,0.5716881741473628,-0.7102369149652724,0.4219414534119616,2.575079497863447,0,,WT_rep1__scan_4484000,OPCID_67,OPCID,0.0
4496,WT_rep1__scan_4496000,NC_000913.3,4484000,4508000,4496000,24000,"[{""start"":4484000,""end"":4508000}]",WT_rep1,WT,1,True,OPCID_67;CHIN_238;CHID_24;CHIN_239;CHIN_240,CHID;CHIN;OPCID,0.8935546875,0.0645227709862344,0.013821518,0.0463359728455543,False,1367,True,False,CHIN_238,CHIN,0.4233539424150948,0.2948563685545507,0.6201791555024084,1.0565827233256477,0.21211168860213664,0.43923128811145784,-0.293297388246046,-0.7753604343197562,0.39103255522080393,0.3051530725370763,0,,WT_rep1__scan_4496000,CHIN_238,CHIN,0.0
4504,WT_rep1__scan_4504000,NC_000913.3,4492000,4516000,4504000,24000,"[{""start"":4492000,""end"":4516000}]",WT_rep1,WT,1,True,CHIN_238;CHID_24;CHIN_239;CHIN_240,CHID;CHIN,0.86419677734375,0.063723178055592,0.010784605,0.0463359728455543,False,1992,True,False,CHIN_239,CHIN,0.5564767350502076,0.0513586236204604,-0.18386426100517883,1.0420466926818135,0.3441056193592313,-0.7794286048776505,-0.2076032770407146,-0.8042362818590175,0.5562794009010538,-0.5654584798981495,0,,WT_rep1__scan_4504000,CHIN_239,CHIN,0.0
4505,WT_rep1__scan_4505000,NC_000913.3,4493000,4517000,4505000,24000,"[{""start"":4493000,""end"":4517000}]",WT_rep1,WT,1,True,CHIN_238;CHID_24;CHIN_239;CHIN_240,CHID;CHIN,0.86419677734375,0.0646304178112733,0.0115132965,0.0463359728455543,False,1794,True,False,CHIN_240,CHIN,0.6350903830840534,0.10185937230855359,-0.16181252764960263,0.6873632618128775,0.3309379546973264,-0.019997595146538295,-0.5850029394602406,-0.22637474606091704,0.8169881927448895,-0.3623362704621018,0,,WT_rep1__scan_4505000,CHIN_240,CHIN,0.0
4506,WT_rep1__scan_4506000,NC_000913.3,4494000,4518000,4506000,24000,"[{""start"":4494000,""end"":4518000}]",WT_rep1,WT,1,True,CHIN_238;CHID_24;CHIN_239;CHIN_240,CHID;CHIN,0.86419677734375,0.0654716805713819,0.011368616,0.0463359728455543,False,1835,True,False,CHID_24,CHID,0.6258800757112005,0.2812964916179582,-0.23431365093980347,0.2641787035534868,0.5235041981139352,0.8260768972036682,-1.1988380834950696,0.18804558660756643,1.017728639964902,-0.14121935806229383,0,,WT_rep1__scan_4506000,CHID_24,CHID,0.0
4525,WT_rep1__scan_4525000,NC_000913.3,4513000,4537000,4525000,24000,"[{""start"":4513000,""end"":4537000}]",WT_rep1,WT,1,True,CHIN_241;CHID_25,CHID;CHIN,1.0,0.0590572310700256,0.009983067,0.0463359728455543,False,2214,True,False,CHIN_241,CHIN,0.6338474831294975,-0.2828883026301894,0.3419782130006294,0.1710281787335373,0.6158628192731721,0.12303755881795142,0.19351052157065562,1.053755612876686,-0.7333938221722514,-0.23682838088017233,0,,WT_rep1__scan_4525000,CHIN_241,CHIN,0.0
4539,WT_rep1__scan_4539000,NC_000913.3,4527000,4551000,4539000,24000,"[{""start"":4527000,""end"":4551000}]",WT_rep1,WT,1,True,CHID_25;CHIN_242;CHIN_243;CHIN_244;CHIN_245,CHID;CHIN,1.0,0.0523817381634204,0.00883507,0.0463359728455543,False,2600,True,False,CHIN_242,CHIN,0.3171724978587762,0.08406190990893404,-0.9301756093510758,-0.6678543493670123,0.021586923623445383,0.7121773484067742,0.5830749326979571,-0.3748224968466972,-0.04737850439397264,1.0723276705603706,0,,WT_rep1__scan_4539000,CHIN_242,CHIN,0.0
4540,WT_rep1__scan_4540000,NC_000913.3,4528000,4552000,4540000,24000,"[{""start"":4528000,""end"":4552000}]",WT_rep1,WT,1,True,CHID_25;CHIN_242;CHIN_243;CHIN_244;CHIN_245,CHID;CHIN,1.0,0.0526022749483413,0.010140937,0.0463359728455543,False,2171,True,False,CHID_25;CHIN_243,CHID;CHIN,0.4103971387876222,0.06420516878434933,-0.847779699519816,-0.5121565267891945,0.40882251315152923,0.26635800755496164,0.510871652935016,-0.4433164624447577,-0.24486210648312598,0.0515476861545785,0,,WT_rep1__scan_4540000,CHID_25;CHIN_243,CHID;CHIN,0.0
4541,WT_rep1__scan_4541000,NC_000913.3,4529000,4553000,4541000,24000,"[{""start"":4529000,""end"":4553000}]",WT_rep1,WT,1,True,CHID_25;CHIN_242;CHIN_243;CHIN_244;CHIN_245,CHID;CHIN,1.0,0.0528230008474035,0.0094594015,0.0463359728455543,False,2385,True,False,CHIN_244,CHIN,0.3819595996480953,0.213187351109768,-0.4788350210464036,-0.3247016129927886,0.5251549490137685,-0.9075944173153594,0.4913494891679248,-0.40437670546607907,-0.19127517736812433,-0.055047807102410605,0,,WT_rep1__scan_4541000,CHIN_244,CHIN,0.0
4545,WT_rep1__scan_4545000,NC_000913.3,4533000,4557000,4545000,24000,"[{""start"":4533000,""end"":4557000}]",WT_rep1,WT,1,True,CHID_25;CHIN_242;CHIN_243;CHIN_244;CHIN_245;CHIN_246,CHID;CHIN,1.0,0.0547359587061264,0.010794035,0.0463359728455543,False,1984,True,False,CHIN_245,CHIN,0.3700283980822718,0.6037048044815491,0.5470888080480473,0.13368138140838356,0.6279688019373227,0.3242479177926518,-0.2944857120274638,1.0202512759326134,-0.6206063013019916,1.3937274954571555,0,,WT_rep1__scan_4545000,CHIN_245,CHIN,0.0
4556,WT_rep1__scan_4556000,NC_000913.3,4544000,4568000,4556000,24000,"[{""start"":4544000,""end"":4568000}]",WT_rep1,WT,1,True,CHID_25;CHIN_245;CHIN_246,CHID;CHIN,1.0,0.0544841193586569,0.006376311,0.0463359728455543,False,3785,True,False,CHIN_246,CHIN,0.7830897142807985,0.12309827907932633,-0.37803987748023526,0.2296776619120072,0.5129151441649247,0.4383183614422126,-0.30164453997543367,0.31809097393994923,0.43912022090289515,-0.6432565098436756,0,,WT_rep1__scan_4556000,CHIN_246,CHIN,0.0
4578,WT_rep1__scan_4578000,NC_000913.3,4566000,4590000,4578000,24000,"[{""start"":4566000,""end"":4590000}]",WT_rep1,WT,1,True,CHIN_247;CHID_26;OPCID_68,CHID;CHIN;OPCID,1.0,0.0589443147256502,0.0078215785,0.0463359728455543,False,3060,True,False,CHIN_247,CHIN,0.33183864660920703,-0.4725207926972181,0.273712336201953,-0.41341367161498593,-0.22805701384509947,0.2100287566399957,1.0831783118142209,0.9730266433739249,-0.30458499915239506,0.3636500867273917,0,,WT_rep1__scan_4578000,CHIN_247,CHIN,0.0
4579,WT_rep1__scan_4579000,NC_000913.3,4567000,4591000,4579000,24000,"[{""start"":4567000,""end"":4591000}]",WT_rep1,WT,1,True,CHIN_247;CHID_26;OPCID_68,CHID;CHIN;OPCID,1.0,0.0593973986310247,0.008396301,0.0463359728455543,False,2770,True,False,CHID_26,CHID,0.31572853318400146,-0.3195707334401363,0.10173636097181252,-0.10751473014279601,-0.6598586373450849,-0.5894631180227479,0.6202537736099135,0.9361293255142917,0.24706122473497807,0.5431878972895918,0,,WT_rep1__scan_4579000,CHID_26,CHID,0.0
4585,WT_rep1__scan_4585000,NC_000913.3,4573000,4597000,4585000,24000,"[{""start"":4573000,""end"":4597000}]",WT_rep1,WT,1,True,CHIN_247;CHID_26;OPCID_68;CHIN_248,CHID;CHIN;OPCID,1.0,0.0605092557480317,0.007032616,0.0463359728455543,False,3436,True,False,OPCID_68,OPCID,0.20267004785999113,-0.16897688877214964,-0.5129534347364083,0.6872643307657333,0.36984752285517575,-0.5575914302095992,0.32391780504765144,0.1551175222416078,-0.8422458185700333,1.4041530248914245,0,,WT_rep1__scan_4585000,OPCID_68,OPCID,0.0
4595,WT_rep1__scan_4595000,NC_000913.3,4583000,4607000,4595000,24000,"[{""start"":4583000,""end"":4607000}]",WT_rep1,WT,1,True,OPCID_68;CHIN_248;CHIN_249,CHIN;OPCID,1.0,0.0612345115294955,0.009083763,0.0463359728455543,False,2502,True,False,CHIN_248,CHIN,0.3578392552363617,0.712059126027174,0.29447234286946133,0.9529859989898191,-0.3688467200777117,-0.1583272519454911,-0.15427887585062475,-0.06132779697751413,0.932130877678373,0.5640220618905294,0,,WT_rep1__scan_4595000,CHIN_248,CHIN,0.0
4604,WT_rep1__scan_4604000,NC_000913.3,4592000,4616000,4604000,24000,"[{""start"":4592000,""end"":4616000}]",WT_rep1,WT,1,True,CHIN_248;CHIN_249,CHIN,1.0,0.0554779533370212,0.0046708407,0.0463359728455543,False,4572,True,False,CHIN_249,CHIN,0.8013793918375799,0.07552003072485894,-0.1862447626827454,-0.16967074758824047,-0.08716445529915294,-0.25860633151255225,-0.11257777944529122,0.08556032480012685,-0.09938833313524004,-0.3423141476177323,0,,WT_rep1__scan_4604000,CHIN_249,CHIN,0.0
4617,WT_rep1__scan_4617000,NC_000913.3,4605000,4629000,4617000,24000,"[{""start"":4605000,""end"":4629000}]",WT_rep1,WT,1,True,CHIN_250,CHIN,1.0,0.059361651239136,0.006138218,0.0463359728455543,False,3929,True,False,CHIN_250,CHIN,0.6812905416910674,0.03552059665546585,-0.33192278025011984,0.2126490484747549,-0.12340424554699131,0.6047873357346518,0.22971092851301594,0.07468474811330103,0.8376655301235841,-0.11386039414983033,0,,WT_rep1__scan_4617000,CHIN_250,CHIN,0.0
4631,WT_rep1__scan_4631000,NC_000913.3,4619000,4643000,4631000,24000,"[{""start"":4619000,""end"":4641652},{""start"":0,""end"":1348}]",WT_rep1,WT,1,False,,,1.0,0.0613991574799925,0.0075393408,0.0463359728455543,False,3203,False,True,,,0.31982151804708936,-0.27813038362650244,-0.2935337987577061,0.3302054935210727,-0.31113677946012064,-0.02937399184953359,0.3989956707123332,0.8638017736420864,0.22317383010858421,0.5657880603963631,0,,WT_rep1__scan_4579000,CHID_26,CHID,0.9165948449402717
