gene_id,name,chrom,start,end,strand,length_bp,source_sheet,source_row,source_chrom,source_start,source_end
ade:3843964-3845730:+,ade,NC_000913.3,3843963,3845730,+,1767,Supplementary Table 1,2,MG1655,3843964,3845730
flu:2071539-2074658:+,flu,NC_000913.3,2071538,2074658,+,3120,Supplementary Table 1,3,MG1655,2071539,2074658
ydeP:1584207-1586486:-,ydeP,NC_000913.3,1584206,1586486,-,2280,Supplementary Table 1,4,MG1655,1584207,1586486
yeeR:2074779-2076311:+,yeeR,NC_000913.3,2074778,2076311,+,1533,Supplementary Table 1,5,MG1655,2074779,2076311
bcsE:3696458-3698029:+,bcsE,NC_000913.3,3696457,3698029,+,1572,Supplementary Table 1,6,MG1655,3696458,3698029
yjdA:4327135-4329363:+,yjdA,NC_000913.3,4327134,4329363,+,2229,Supplementary Table 1,7,MG1655,4327135,4329363
gadC:1568954-1570489:-,gadC,NC_000913.3,1568953,1570489,-,1536,Supplementary Table 1,8,MG1655,1568954,1570489
slp:3653961-3654527:+,slp,NC_000913.3,3653960,3654527,+,567,Supplementary Table 1,9,MG1655,3653961,3654527
yhiD:3655255-3655902:-,yhiD,NC_000913.3,3655254,3655902,-,648,Supplementary Table 1,10,MG1655,3655255,3655902
ecpA:310084-310671:-,ecpA,NC_000913.3,310083,310671,-,588,Supplementary Table 1,11,MG1655,310084,310671
yahA:332371-333459:+,yahA,NC_000913.3,332370,333459,+,1089,Supplementary Table 1,12,MG1655,332371,333459
yddB:1575247-1577619:-,yddB,NC_000913.3,1575246,1577619,-,2373,Supplementary Table 1,13,MG1655,1575247,1577619
pqqL:1572407-1575202:-,pqqL,NC_000913.3,1572406,1575202,-,2796,Supplementary Table 1,14,MG1655,1572407,1575202
gadB:1570645-1572045:-,gadB,NC_000913.3,1570644,1572045,-,1401,Supplementary Table 1,15,MG1655,1570645,1572045
hdeD:3656995-3657567:+,hdeD,NC_000913.3,3656994,3657567,+,573,Supplementary Table 1,16,MG1655,3656995,3657567
appC:1037740-1039284:+,appC,NC_000913.3,1037739,1039284,+,1545,Supplementary Table 1,17,MG1655,1037740,1039284
tdcE:3260124-3262418:-,tdcE,NC_000913.3,3260123,3262418,-,2295,Supplementary Table 1,18,MG1655,3260124,3262418
mdtJ:1673136-1673501:-,mdtJ,NC_000913.3,1673135,1673501,-,366,Supplementary Table 1,19,MG1655,1673136,1673501
ycgV:1253085-1255952:-,ycgV,NC_000913.3,1253084,1255952,-,2868,Supplementary Table 1,20,MG1655,1253085,1255952
chiA:3467160-3469853:-,chiA,NC_000913.3,3467159,3469853,-,2694,Supplementary Table 1,21,MG1655,3467160,3469853
mdtI:1672820-1673149:-,mdtI,NC_000913.3,1672819,1673149,-,330,Supplementary Table 1,22,MG1655,1672820,1673149
ydeT:1588853-1590079:-,ydeT,NC_000913.3,1588852,1590079,-,1227,Supplementary Table 1,23,MG1655,1588853,1590079
gadA:3666180-3667580:-,gadA,NC_000913.3,3666179,3667580,-,1401,Supplementary Table 1,24,MG1655,3666180,3667580
hns:1292509-1292922:-,hns,NC_000913.3,1292508,1292922,-,414,Supplementary Table 1,25,MG1655,1292509,1292922
pgaA:1089866-1092289:-,pgaA,NC_000913.3,1089865,1092289,-,2424,Supplementary Table 1,26,MG1655,1089866,1092289
pgaC:1086521-1087846:-,pgaC,NC_000913.3,1086520,1087846,-,1326,Supplementary Table 1,27,MG1655,1086521,1087846
hdeA:3656408-3656740:-,hdeA,NC_000913.3,3656407,3656740,-,333,Supplementary Table 1,28,MG1655,3656408,3656740
ydiO:1777196-1778347:+,ydiO,NC_000913.3,1777195,1778347,+,1152,Supplementary Table 1,29,MG1655,1777196,1778347
leuE:1880121-1880759:-,leuE,NC_000913.3,1880120,1880759,-,639,Supplementary Table 1,30,MG1655,1880121,1880759
ydeQ:1586820-1587734:-,ydeQ,NC_000913.3,1586819,1587734,-,915,Supplementary Table 1,31,MG1655,1586820,1587734
ydiB:1773789-1774655:+,ydiB,NC_000913.3,1773788,1774655,+,867,Supplementary Table 1,32,MG1655,1773789,1774655
psuG:2257429-2258367:-,psuG,NC_000913.3,2257428,2258367,-,939,Supplementary Table 1,33,MG1655,2257429,2258367
yjhG:4522127-4524094:-,yjhG,NC_000913.3,4522126,4524094,-,1968,Supplementary Table 1,34,MG1655,4522127,4524094
bcsG:3698214-3699893:+,bcsG,NC_000913.3,3698213,3699893,+,1680,Supplementary Table 1,35,MG1655,3698214,3699893
ppsA:1784734-1787112:-,ppsA,NC_000913.3,1784733,1787112,-,2379,Supplementary Table 1,36,MG1655,1784734,1787112
ydiF:1775587-1777182:+,ydiF,NC_000913.3,1775586,1777182,+,1596,Supplementary Table 1,37,MG1655,1775587,1777182
adiC:4335694-4337031:-,adiC,NC_000913.3,4335693,4337031,-,1338,Supplementary Table 1,38,MG1655,4335694,4337031
proV:2804815-2806017:+,proV,NC_000913.3,2804814,2806017,+,1203,Supplementary Table 1,39,MG1655,2804815,2806017
tnaA:3888730-3890145:+,tnaA,NC_000913.3,3888729,3890145,+,1416,Supplementary Table 1,40,MG1655,3888730,3890145
ymgD:1222305-1222634:-,ymgD,NC_000913.3,1222304,1222634,-,330,Supplementary Table 1,41,MG1655,1222305,1222634
mdtF:3660414-3663527:+,mdtF,NC_000913.3,3660413,3663527,+,3114,Supplementary Table 1,42,MG1655,3660414,3663527
arnB:2365928-2367067:+,arnB,NC_000913.3,2365927,2367067,+,1140,Supplementary Table 1,43,MG1655,2365928,2367067
ygiL:3185414-3185965:+,ygiL,NC_000913.3,3185413,3185965,+,552,Supplementary Table 1,44,MG1655,3185414,3185965
ydjI:1856933-1857769:-,ydjI,NC_000913.3,1856932,1857769,-,837,Supplementary Table 1,45,MG1655,1856933,1857769
ydeR:1587793-1588296:-,ydeR,NC_000913.3,1587792,1588296,-,504,Supplementary Table 1,46,MG1655,1587793,1588296
flgE:1132574-1133782:+,flgE,NC_000913.3,1132573,1133782,+,1209,Supplementary Table 1,47,MG1655,1132574,1133782
xapR:2521593-2522477:-,xapR,NC_000913.3,2521592,2522477,-,885,Supplementary Table 1,48,MG1655,2521593,2522477
yjeM:4383839-4385341:+,yjeM,NC_000913.3,4383838,4385341,+,1503,Supplementary Table 1,49,MG1655,4383839,4385341
mdtE:3659232-3660389:+,mdtE,NC_000913.3,3659231,3660389,+,1158,Supplementary Table 1,50,MG1655,3659232,3660389
degP:180884-182308:+,degP,NC_000913.3,180883,182308,+,1425,Supplementary Table 1,51,MG1655,180884,182308
ydbA:1465392-1467904:+,ydbA,NC_000913.3,1465391,1467904,+,2513,Supplementary Table 1,52,MG1655,1465392,1467904
ydbA:1469241-1469293:+,ydbA,NC_000913.3,1469240,1469293,+,53,Supplementary Table 1,53,MG1655,1469241,1469293
ydbA:1470517-1474013:+,ydbA,NC_000913.3,1470516,1474013,+,3497,Supplementary Table 1,54,MG1655,1470517,1474013
ymgG:1222644-1222988:-,ymgG,NC_000913.3,1222643,1222988,-,345,Supplementary Table 1,55,MG1655,1222644,1222988
nlpA:3839175-3839993:-,nlpA,NC_000913.3,3839174,3839993,-,819,Supplementary Table 1,56,MG1655,3839175,3839993
xylF:3731131-3732123:+,xylF,NC_000913.3,3731130,3732123,+,993,Supplementary Table 1,57,MG1655,3731131,3732123
yjhF:4520671-4522020:-,yjhF,NC_000913.3,4520670,4522020,-,1350,Supplementary Table 1,58,MG1655,4520671,4522020
gadW:3663890-3664618:-,gadW,NC_000913.3,3663889,3664618,-,729,Supplementary Table 1,59,MG1655,3663890,3664618
ydjG:1854991-1855971:-,ydjG,NC_000913.3,1854990,1855971,-,981,Supplementary Table 1,60,MG1655,1854991,1855971
yddA:1577657-1579342:-,yddA,NC_000913.3,1577656,1579342,-,1686,Supplementary Table 1,61,MG1655,1577657,1579342
hchA:2035835-2036686:+,hchA,NC_000913.3,2035834,2036686,+,852,Supplementary Table 1,62,MG1655,2035835,2036686
ycgH:1219601-1222248:+,ycgH,NC_000913.3,1219600,1222248,+,2648,Supplementary Table 1,63,MG1655,1219601,1222248
fimE:4542037-4542633:+,fimE,NC_000913.3,4542036,4542633,+,597,Supplementary Table 1,64,MG1655,4542037,4542633
yjhH:4524105-4525010:-,yjhH,NC_000913.3,4524104,4525010,-,906,Supplementary Table 1,65,MG1655,4524105,4525010
osmC:1556625-1557056:+,osmC,NC_000913.3,1556624,1557056,+,432,Supplementary Table 1,66,MG1655,1556625,1557056
ydfI:1629453-1630913:-,ydfI,NC_000913.3,1629452,1630913,-,1461,Supplementary Table 1,67,MG1655,1629453,1630913
yfdE:2488023-2489168:-,yfdE,NC_000913.3,2488022,2489168,-,1146,Supplementary Table 1,68,MG1655,2488023,2489168
nanS:4536614-4537594:-,nanS,NC_000913.3,4536613,4537594,-,981,Supplementary Table 1,69,MG1655,4536614,4537594
hdeB:3655966-3656292:-,hdeB,NC_000913.3,3655965,3656292,-,327,Supplementary Table 1,70,MG1655,3655966,3656292
phoA:401747-403162:+,phoA,NC_000913.3,401746,403162,+,1416,Supplementary Table 1,71,MG1655,401747,403162
gadE:3658366-3658893:+,gadE,NC_000913.3,3658365,3658893,+,528,Supplementary Table 1,72,MG1655,3658366,3658893
ydeS:1588309-1588839:-,ydeS,NC_000913.3,1588308,1588839,-,531,Supplementary Table 1,73,MG1655,1588309,1588839
fliM:2020087-2021091:+,fliM,NC_000913.3,2020086,2021091,+,1005,Supplementary Table 1,74,MG1655,2020087,2021091
pgaB:1087839-1089857:-,pgaB,NC_000913.3,1087838,1089857,-,2019,Supplementary Table 1,75,MG1655,1087839,1089857
ycdU:1095843-1096829:+,ycdU,NC_000913.3,1095842,1096829,+,987,Supplementary Table 1,76,MG1655,1095843,1096829
ppsR:1787445-1788278:+,ppsR,NC_000913.3,1787444,1788278,+,834,Supplementary Table 1,77,MG1655,1787445,1788278
tdcD:3262452-3263660:-,tdcD,NC_000913.3,3262451,3263660,-,1209,Supplementary Table 1,78,MG1655,3262452,3263660
ydjH:1855981-1856928:-,ydjH,NC_000913.3,1855980,1856928,-,948,Supplementary Table 1,79,MG1655,1855981,1856928
yfdV:2489242-2490186:-,yfdV,NC_000913.3,2489241,2490186,-,945,Supplementary Table 1,80,MG1655,2489242,2490186
tdcF:3259721-3260110:-,tdcF,NC_000913.3,3259720,3260110,-,390,Supplementary Table 1,81,MG1655,3259721,3260110
ecpC:306807-309332:-,ecpC,NC_000913.3,306806,309332,-,2526,Supplementary Table 1,82,MG1655,306807,309332
ybhJ:803503-805764:+,ybhJ,NC_000913.3,803502,805764,+,2262,Supplementary Table 1,83,MG1655,803503,805764
yhjB:3671292-3671894:-,yhjB,NC_000913.3,3671291,3671894,-,603,Supplementary Table 1,84,MG1655,3671292,3671894
ydbD:1475144-1477450:+,ydbD,NC_000913.3,1475143,1477450,+,2307,Supplementary Table 1,85,MG1655,1475144,1477450
cadB:4358697-4360031:-,cadB,NC_000913.3,4358696,4360031,-,1335,Supplementary Table 1,86,MG1655,4358697,4360031
yieL:3899408-3900577:-,yieL,NC_000913.3,3899407,3900577,-,1170,Supplementary Table 1,87,MG1655,3899408,3900577
ydiN:1772512-1773777:+,ydiN,NC_000913.3,1772511,1773777,+,1266,Supplementary Table 1,88,MG1655,1772512,1773777
fliF:2013229-2014887:+,fliF,NC_000913.3,2013228,2014887,+,1659,Supplementary Table 1,89,MG1655,2013229,2014887
flgD:1131854-1132549:+,flgD,NC_000913.3,1131853,1132549,+,696,Supplementary Table 1,90,MG1655,1131854,1132549
yceI:1117901-1118476:-,yceI,NC_000913.3,1117900,1118476,-,576,Supplementary Table 1,91,MG1655,1117901,1118476
dosP:1563334-1565733:-,dosP,NC_000913.3,1563333,1565733,-,2400,Supplementary Table 1,92,MG1655,1563334,1565733
flgF:1133802-1134557:+,flgF,NC_000913.3,1133801,1134557,+,756,Supplementary Table 1,93,MG1655,1133802,1134557
casC:2881051-2882142:-,casC,NC_000913.3,2881050,2882142,-,1092,Supplementary Table 1,94,MG1655,2881051,2882142
yedV:2036794-2038152:-,yedV,NC_000913.3,2036793,2038152,-,1359,Supplementary Table 1,95,MG1655,2036794,2038152
yggS:3095098-3095802:+,yggS,NC_000913.3,3095097,3095802,+,705,Supplementary Table 1,96,MG1655,3095098,3095802
tdcG:3258285-3259649:-,tdcG,NC_000913.3,3258284,3259649,-,1365,Supplementary Table 1,97,MG1655,3258285,3259649
chbF:1817148-1818500:-,chbF,NC_000913.3,1817147,1818500,-,1353,Supplementary Table 1,98,MG1655,1817148,1818500
ypjA:2778146-2782726:-,ypjA,NC_000913.3,2778145,2782726,-,4581,Supplementary Table 1,99,MG1655,2778146,2782726
yagL:293220-293918:-,yagL,NC_000913.3,293219,293918,-,699,Supplementary Table 1,100,MG1655,293220,293918
tqsA:1673913-1674947:+,tqsA,NC_000913.3,1673912,1674947,+,1035,Supplementary Table 1,101,MG1655,1673913,1674947
ybhM:820793-821506:+,ybhM,NC_000913.3,820792,821506,+,714,Supplementary Table 1,102,MG1655,820793,821506
psuK:2258355-2259296:-,psuK,NC_000913.3,2258354,2259296,-,942,Supplementary Table 1,103,MG1655,2258355,2259296
yagU:302991-303605:+,yagU,NC_000913.3,302990,303605,+,615,Supplementary Table 1,104,MG1655,302991,303605
ygeV:3004008-3005786:-,ygeV,NC_000913.3,3004007,3005786,-,1779,Supplementary Table 1,105,MG1655,3004008,3005786
ynbC:1479138-1480895:+,ynbC,NC_000913.3,1479137,1480895,+,1758,Supplementary Table 1,106,MG1655,1479138,1480895
gmd:2127193-2128314:-,gmd,NC_000913.3,2127192,2128314,-,1122,Supplementary Table 1,107,MG1655,2127193,2128314
ybcM:571454-572251:+,ybcM,NC_000913.3,571453,572251,+,798,Supplementary Table 1,108,MG1655,571454,572251
dctR:3654683-3655213:+,dctR,NC_000913.3,3654682,3655213,+,531,Supplementary Table 1,109,MG1655,3654683,3655213
oxc:2490256-2491950:-,oxc,NC_000913.3,2490255,2491950,-,1695,Supplementary Table 1,110,MG1655,2490256,2491950
adiY:4337168-4337929:-,adiY,NC_000913.3,4337167,4337929,-,762,Supplementary Table 1,111,MG1655,4337168,4337929
ygaZ:2809617-2810354:+,ygaZ,NC_000913.3,2809616,2810354,+,738,Supplementary Table 1,112,MG1655,2809617,2810354
tdcC:3263686-3265017:-,tdcC,NC_000913.3,3263685,3265017,-,1332,Supplementary Table 1,113,MG1655,3263686,3265017
yjeJ:4373365-4374234:-,yjeJ,NC_000913.3,4373364,4374234,-,870,Supplementary Table 1,114,MG1655,4373365,4374234
arnA:2368039-2370021:+,arnA,NC_000913.3,2368038,2370021,+,1983,Supplementary Table 1,115,MG1655,2368039,2370021
allB:539147-540508:+,allB,NC_000913.3,539146,540508,+,1362,Supplementary Table 1,116,MG1655,539147,540508
flgG:1134729-1135511:+,flgG,NC_000913.3,1134728,1135511,+,783,Supplementary Table 1,117,MG1655,1134729,1135511
glsA:511641-512573:+,glsA,NC_000913.3,511640,512573,+,933,Supplementary Table 1,118,MG1655,511641,512573
preT:2234033-2235271:+,preT,NC_000913.3,2234032,2235271,+,1239,Supplementary Table 1,119,MG1655,2234033,2235271
ecpB:309358-310026:-,ecpB,NC_000913.3,309357,310026,-,669,Supplementary Table 1,120,MG1655,309358,310026
pgaD:1086106-1086519:-,pgaD,NC_000913.3,1086105,1086519,-,414,Supplementary Table 1,121,MG1655,1086106,1086519
casD:2880374-2881048:-,casD,NC_000913.3,2880373,2881048,-,675,Supplementary Table 1,122,MG1655,2880374,2881048
ydfJ:1652755-1652838:-,ydfJ,NC_000913.3,1652754,1652838,-,84,Supplementary Table 1,123,MG1655,1652755,1652838
ydfJ:1631002-1632285:-,ydfJ,NC_000913.3,1631001,1632285,-,1284,Supplementary Table 1,124,MG1655,1631002,1632285
yjcZ:4329360-4330238:+,yjcZ,NC_000913.3,4329359,4330238,+,879,Supplementary Table 1,125,MG1655,4329360,4330238
arnC:2367071-2368039:+,arnC,NC_000913.3,2367070,2368039,+,969,Supplementary Table 1,126,MG1655,2367071,2368039
yadC:149715-150953:-,yadC,NC_000913.3,149714,150953,-,1239,Supplementary Table 1,127,MG1655,149715,150953
proX:2807132-2808124:+,proX,NC_000913.3,2807131,2808124,+,993,Supplementary Table 1,128,MG1655,2807132,2808124
gatD:2171833-2172873:-,gatD,NC_000913.3,2171832,2172873,-,1041,Supplementary Table 1,129,MG1655,2171833,2172873
wcaG:2126225-2127190:-,wcaG,NC_000913.3,2126224,2127190,-,966,Supplementary Table 1,130,MG1655,2126225,2127190
etk:1042030-1044210:-,etk,NC_000913.3,1042029,1044210,-,2181,Supplementary Table 1,131,MG1655,1042030,1044210
ynbB:1478226-1479122:+,ynbB,NC_000913.3,1478225,1479122,+,897,Supplementary Table 1,132,MG1655,1478226,1479122
yadL:151626-152231:-,yadL,NC_000913.3,151625,152231,-,606,Supplementary Table 1,133,MG1655,151626,152231
gatC:2172921-2174278:-,gatC,NC_000913.3,2172920,2174278,-,1358,Supplementary Table 1,134,MG1655,2172921,2174278
yiaV:3752963-3754099:-,yiaV,NC_000913.3,3752962,3754099,-,1137,Supplementary Table 1,135,MG1655,3752963,3754099
gfcD:1045849-1047945:-,gfcD,NC_000913.3,1045848,1047945,-,2097,Supplementary Table 1,136,MG1655,1045849,1047945
ompG:1381947-1382852:+,ompG,NC_000913.3,1381946,1382852,+,906,Supplementary Table 1,137,MG1655,1381947,1382852
appA:1040617-1041915:+,appA,NC_000913.3,1040616,1041915,+,1299,Supplementary Table 1,138,MG1655,1040617,1041915
hdhA:1697273-1698040:-,hdhA,NC_000913.3,1697272,1698040,-,768,Supplementary Table 1,139,MG1655,1697273,1698040
ycdT:1092876-1094234:+,ycdT,NC_000913.3,1092875,1094234,+,1359,Supplementary Table 1,140,MG1655,1092876,1094234
cadC:4360396-4361934:-,cadC,NC_000913.3,4360395,4361934,-,1539,Supplementary Table 1,141,MG1655,4360396,4361934
sfmD:559697-562300:+,sfmD,NC_000913.3,559696,562300,+,2604,Supplementary Table 1,142,MG1655,559697,562300
yadN:156299-156883:-,yadN,NC_000913.3,156298,156883,-,585,Supplementary Table 1,143,MG1655,156299,156883
cadA:4356470-4358617:-,cadA,NC_000913.3,4356469,4358617,-,2148,Supplementary Table 1,144,MG1655,4356470,4358617
ybfG:715947-716597:-,ybfG,NC_000913.3,715946,716597,-,651,Supplementary Table 1,145,MG1655,715947,716597
yieK:3898671-3899393:-,yieK,NC_000913.3,3898670,3899393,-,723,Supplementary Table 1,146,MG1655,3898671,3899393
waaH:3789047-3790081:-,waaH,NC_000913.3,3789046,3790081,-,1035,Supplementary Table 1,147,MG1655,3789047,3790081
nanA:3372683-3373576:-,nanA,NC_000913.3,3372682,3373576,-,894,Supplementary Table 1,148,MG1655,3372683,3373576
yhiM:3634841-3635893:+,yhiM,NC_000913.3,3634840,3635893,+,1053,Supplementary Table 1,149,MG1655,3634841,3635893
dosC:1565758-1567140:-,dosC,NC_000913.3,1565757,1567140,-,1383,Supplementary Table 1,150,MG1655,1565758,1567140
fliL:2019618-2020082:+,fliL,NC_000913.3,2019617,2020082,+,465,Supplementary Table 1,151,MG1655,2019618,2020082
yciE:1314718-1315224:-,yciE,NC_000913.3,1314717,1315224,-,507,Supplementary Table 1,152,MG1655,1314718,1315224
psuT:2256085-2257335:-,psuT,NC_000913.3,2256084,2257335,-,1251,Supplementary Table 1,153,MG1655,2256085,2257335
katE:1813867-1816128:+,katE,NC_000913.3,1813866,1816128,+,2262,Supplementary Table 1,154,MG1655,1813867,1816128
yihQ:4067240-4069276:-,yihQ,NC_000913.3,4067239,4069276,-,2037,Supplementary Table 1,155,MG1655,4067240,4069276
yaiS:384059-384616:-,yaiS,NC_000913.3,384058,384616,-,558,Supplementary Table 1,156,MG1655,384059,384616
ydjJ:1857790-1858833:-,ydjJ,NC_000913.3,1857789,1858833,-,1044,Supplementary Table 1,157,MG1655,1857790,1858833
emrY:2480638-2482176:-,emrY,NC_000913.3,2480637,2482176,-,1539,Supplementary Table 1,158,MG1655,2480638,2482176
glxR:536586-537464:+,glxR,NC_000913.3,536585,537464,+,879,Supplementary Table 1,159,MG1655,536586,537464
malP:3550080-3552473:-,malP,NC_000913.3,3550079,3552473,-,2394,Supplementary Table 1,160,MG1655,3550080,3552473
ais:2365018-2365620:-,ais,NC_000913.3,2365017,2365620,-,603,Supplementary Table 1,161,MG1655,2365018,2365620
flgB:1131018-1131434:+,flgB,NC_000913.3,1131017,1131434,+,417,Supplementary Table 1,162,MG1655,1131018,1131434
ynaI:1394891-1395922:-,ynaI,NC_000913.3,1394890,1395922,-,1032,Supplementary Table 1,163,MG1655,1394891,1395922
alaA:2407561-2408778:+,alaA,NC_000913.3,2407560,2408778,+,1218,Supplementary Table 1,164,MG1655,2407561,2408778
ybhD:799622-800575:-,ybhD,NC_000913.3,799621,800575,-,954,Supplementary Table 1,165,MG1655,799622,800575
yceJ:1118480-1119046:-,yceJ,NC_000913.3,1118479,1119046,-,567,Supplementary Table 1,166,MG1655,1118480,1119046
fliG:2014880-2015875:+,fliG,NC_000913.3,2014879,2015875,+,996,Supplementary Table 1,167,MG1655,2014880,2015875
yqeC:3014287-3015057:-,yqeC,NC_000913.3,3014286,3015057,-,771,Supplementary Table 1,168,MG1655,3014287,3015057
lrhA:2405703-2406641:-,lrhA,NC_000913.3,2405702,2406641,-,939,Supplementary Table 1,169,MG1655,2405703,2406641
ykgB:317726-318319:-,ykgB,NC_000913.3,317725,318319,-,594,Supplementary Table 1,170,MG1655,317726,318319
treF:3669592-3671241:+,treF,NC_000913.3,3669591,3671241,+,1650,Supplementary Table 1,171,MG1655,3669592,3671241
rcsA:2023968-2024591:+,rcsA,NC_000913.3,2023967,2024591,+,624,Supplementary Table 1,172,MG1655,2023968,2024591
flgC:1131438-1131842:+,flgC,NC_000913.3,1131437,1131842,+,405,Supplementary Table 1,173,MG1655,1131438,1131842
ecpR:310746-311336:-,ecpR,NC_000913.3,310745,311336,-,591,Supplementary Table 1,174,MG1655,310746,311336
ydiY:1805325-1806083:-,ydiY,NC_000913.3,1805324,1806083,-,759,Supplementary Table 1,175,MG1655,1805325,1806083
yehP:2207967-2209103:+,yehP,NC_000913.3,2207966,2209103,+,1137,Supplementary Table 1,176,MG1655,2207967,2209103
ubiB:4020226-4021866:+,ubiB,NC_000913.3,4020225,4021866,+,1641,Supplementary Table 1,177,MG1655,4020226,4021866
casE:2879788-2880387:-,casE,NC_000913.3,2879787,2880387,-,600,Supplementary Table 1,178,MG1655,2879788,2880387
ybcL:570893-571444:+,ybcL,NC_000913.3,570892,571444,+,552,Supplementary Table 1,179,MG1655,570893,571444
casA:2882630-2884138:-,casA,NC_000913.3,2882629,2884138,-,1509,Supplementary Table 1,180,MG1655,2882630,2884138
ybjG:882792-883388:-,ybjG,NC_000913.3,882791,883388,-,597,Supplementary Table 1,181,MG1655,882792,883388
rbsA:3933778-3935283:+,rbsA,NC_000913.3,3933777,3935283,+,1506,Supplementary Table 1,182,MG1655,3933778,3935283
yaiP:382739-383935:-,yaiP,NC_000913.3,382738,383935,-,1197,Supplementary Table 1,183,MG1655,382739,383935
ybjL:888134-889819:-,ybjL,NC_000913.3,888133,889819,-,1686,Supplementary Table 1,184,MG1655,888134,889819
yadM:152243-152812:-,yadM,NC_000913.3,152242,152812,-,570,Supplementary Table 1,185,MG1655,152243,152812
mntP:1905688-1906254:+,mntP,NC_000913.3,1905687,1906254,+,567,Supplementary Table 1,186,MG1655,1905688,1906254
yagK:292322-292948:-,yagK,NC_000913.3,292321,292948,-,627,Supplementary Table 1,187,MG1655,292322,292948
ybeF:660425-661378:-,ybeF,NC_000913.3,660424,661378,-,954,Supplementary Table 1,188,MG1655,660425,661378
chbC:1819856-1821214:-,chbC,NC_000913.3,1819855,1821214,-,1359,Supplementary Table 1,189,MG1655,1819856,1821214
yfcV:2455083-2455646:-,yfcV,NC_000913.3,2455082,2455646,-,564,Supplementary Table 1,190,MG1655,2455083,2455646
yihO:4064363-4065766:-,yihO,NC_000913.3,4064362,4065766,-,1404,Supplementary Table 1,191,MG1655,4064363,4065766
pagP:656557-657117:+,pagP,NC_000913.3,656556,657117,+,561,Supplementary Table 1,192,MG1655,656557,657117
gspC:3455578-3456393:+,gspC,NC_000913.3,3455577,3456393,+,816,Supplementary Table 1,193,MG1655,3455578,3456393
fliA:2001070-2001789:-,fliA,NC_000913.3,2001069,2001789,-,720,Supplementary Table 1,194,MG1655,2001070,2001789
solA:1119468-1120586:-,solA,NC_000913.3,1119467,1120586,-,1119,Supplementary Table 1,195,MG1655,1119468,1120586
bcsQ:3695233-3695985:-,bcsQ,NC_000913.3,3695232,3695985,-,753,Supplementary Table 1,196,MG1655,3695233,3695985
ydeO:1582926-1583687:-,ydeO,NC_000913.3,1582925,1583687,-,762,Supplementary Table 1,197,MG1655,1582926,1583687
csgG:1100851-1101684:-,csgG,NC_000913.3,1100850,1101684,-,834,Supplementary Table 1,198,MG1655,1100851,1101684
yggP:3076179-3077456:-,yggP,NC_000913.3,3076178,3077456,-,1278,Supplementary Table 1,199,MG1655,3076179,3077456
ydjE:1852621-1853979:-,ydjE,NC_000913.3,1852620,1853979,-,1359,Supplementary Table 1,200,MG1655,1852621,1853979
mglC:2236743-2237753:-,mglC,NC_000913.3,2236742,2237753,-,1011,Supplementary Table 1,201,MG1655,2236743,2237753
hlyE:1229483-1230394:-,hlyE,NC_000913.3,1229482,1230394,-,912,Supplementary Table 1,202,MG1655,1229483,1230394
recE:1414786-1417386:-,recE,NC_000913.3,1414785,1417386,-,2601,Supplementary Table 1,203,MG1655,1414786,1417386
pflB:951272-953554:-,pflB,NC_000913.3,951271,953554,-,2283,Supplementary Table 1,204,MG1655,951272,953554
lysP:2247063-2248532:-,lysP,NC_000913.3,2247062,2248532,-,1470,Supplementary Table 1,205,MG1655,2247063,2248532
bglH:3900604-3902220:-,bglH,NC_000913.3,3900603,3902220,-,1617,Supplementary Table 1,206,MG1655,3900604,3902220
ybeQ:675570-676547:-,ybeQ,NC_000913.3,675569,676547,-,978,Supplementary Table 1,207,MG1655,675570,676547
tdcB:3265039-3266028:-,tdcB,NC_000913.3,3265038,3266028,-,990,Supplementary Table 1,208,MG1655,3265039,3266028
fepE:618254-619387:+,fepE,NC_000913.3,618253,619387,+,1134,Supplementary Table 1,209,MG1655,618254,619387
sieB:1418671-1419159:+,sieB,NC_000913.3,1418670,1419159,+,489,Supplementary Table 1,210,MG1655,1418671,1419159
casB:2882155-2882637:-,casB,NC_000913.3,2882154,2882637,-,483,Supplementary Table 1,211,MG1655,2882155,2882637
rmuC:4017333-4018760:+,rmuC,NC_000913.3,4017332,4018760,+,1428,Supplementary Table 1,212,MG1655,4017333,4018760
ybhI:801887-803320:+,ybhI,NC_000913.3,801886,803320,+,1434,Supplementary Table 1,213,MG1655,801887,803320
torZ:1954578-1957007:-,torZ,NC_000913.3,1954577,1957007,-,2430,Supplementary Table 1,214,MG1655,1954578,1957007
frc:2492004-2493254:-,frc,NC_000913.3,2492003,2493254,-,1251,Supplementary Table 1,215,MG1655,2492004,2493254
nanM:4537659-4538765:-,nanM,NC_000913.3,4537658,4538765,-,1107,Supplementary Table 1,216,MG1655,4537659,4538765
chbG:1816386-1817135:-,chbG,NC_000913.3,1816385,1817135,-,750,Supplementary Table 1,217,MG1655,1816386,1817135
betI:328747-329334:-,betI,NC_000913.3,328746,329334,-,588,Supplementary Table 1,218,MG1655,328747,329334
fliI:2016554-2017927:+,fliI,NC_000913.3,2016553,2017927,+,1374,Supplementary Table 1,219,MG1655,2016554,2017927
yhfK:3486791-3488893:+,yhfK,NC_000913.3,3486790,3488893,+,2103,Supplementary Table 1,220,MG1655,3486791,3488893
xylG:3732201-3733742:+,xylG,NC_000913.3,3732200,3733742,+,1542,Supplementary Table 1,221,MG1655,3732201,3733742
fimB:4540957-4541559:+,fimB,NC_000913.3,4540956,4541559,+,603,Supplementary Table 1,222,MG1655,4540957,4541559
ykgF:322338-323765:+,ykgF,NC_000913.3,322337,323765,+,1428,Supplementary Table 1,223,MG1655,322338,323765
hisJ:2426006-2426788:-,hisJ,NC_000913.3,2426005,2426788,-,783,Supplementary Table 1,224,MG1655,2426006,2426788
tdcA:3266127-3267065:-,tdcA,NC_000913.3,3266126,3267065,-,939,Supplementary Table 1,225,MG1655,3266127,3267065
qmcA:514856-515773:-,qmcA,NC_000913.3,514855,515773,-,918,Supplementary Table 1,226,MG1655,514856,515773
leuO:84368-85312:+,leuO,NC_000913.3,84367,85312,+,945,Supplementary Table 1,227,MG1655,84368,85312
ykgD:320227-321081:+,ykgD,NC_000913.3,320226,321081,+,855,Supplementary Table 1,228,MG1655,320227,321081
lysA:2977637-2978899:-,lysA,NC_000913.3,2977636,2978899,-,1263,Supplementary Table 1,229,MG1655,2977637,2978899
yqiH:3189881-3190630:+,yqiH,NC_000913.3,3189880,3190630,+,750,Supplementary Table 1,230,MG1655,3189881,3190630
flgA:1130204-1130863:-,flgA,NC_000913.3,1130203,1130863,-,660,Supplementary Table 1,231,MG1655,1130204,1130863
mocA:3015160-3015738:+,mocA,NC_000913.3,3015159,3015738,+,579,Supplementary Table 1,232,MG1655,3015160,3015738
yqiG:3186061-3186089:+,yqiG,NC_000913.3,3186060,3186089,+,29,Supplementary Table 1,233,MG1655,3186061,3186089
yqiG:3187421-3189865:+,yqiG,NC_000913.3,3187420,3189865,+,2445,Supplementary Table 1,234,MG1655,3187421,3189865
yidL:3860283-3861176:+,yidL,NC_000913.3,3860282,3861176,+,894,Supplementary Table 1,235,MG1655,3860283,3861176
yjhE:4506861-4507109:+,yjhE,NC_000913.3,4506860,4507109,+,249,Supplementary Table 1,236,MG1655,4506861,4507109
yihP:4065809-4067194:-,yihP,NC_000913.3,4065808,4067194,-,1386,Supplementary Table 1,237,MG1655,4065809,4067194
yciF:1315270-1315770:-,yciF,NC_000913.3,1315269,1315770,-,501,Supplementary Table 1,238,MG1655,1315270,1315770
bluF:1214264-1215475:-,bluF,NC_000913.3,1214263,1215475,-,1212,Supplementary Table 1,239,MG1655,1214264,1215475
mcrA:1210346-1211179:+,mcrA,NC_000913.3,1210345,1211179,+,834,Supplementary Table 1,240,MG1655,1210346,1211179
alsB:4311107-4312042:-,alsB,NC_000913.3,4311106,4312042,-,936,Supplementary Table 1,241,MG1655,4311107,4312042
preA:2235265-2236500:+,preA,NC_000913.3,2235264,2236500,+,1236,Supplementary Table 1,242,MG1655,2235265,2236500
tamA:4442382-4444115:+,tamA,NC_000913.3,4442381,4444115,+,1734,Supplementary Table 1,243,MG1655,4442382,4444115
yphE:2676850-2678361:-,yphE,NC_000913.3,2676849,2678361,-,1512,Supplementary Table 1,244,MG1655,2676850,2678361
yeeL:2052276-2053328:-,yeeL,NC_000913.3,2052275,2053328,-,1053,Supplementary Table 1,245,MG1655,2052276,2053328
yodB:2042368-2042898:+,yodB,NC_000913.3,2042367,2042898,+,531,Supplementary Table 1,246,MG1655,2042368,2042898
yeiL:2255355-2256014:+,yeiL,NC_000913.3,2255354,2256014,+,660,Supplementary Table 1,247,MG1655,2255355,2256014
ygcU:2897964-2899418:-,ygcU,NC_000913.3,2897963,2899418,-,1455,Supplementary Table 1,248,MG1655,2897964,2899418
yeeS:2076308-2076754:+,yeeS,NC_000913.3,2076307,2076754,+,447,Supplementary Table 1,249,MG1655,2076308,2076754
idnK:4494623-4495186:+,idnK,NC_000913.3,4494622,4495186,+,564,Supplementary Table 1,250,MG1655,4494623,4495186
mcbR:1520262-1520927:+,mcbR,NC_000913.3,1520261,1520927,+,666,Supplementary Table 1,251,MG1655,1520262,1520927
proW:2806010-2807074:+,proW,NC_000913.3,2806009,2807074,+,1065,Supplementary Table 1,252,MG1655,2806010,2807074
leuA:81958-83529:-,leuA,NC_000913.3,81957,83529,-,1572,Supplementary Table 1,253,MG1655,81958,83529
htrE:152829-155426:-,htrE,NC_000913.3,152828,155426,-,2598,Supplementary Table 1,254,MG1655,152829,155426
setC:3836953-3838137:+,setC,NC_000913.3,3836952,3838137,+,1185,Supplementary Table 1,255,MG1655,3836953,3838137
yehQ:2209100-2211100:+,yehQ,NC_000913.3,2209099,2211100,+,2001,Supplementary Table 1,256,MG1655,2209100,2211100
yicO:3842455-3843789:-,yicO,NC_000913.3,3842454,3843789,-,1335,Supplementary Table 1,257,MG1655,3842455,3843789
gatB:2174282-2174566:-,gatB,NC_000913.3,2174281,2174566,-,285,Supplementary Table 1,258,MG1655,2174282,2174566
uidC:1691586-1692851:-,uidC,NC_000913.3,1691585,1692851,-,1266,Supplementary Table 1,259,MG1655,1691586,1692851
aroD:1774686-1775444:+,aroD,NC_000913.3,1774685,1775444,+,759,Supplementary Table 1,260,MG1655,1774686,1775444
agaC:3284685-3285488:+,agaC,NC_000913.3,3284684,3285488,+,804,Supplementary Table 1,261,MG1655,3284685,3285488
proB:260388-261491:+,proB,NC_000913.3,260387,261491,+,1104,Supplementary Table 1,262,MG1655,260388,261491
ydeI:1624105-1624497:-,ydeI,NC_000913.3,1624104,1624497,-,393,Supplementary Table 1,263,MG1655,1624105,1624497
wcaI:2124523-2125746:-,wcaI,NC_000913.3,2124522,2125746,-,1224,Supplementary Table 1,264,MG1655,2124523,2125746
ygbT:2878855-2879772:-,ygbT,NC_000913.3,2878854,2879772,-,918,Supplementary Table 1,265,MG1655,2878855,2879772
ydeH:1622960-1623850:-,ydeH,NC_000913.3,1622959,1623850,-,891,Supplementary Table 1,266,MG1655,1622960,1623850
proA:261503-262756:+,proA,NC_000913.3,261502,262756,+,1254,Supplementary Table 1,267,MG1655,261503,262756
bcsC:3685700-3689173:-,bcsC,NC_000913.3,3685699,3689173,-,3474,Supplementary Table 1,268,MG1655,3685700,3689173
djlC:680212-681663:+,djlC,NC_000913.3,680211,681663,+,1452,Supplementary Table 1,269,MG1655,680212,681663
bssS:1120701-1120955:-,bssS,NC_000913.3,1120700,1120955,-,255,Supplementary Table 1,270,MG1655,1120701,1120955
mppA:1393227-1394840:+,mppA,NC_000913.3,1393226,1394840,+,1614,Supplementary Table 1,271,MG1655,1393227,1394840
gfcC:1047945-1048691:-,gfcC,NC_000913.3,1047944,1048691,-,747,Supplementary Table 1,272,MG1655,1047945,1048691
fixB:43188-44129:+,fixB,NC_000913.3,43187,44129,+,942,Supplementary Table 1,273,MG1655,43188,44129
ydeM:1579633-1580790:-,ydeM,NC_000913.3,1579632,1580790,-,1158,Supplementary Table 1,274,MG1655,1579633,1580790
treC:4463054-4464709:-,treC,NC_000913.3,4463053,4464709,-,1656,Supplementary Table 1,275,MG1655,4463054,4464709
yhdP:3392458-3396258:-,yhdP,NC_000913.3,3392457,3396258,-,3801,Supplementary Table 1,276,MG1655,3392458,3396258
yhcA:3362112-3362786:+,yhcA,NC_000913.3,3362111,3362786,+,675,Supplementary Table 1,277,MG1655,3362112,3362786
lysC:4231884-4233233:-,lysC,NC_000913.3,4231883,4233233,-,1350,Supplementary Table 1,278,MG1655,4231884,4233233
chbR:1818605-1819447:-,chbR,NC_000913.3,1818604,1819447,-,843,Supplementary Table 1,279,MG1655,1818605,1819447
cusB:597479-598702:+,cusB,NC_000913.3,597478,598702,+,1224,Supplementary Table 1,280,MG1655,597479,598702
yadK:151003-151599:-,yadK,NC_000913.3,151002,151599,-,597,Supplementary Table 1,281,MG1655,151003,151599
gfcE:1044664-1045803:-,gfcE,NC_000913.3,1044663,1045803,-,1140,Supplementary Table 1,282,MG1655,1044664,1045803
yjfZ:4426628-4427422:-,yjfZ,NC_000913.3,4426627,4427422,-,795,Supplementary Table 1,283,MG1655,4426628,4427422
flgH:1135564-1136262:+,flgH,NC_000913.3,1135563,1136262,+,699,Supplementary Table 1,284,MG1655,1135564,1136262
ydeJ:1624773-1625291:+,ydeJ,NC_000913.3,1624772,1625291,+,519,Supplementary Table 1,285,MG1655,1624773,1625291
cpsG:2121609-2122979:-,cpsG,NC_000913.3,2121608,2122979,-,1371,Supplementary Table 1,286,MG1655,2121609,2122979
yfbP:2389116-2389964:+,yfbP,NC_000913.3,2389115,2389964,+,849,Supplementary Table 1,287,MG1655,2389116,2389964
lpd:127912-129336:+,lpd,NC_000913.3,127911,129336,+,1425,Supplementary Table 1,288,MG1655,127912,129336
yihF:4044199-4045629:+,yihF,NC_000913.3,4044198,4045629,+,1431,Supplementary Table 1,289,MG1655,4044199,4045629
ribF:21407-22348:+,ribF,NC_000913.3,21406,22348,+,942,Supplementary Table 1,290,MG1655,21407,22348
bcsB:3690268-3692607:-,bcsB,NC_000913.3,3690267,3692607,-,2340,Supplementary Table 1,291,MG1655,3690268,3692607
gnd:2099862-2101268:-,gnd,NC_000913.3,2099861,2101268,-,1407,Supplementary Table 1,292,MG1655,2099862,2101268
uvrY:1994703-1995359:-,uvrY,NC_000913.3,1994702,1995359,-,657,Supplementary Table 1,293,MG1655,1994703,1995359
fliN:2021088-2021501:+,fliN,NC_000913.3,2021087,2021501,+,414,Supplementary Table 1,294,MG1655,2021088,2021501
yahF:336778-338325:+,yahF,NC_000913.3,336777,338325,+,1548,Supplementary Table 1,295,MG1655,336778,338325
ybjM:890089-890466:+,ybjM,NC_000913.3,890088,890466,+,378,Supplementary Table 1,296,MG1655,890089,890466
yadV:155461-156201:-,yadV,NC_000913.3,155460,156201,-,741,Supplementary Table 1,297,MG1655,155461,156201
cpsB:2123084-2124520:-,cpsB,NC_000913.3,2123083,2124520,-,1437,Supplementary Table 1,298,MG1655,2123084,2124520
yihN:4062247-4063512:+,yihN,NC_000913.3,4062246,4063512,+,1266,Supplementary Table 1,299,MG1655,4062247,4063512
yjhI:4525015-4525803:-,yjhI,NC_000913.3,4525014,4525803,-,789,Supplementary Table 1,300,MG1655,4525015,4525803
sfmH:562336-563319:+,sfmH,NC_000913.3,562335,563319,+,984,Supplementary Table 1,301,MG1655,562336,563319
maeA:1553972-1555669:-,maeA,NC_000913.3,1553971,1555669,-,1698,Supplementary Table 1,302,MG1655,1553972,1555669
fliK:2018386-2019513:+,fliK,NC_000913.3,2018385,2019513,+,1128,Supplementary Table 1,303,MG1655,2018386,2019513
maa:479367-479918:-,maa,NC_000913.3,479366,479918,-,552,Supplementary Table 1,304,MG1655,479367,479918
yjeN:4385393-4385707:+,yjeN,NC_000913.3,4385392,4385707,+,315,Supplementary Table 1,305,MG1655,4385393,4385707
yehH:2196474-2200269:+,yehH,NC_000913.3,2196473,2200269,+,3796,Supplementary Table 1,306,MG1655,2196474,2200269
xylA:3729443-3730765:-,xylA,NC_000913.3,3729442,3730765,-,1323,Supplementary Table 1,307,MG1655,3729443,3730765
ycjN:1371909-1373201:+,ycjN,NC_000913.3,1371908,1373201,+,1293,Supplementary Table 1,308,MG1655,1371909,1373201
csgD:1102546-1103196:-,csgD,NC_000913.3,1102545,1103196,-,651,Supplementary Table 1,309,MG1655,1102546,1103196
ybhH:800759-801811:+,ybhH,NC_000913.3,800758,801811,+,1053,Supplementary Table 1,310,MG1655,800759,801811
ndh:1166085-1167389:+,ndh,NC_000913.3,1166084,1167389,+,1305,Supplementary Table 1,311,MG1655,1166085,1167389
ydfE:1650078-1650842:+,ydfE,NC_000913.3,1650077,1650842,+,765,Supplementary Table 1,312,MG1655,1650078,1650842
ydiV:1791307-1792020:-,ydiV,NC_000913.3,1791306,1792020,-,714,Supplementary Table 1,313,MG1655,1791307,1792020
yedY:2039478-2040482:+,yedY,NC_000913.3,2039477,2040482,+,1005,Supplementary Table 1,314,MG1655,2039478,2040482
leuB:80867-81958:-,leuB,NC_000913.3,80866,81958,-,1092,Supplementary Table 1,315,MG1655,80867,81958
betA:325577-327247:-,betA,NC_000913.3,325576,327247,-,1671,Supplementary Table 1,316,MG1655,325577,327247
recT:1413984-1414793:-,recT,NC_000913.3,1413983,1414793,-,810,Supplementary Table 1,317,MG1655,1413984,1414793
yahL:344176-344991:+,yahL,NC_000913.3,344175,344991,+,816,Supplementary Table 1,318,MG1655,344176,344991
yjfJ:4410553-4411251:+,yjfJ,NC_000913.3,4410552,4411251,+,699,Supplementary Table 1,319,MG1655,4410553,4411251
dapE:2591607-2592734:+,dapE,NC_000913.3,2591606,2592734,+,1128,Supplementary Table 1,320,MG1655,2591607,2592734
mscS:3068947-3069807:-,mscS,NC_000913.3,3068946,3069807,-,861,Supplementary Table 1,321,MG1655,3068947,3069807
yibJ:3767221-3768165:+,yibJ,NC_000913.3,3767220,3768165,+,945,Supplementary Table 1,322,MG1655,3767221,3768165
fliH:2015868-2016554:+,fliH,NC_000913.3,2015867,2016554,+,687,Supplementary Table 1,323,MG1655,2015868,2016554
speA:3083935-3085911:-,speA,NC_000913.3,3083934,3085911,-,1977,Supplementary Table 1,324,MG1655,3083935,3085911
flhB:1965043-1966191:-,flhB,NC_000913.3,1965042,1966191,-,1149,Supplementary Table 1,325,MG1655,1965043,1966191
yedW:2038152-2038823:-,yedW,NC_000913.3,2038151,2038823,-,672,Supplementary Table 1,326,MG1655,2038152,2038823
isrC:2071315-2071518:+,isrC,NC_000913.3,2071314,2071518,+,204,Supplementary Table 1,327,MG1655,2071315,2071518
agaD:3285478-3286269:+,agaD,NC_000913.3,3285477,3286269,+,792,Supplementary Table 1,328,MG1655,3285478,3286269
glxK:541888-543033:+,glxK,NC_000913.3,541887,543033,+,1146,Supplementary Table 1,329,MG1655,541888,543033
treA:1245679-1247376:-,treA,NC_000913.3,1245678,1247376,-,1698,Supplementary Table 1,330,MG1655,1245679,1247376
ykgC:318676-320001:-,ykgC,NC_000913.3,318675,320001,-,1326,Supplementary Table 1,331,MG1655,318676,320001
ycaM:947229-948659:+,ycaM,NC_000913.3,947228,948659,+,1431,Supplementary Table 1,332,MG1655,947229,948659
wzc:2133490-2135652:-,wzc,NC_000913.3,2133489,2135652,-,2163,Supplementary Table 1,333,MG1655,2133490,2135652
yjfM:4412387-4413025:+,yjfM,NC_000913.3,4412386,4413025,+,639,Supplementary Table 1,334,MG1655,4412387,4413025
yjcS:4304612-4306597:-,yjcS,NC_000913.3,4304611,4306597,-,1986,Supplementary Table 1,335,MG1655,4304612,4306597
ykiA:408609-408950:+,ykiA,NC_000913.3,408608,408950,+,342,Supplementary Table 1,336,MG1655,408609,408950
ybjE:913958-914857:-,ybjE,NC_000913.3,913957,914857,-,900,Supplementary Table 1,337,MG1655,913958,914857
artP:903006-903734:-,artP,NC_000913.3,903005,903734,-,729,Supplementary Table 1,338,MG1655,903006,903734
uspD:4113293-4113721:+,uspD,NC_000913.3,4113292,4113721,+,429,Supplementary Table 1,339,MG1655,4113293,4113721
hflX:4400672-4401952:+,hflX,NC_000913.3,4400671,4401952,+,1281,Supplementary Table 1,340,MG1655,4400672,4401952
ydeA:1617028-1618218:+,ydeA,NC_000913.3,1617027,1618218,+,1191,Supplementary Table 1,341,MG1655,1617028,1618218
yfcU:2452356-2455001:-,yfcU,NC_000913.3,2452355,2455001,-,2646,Supplementary Table 1,342,MG1655,2452356,2455001
ydiM:1771071-1772285:+,ydiM,NC_000913.3,1771070,1772285,+,1215,Supplementary Table 1,343,MG1655,1771071,1772285
yiaO:3746094-3747080:+,yiaO,NC_000913.3,3746093,3747080,+,987,Supplementary Table 1,344,MG1655,3746094,3747080
cnu:1704949-1705164:+,cnu,NC_000913.3,1704948,1705164,+,216,Supplementary Table 1,345,MG1655,1704949,1705164
ybbM:516583-517362:+,ybbM,NC_000913.3,516582,517362,+,780,Supplementary Table 1,346,MG1655,516583,517362
trmL:3781215-3781688:+,trmL,NC_000913.3,3781214,3781688,+,474,Supplementary Table 1,347,MG1655,3781215,3781688
ompL:4063603-4064295:-,ompL,NC_000913.3,4063602,4064295,-,693,Supplementary Table 1,348,MG1655,4063603,4064295
yehB:2188430-2190910:-,yehB,NC_000913.3,2188429,2190910,-,2481,Supplementary Table 1,349,MG1655,2188430,2190910
epd:3072672-3073691:-,epd,NC_000913.3,3072671,3073691,-,1020,Supplementary Table 1,350,MG1655,3072672,3073691
csgF:1101711-1102127:-,csgF,NC_000913.3,1101710,1102127,-,417,Supplementary Table 1,351,MG1655,1101711,1102127
etp:1044230-1044676:-,etp,NC_000913.3,1044229,1044676,-,447,Supplementary Table 1,352,MG1655,1044230,1044676
rihB:2254245-2255186:-,rihB,NC_000913.3,2254244,2255186,-,942,Supplementary Table 1,353,MG1655,2254245,2255186
yhjX:3710799-3712007:-,yhjX,NC_000913.3,3710798,3712007,-,1209,Supplementary Table 1,354,MG1655,3710799,3712007
idnD:4493375-4494406:-,idnD,NC_000913.3,4493374,4494406,-,1032,Supplementary Table 1,355,MG1655,4493375,4494406
insO:4507197-4507451:+,insO,NC_000913.3,4507196,4507451,+,255,Supplementary Table 1,356,MG1655,4507197,4507451
insO:4509009-4509793:+,insO,NC_000913.3,4509008,4509793,+,785,Supplementary Table 1,357,MG1655,4509009,4509793
bcsA:3692618-3695236:-,bcsA,NC_000913.3,3692617,3695236,-,2619,Supplementary Table 1,358,MG1655,3692618,3695236
yjjP:4602088-4602858:-,yjjP,NC_000913.3,4602087,4602858,-,771,Supplementary Table 1,359,MG1655,4602088,4602858
bdm:1556065-1556280:-,bdm,NC_000913.3,1556064,1556280,-,216,Supplementary Table 1,360,MG1655,1556065,1556280
ybaT:512576-513868:+,ybaT,NC_000913.3,512575,513868,+,1293,Supplementary Table 1,361,MG1655,512576,513868
nanC:4538785-4539501:-,nanC,NC_000913.3,4538784,4539501,-,717,Supplementary Table 1,362,MG1655,4538785,4539501
ybcW:579880-580086:+,ybcW,NC_000913.3,579879,580086,+,207,Supplementary Table 1,363,MG1655,579880,580086
ftnA:1988716-1989213:+,ftnA,NC_000913.3,1988715,1989213,+,498,Supplementary Table 1,364,MG1655,1988716,1989213
torY:1957032-1958132:-,torY,NC_000913.3,1957031,1958132,-,1101,Supplementary Table 1,365,MG1655,1957032,1958132
yihM:4061165-4062145:+,yihM,NC_000913.3,4061164,4062145,+,981,Supplementary Table 1,366,MG1655,4061165,4062145
yphF:2678384-2679367:-,yphF,NC_000913.3,2678383,2679367,-,984,Supplementary Table 1,367,MG1655,2678384,2679367
yqiI:3190632-3191696:+,yqiI,NC_000913.3,3190631,3191696,+,1065,Supplementary Table 1,368,MG1655,3190632,3191696
nupG:3105714-3106970:+,nupG,NC_000913.3,3105713,3106970,+,1257,Supplementary Table 1,369,MG1655,3105714,3106970
yedZ:2040483-2041118:+,yedZ,NC_000913.3,2040482,2041118,+,636,Supplementary Table 1,370,MG1655,2040483,2041118
yjeO:4385704-4386018:+,yjeO,NC_000913.3,4385703,4386018,+,315,Supplementary Table 1,371,MG1655,4385704,4386018
uvrC:1992874-1994706:-,uvrC,NC_000913.3,1992873,1994706,-,1833,Supplementary Table 1,372,MG1655,1992874,1994706
djlB:677415-678842:+,djlB,NC_000913.3,677414,678842,+,1428,Supplementary Table 1,373,MG1655,677415,678842
gadX:3664986-3665810:-,gadX,NC_000913.3,3664985,3665810,-,825,Supplementary Table 1,374,MG1655,3664986,3665810
alsA:4309448-4310980:-,alsA,NC_000913.3,4309447,4310980,-,1533,Supplementary Table 1,375,MG1655,4309448,4310980
yiiG:4087002-4088057:+,yiiG,NC_000913.3,4087001,4088057,+,1056,Supplementary Table 1,376,MG1655,4087002,4088057
hsdR:4583249-4586761:-,hsdR,NC_000913.3,4583248,4586761,-,3513,Supplementary Table 1,377,MG1655,4583249,4586761
elfA:997868-998407:+,elfA,NC_000913.3,997867,998407,+,540,Supplementary Table 1,378,MG1655,997868,998407
yfdQ:2474032-2474856:+,yfdQ,NC_000913.3,2474031,2474856,+,825,Supplementary Table 1,379,MG1655,2474032,2474856
amiB:4396065-4397402:+,amiB,NC_000913.3,4396064,4397402,+,1338,Supplementary Table 1,380,MG1655,4396065,4397402
garD:3275282-3276853:+,garD,NC_000913.3,3275281,3276853,+,1572,Supplementary Table 1,381,MG1655,3275282,3276853
glpK:4115714-4117222:-,glpK,NC_000913.3,4115713,4117222,-,1509,Supplementary Table 1,382,MG1655,4115714,4117222
aceE:123017-125680:+,aceE,NC_000913.3,123016,125680,+,2664,Supplementary Table 1,383,MG1655,123017,125680
ydhV:1751728-1753830:-,ydhV,NC_000913.3,1751727,1753830,-,2103,Supplementary Table 1,384,MG1655,1751728,1753830
yoeG:2067360-2067892:-,yoeG,NC_000913.3,2067359,2067892,-,533,Supplementary Table 1,385,MG1655,2067360,2067892
flgI:1136274-1137371:+,flgI,NC_000913.3,1136273,1137371,+,1098,Supplementary Table 1,386,MG1655,1136274,1137371
ynjI:1843831-1844871:-,ynjI,NC_000913.3,1843830,1844871,-,1041,Supplementary Table 1,387,MG1655,1843831,1844871
mscK:486536-489898:+,mscK,NC_000913.3,486535,489898,+,3363,Supplementary Table 1,388,MG1655,486536,489898
yrfG:3528669-3529337:+,yrfG,NC_000913.3,3528668,3529337,+,669,Supplementary Table 1,389,MG1655,3528669,3529337
flgK:1138378-1140021:+,flgK,NC_000913.3,1138377,1140021,+,1644,Supplementary Table 1,390,MG1655,1138378,1140021
potD:1181783-1182829:-,potD,NC_000913.3,1181782,1182829,-,1047,Supplementary Table 1,391,MG1655,1181783,1182829
yaaH:9928-10494:-,yaaH,NC_000913.3,9927,10494,-,567,Supplementary Table 1,392,MG1655,9928,10494
yjfC:4413028-4414191:+,yjfC,NC_000913.3,4413027,4414191,+,1164,Supplementary Table 1,393,MG1655,4413028,4414191
arcA:4639590-4640306:-,arcA,NC_000913.3,4639589,4640306,-,717,Supplementary Table 1,394,MG1655,4639590,4640306
ynaA:1426454-1427386:+,ynaA,NC_000913.3,1426453,1427386,+,933,Supplementary Table 1,395,MG1655,1426454,1427386
lacY:361926-363179:-,lacY,NC_000913.3,361925,363179,-,1254,Supplementary Table 1,396,MG1655,361926,363179
hisQ:2425230-2425916:-,hisQ,NC_000913.3,2425229,2425916,-,687,Supplementary Table 1,397,MG1655,2425230,2425916
dacC:880727-881929:+,dacC,NC_000913.3,880726,881929,+,1203,Supplementary Table 1,398,MG1655,880727,881929
yegZ:2167602-2167814:-,yegZ,NC_000913.3,2167601,2167814,-,213,Supplementary Table 1,399,MG1655,2167602,2167814
yegR:2167989-2168306:-,yegR,NC_000913.3,2167988,2168306,-,318,Supplementary Table 1,400,MG1655,2167989,2168306
yjiT:4572414-4573916:+,yjiT,NC_000913.3,4572413,4573916,+,1503,Supplementary Table 1,401,MG1655,4572414,4573916
yfbL:2385860-2386831:+,yfbL,NC_000913.3,2385859,2386831,+,972,Supplementary Table 1,402,MG1655,2385860,2386831
gspE:3458339-3459820:+,gspE,NC_000913.3,3458338,3459820,+,1482,Supplementary Table 1,403,MG1655,3458339,3459820
yjaH:4200566-4201261:+,yjaH,NC_000913.3,4200565,4201261,+,696,Supplementary Table 1,404,MG1655,4200566,4201261
ydgK:1705250-1705690:+,ydgK,NC_000913.3,1705249,1705690,+,441,Supplementary Table 1,405,MG1655,1705250,1705690
yaiO:380069-380842:-,yaiO,NC_000913.3,380068,380842,-,774,Supplementary Table 1,406,MG1655,380069,380842
fixA:42403-43173:+,fixA,NC_000913.3,42402,43173,+,771,Supplementary Table 1,407,MG1655,42403,43173
uspG:641439-641867:-,uspG,NC_000913.3,641438,641867,-,429,Supplementary Table 1,408,MG1655,641439,641867
borD:578600-578893:-,borD,NC_000913.3,578599,578893,-,294,Supplementary Table 1,409,MG1655,578600,578893
yhjK:3683630-3685618:-,yhjK,NC_000913.3,3683629,3685618,-,1989,Supplementary Table 1,410,MG1655,3683630,3685618
ykgG:323758-324453:+,ykgG,NC_000913.3,323757,324453,+,696,Supplementary Table 1,411,MG1655,323758,324453
yegI:2149039-2150985:-,yegI,NC_000913.3,2149038,2150985,-,1947,Supplementary Table 1,412,MG1655,2149039,2150985
fliP:2021869-2022606:+,fliP,NC_000913.3,2021868,2022606,+,738,Supplementary Table 1,413,MG1655,2021869,2022606
pntA:1676371-1677903:-,pntA,NC_000913.3,1676370,1677903,-,1533,Supplementary Table 1,414,MG1655,1676371,1677903
yqiK:3192864-3194525:+,yqiK,NC_000913.3,3192863,3194525,+,1662,Supplementary Table 1,415,MG1655,3192864,3194525
osmY:4611396-4612001:+,osmY,NC_000913.3,4611395,4612001,+,606,Supplementary Table 1,416,MG1655,4611396,4612001
yggU:3096383-3096673:+,yggU,NC_000913.3,3096382,3096673,+,291,Supplementary Table 1,417,MG1655,3096383,3096673
idnO:4492587-4493351:-,idnO,NC_000913.3,4492586,4493351,-,765,Supplementary Table 1,418,MG1655,4492587,4493351
ypfN:2592762-2592962:+,ypfN,NC_000913.3,2592761,2592962,+,201,Supplementary Table 1,419,MG1655,2592762,2592962
yiiS:4112967-4113266:+,yiiS,NC_000913.3,4112966,4113266,+,300,Supplementary Table 1,420,MG1655,4112967,4113266
yjjM:4594937-4595851:-,yjjM,NC_000913.3,4594936,4595851,-,915,Supplementary Table 1,421,MG1655,4594937,4595851
emrK:2482176-2483339:-,emrK,NC_000913.3,2482175,2483339,-,1164,Supplementary Table 1,422,MG1655,2482176,2483339
ypjC:2783638-2785011:-,ypjC,NC_000913.3,2783637,2785011,-,1374,Supplementary Table 1,423,MG1655,2783638,2785011
ydgI:1679557-1680939:+,ydgI,NC_000913.3,1679556,1680939,+,1383,Supplementary Table 1,424,MG1655,1679557,1680939
zapC:1005952-1006494:+,zapC,NC_000913.3,1005951,1006494,+,543,Supplementary Table 1,425,MG1655,1005952,1006494
ispH:26277-27227:+,ispH,NC_000913.3,26276,27227,+,951,Supplementary Table 1,426,MG1655,26277,27227
ybfC:735650-736219:+,ybfC,NC_000913.3,735649,736219,+,570,Supplementary Table 1,427,MG1655,735650,736219
yjdO:4352908-4353081:+,yjdO,NC_000913.3,4352907,4353081,+,174,Supplementary Table 1,428,MG1655,4352908,4353081
caiD:35377-36162:-,caiD,NC_000913.3,35376,36162,-,786,Supplementary Table 1,429,MG1655,35377,36162
gcd:138835-141225:-,gcd,NC_000913.3,138834,141225,-,2391,Supplementary Table 1,430,MG1655,138835,141225
cmtA:3077471-3078859:-,cmtA,NC_000913.3,3077470,3078859,-,1389,Supplementary Table 1,431,MG1655,3077471,3078859
yggT:3095820-3096386:+,yggT,NC_000913.3,3095819,3096386,+,567,Supplementary Table 1,432,MG1655,3095820,3096386
wcaH:2125743-2126222:-,wcaH,NC_000913.3,2125742,2126222,-,480,Supplementary Table 1,433,MG1655,2125743,2126222
yjcC:4275471-4277057:+,yjcC,NC_000913.3,4275470,4277057,+,1587,Supplementary Table 1,434,MG1655,4275471,4277057
csgE:1102152-1102541:-,csgE,NC_000913.3,1102151,1102541,-,390,Supplementary Table 1,435,MG1655,1102152,1102541
caiE:34781-35371:-,caiE,NC_000913.3,34780,35371,-,591,Supplementary Table 1,436,MG1655,34781,35371
arnD:2370018-2370908:+,arnD,NC_000913.3,2370017,2370908,+,891,Supplementary Table 1,437,MG1655,2370018,2370908
fliE:2012700-2013014:-,fliE,NC_000913.3,2012699,2013014,-,315,Supplementary Table 1,438,MG1655,2012700,2013014
plsX:1147621-1148691:+,plsX,NC_000913.3,1147620,1148691,+,1071,Supplementary Table 1,439,MG1655,1147621,1148691
tsaE:4395585-4396046:+,tsaE,NC_000913.3,4395584,4396046,+,462,Supplementary Table 1,440,MG1655,4395585,4396046
yeaJ:1872041-1873531:+,yeaJ,NC_000913.3,1872040,1873531,+,1491,Supplementary Table 1,441,MG1655,1872041,1873531
fecB:4513406-4514308:-,fecB,NC_000913.3,4513405,4514308,-,903,Supplementary Table 1,442,MG1655,4513406,4514308
opgB:4597150-4599441:-,opgB,NC_000913.3,4597149,4599441,-,2292,Supplementary Table 1,443,MG1655,4597150,4599441
eptB:3708784-3710475:-,eptB,NC_000913.3,3708783,3710475,-,1692,Supplementary Table 1,444,MG1655,3708784,3710475
ygfT:3029012-3030931:-,ygfT,NC_000913.3,3029011,3030931,-,1920,Supplementary Table 1,445,MG1655,3029012,3030931
recF:3880148-3881221:-,recF,NC_000913.3,3880147,3881221,-,1074,Supplementary Table 1,446,MG1655,3880148,3881221
fhlA:2854338-2856416:+,fhlA,NC_000913.3,2854337,2856416,+,2079,Supplementary Table 1,447,MG1655,2854338,2856416
yeaI:1870385-1871860:+,yeaI,NC_000913.3,1870384,1871860,+,1476,Supplementary Table 1,448,MG1655,1870385,1871860
cydB:773042-774181:+,cydB,NC_000913.3,773041,774181,+,1140,Supplementary Table 1,449,MG1655,773042,774181
bcsZ:3689155-3690261:-,bcsZ,NC_000913.3,3689154,3690261,-,1107,Supplementary Table 1,450,MG1655,3689155,3690261
deoR:881976-882734:-,deoR,NC_000913.3,881975,882734,-,759,Supplementary Table 1,451,MG1655,881976,882734
yegS:2168712-2169611:+,yegS,NC_000913.3,2168711,2169611,+,900,Supplementary Table 1,452,MG1655,2168712,2169611
ygcB:2884553-2887219:-,ygcB,NC_000913.3,2884552,2887219,-,2667,Supplementary Table 1,453,MG1655,2884553,2887219
ykgE:321608-322327:+,ykgE,NC_000913.3,321607,322327,+,720,Supplementary Table 1,454,MG1655,321608,322327
nusB:435137-435556:+,nusB,NC_000913.3,435136,435556,+,420,Supplementary Table 1,455,MG1655,435137,435556
yedJ:2032384-2033079:-,yedJ,NC_000913.3,2032383,2033079,-,696,Supplementary Table 1,456,MG1655,2032384,2033079
flhA:1962972-1965050:-,flhA,NC_000913.3,1962971,1965050,-,2079,Supplementary Table 1,457,MG1655,1962972,1965050
potF:893784-894896:+,potF,NC_000913.3,893783,894896,+,1113,Supplementary Table 1,458,MG1655,893784,894896
pdhR:122092-122856:+,pdhR,NC_000913.3,122091,122856,+,765,Supplementary Table 1,459,MG1655,122092,122856
rimI:4608185-4608631:+,rimI,NC_000913.3,4608184,4608631,+,447,Supplementary Table 1,460,MG1655,4608185,4608631
gspA:3453929-3455398:-,gspA,NC_000913.3,3453928,3455398,-,1470,Supplementary Table 1,461,MG1655,3453929,3455398
yahG:338325-339743:+,yahG,NC_000913.3,338324,339743,+,1419,Supplementary Table 1,462,MG1655,338325,339743
rhsD:523261-527541:+,rhsD,NC_000913.3,523260,527541,+,4281,Supplementary Table 1,463,MG1655,523261,527541
yoeH:2068261-2068419:-,yoeH,NC_000913.3,2068260,2068419,-,159,Supplementary Table 1,464,MG1655,2068261,2068419
yfiN:2742383-2743609:+,yfiN,NC_000913.3,2742382,2743609,+,1227,Supplementary Table 1,465,MG1655,2742383,2743609
cydA:771458-773026:+,cydA,NC_000913.3,771457,773026,+,1569,Supplementary Table 1,466,MG1655,771458,773026
mutL:4397412-4399259:+,mutL,NC_000913.3,4397411,4399259,+,1848,Supplementary Table 1,467,MG1655,4397412,4399259
agaB:3284170-3284646:+,agaB,NC_000913.3,3284169,3284646,+,477,Supplementary Table 1,468,MG1655,3284170,3284646
ydcC:1531816-1532952:+,ydcC,NC_000913.3,1531815,1532952,+,1137,Supplementary Table 1,469,MG1655,1531816,1532952
yghS:3133244-3133957:-,yghS,NC_000913.3,3133243,3133957,-,714,Supplementary Table 1,470,MG1655,3133244,3133957
nfrB:590941-593178:-,nfrB,NC_000913.3,590940,593178,-,2238,Supplementary Table 1,471,MG1655,590941,593178
yggF:3075217-3076182:-,yggF,NC_000913.3,3075216,3076182,-,966,Supplementary Table 1,472,MG1655,3075217,3076182
xerD:3038847-3039743:-,xerD,NC_000913.3,3038846,3039743,-,897,Supplementary Table 1,473,MG1655,3038847,3039743
ydeN:1580842-1582524:-,ydeN,NC_000913.3,1580841,1582524,-,1683,Supplementary Table 1,474,MG1655,1580842,1582524
xylE:4240779-4242254:-,xylE,NC_000913.3,4240778,4242254,-,1476,Supplementary Table 1,475,MG1655,4240779,4242254
yiaR:3749232-3750092:+,yiaR,NC_000913.3,3749231,3750092,+,861,Supplementary Table 1,476,MG1655,3749232,3750092
spy:1825140-1825625:-,spy,NC_000913.3,1825139,1825625,-,486,Supplementary Table 1,477,MG1655,1825140,1825625
yfdK:2471077-2471517:-,yfdK,NC_000913.3,2471076,2471517,-,441,Supplementary Table 1,478,MG1655,2471077,2471517
cspA:3720049-3720261:+,cspA,NC_000913.3,3720048,3720261,+,213,Supplementary Table 1,479,MG1655,3720049,3720261
wcaE:2128904-2129650:-,wcaE,NC_000913.3,2128903,2129650,-,747,Supplementary Table 1,480,MG1655,2128904,2129650
pstS:3910485-3911525:-,pstS,NC_000913.3,3910484,3911525,-,1041,Supplementary Table 1,481,MG1655,3910485,3911525
csiE:2665435-2666715:+,csiE,NC_000913.3,2665434,2666715,+,1281,Supplementary Table 1,482,MG1655,2665435,2666715
ygaH:2810344-2810679:+,ygaH,NC_000913.3,2810343,2810679,+,336,Supplementary Table 1,483,MG1655,2810344,2810679
mqo:2305108-2306754:-,mqo,NC_000913.3,2305107,2306754,-,1647,Supplementary Table 1,484,MG1655,2305108,2306754
allC:544057-545292:-,allC,NC_000913.3,544056,545292,-,1236,Supplementary Table 1,485,MG1655,544057,545292
yejO:2290114-2290180:-,yejO,NC_000913.3,2290113,2290180,-,67,Supplementary Table 1,486,MG1655,2290114,2290180
yejO:2286390-2288914:-,yejO,NC_000913.3,2286389,2288914,-,2525,Supplementary Table 1,487,MG1655,2286390,2288914
ydgJ:1703268-1704308:-,ydgJ,NC_000913.3,1703267,1704308,-,1041,Supplementary Table 1,488,MG1655,1703268,1704308
artI:902257-902988:-,artI,NC_000913.3,902256,902988,-,732,Supplementary Table 1,489,MG1655,902257,902988
yjhD:4506626-4506856:-,yjhD,NC_000913.3,4506625,4506856,-,231,Supplementary Table 1,490,MG1655,4506626,4506856
mdfA:883673-884905:+,mdfA,NC_000913.3,883672,884905,+,1233,Supplementary Table 1,491,MG1655,883673,884905
fliZ:2000473-2001024:-,fliZ,NC_000913.3,2000472,2001024,-,552,Supplementary Table 1,492,MG1655,2000473,2001024
nlpC:1792267-1792731:-,nlpC,NC_000913.3,1792266,1792731,-,465,Supplementary Table 1,493,MG1655,1792267,1792731
yjjQ:4603477-4604202:+,yjjQ,NC_000913.3,4603476,4604202,+,726,Supplementary Table 1,494,MG1655,4603477,4604202
dps:848408-848911:-,dps,NC_000913.3,848407,848911,-,504,Supplementary Table 1,495,MG1655,848408,848911
yfeN:2525127-2525891:+,yfeN,NC_000913.3,2525126,2525891,+,765,Supplementary Table 1,496,MG1655,2525127,2525891
flgJ:1137371-1138312:+,flgJ,NC_000913.3,1137370,1138312,+,942,Supplementary Table 1,497,MG1655,1137371,1138312
mdtK:1743457-1744830:+,mdtK,NC_000913.3,1743456,1744830,+,1374,Supplementary Table 1,498,MG1655,1743457,1744830
ftnB:1986925-1987428:+,ftnB,NC_000913.3,1986924,1987428,+,504,Supplementary Table 1,499,MG1655,1986925,1987428
ybcV:579184-579594:-,ybcV,NC_000913.3,579183,579594,-,411,Supplementary Table 1,500,MG1655,579184,579594
ilvN:3850802-3851092:-,ilvN,NC_000913.3,3850801,3851092,-,291,Supplementary Table 1,501,MG1655,3850802,3851092
hemD:3989088-3989828:-,hemD,NC_000913.3,3989087,3989828,-,741,Supplementary Table 1,502,MG1655,3989088,3989828
aaaE:1204404-1205537:+,aaaE,NC_000913.3,1204403,1205537,+,1134,Supplementary Table 1,503,MG1655,1204404,1205537
betB:327261-328733:-,betB,NC_000913.3,327260,328733,-,1473,Supplementary Table 1,504,MG1655,327261,328733
cusA:598714-601857:+,cusA,NC_000913.3,598713,601857,+,3144,Supplementary Table 1,505,MG1655,598714,601857
ptsP:2966188-2968434:-,ptsP,NC_000913.3,2966187,2968434,-,2247,Supplementary Table 1,506,MG1655,2966188,2968434
ycaK:949668-950258:+,ycaK,NC_000913.3,949667,950258,+,591,Supplementary Table 1,507,MG1655,949668,950258
ybjD:916473-918131:+,ybjD,NC_000913.3,916472,918131,+,1659,Supplementary Table 1,508,MG1655,916473,918131
yhhS:3610516-3611733:-,yhhS,NC_000913.3,3610515,3611733,-,1218,Supplementary Table 1,509,MG1655,3610516,3611733
ebgA:3222633-3225725:+,ebgA,NC_000913.3,3222632,3225725,+,3093,Supplementary Table 1,510,MG1655,3222633,3225725
ygdH:2926308-2927672:+,ygdH,NC_000913.3,2926307,2927672,+,1365,Supplementary Table 1,511,MG1655,2926308,2927672
wcaF:2128340-2128888:-,wcaF,NC_000913.3,2128339,2128888,-,549,Supplementary Table 1,512,MG1655,2128340,2128888
yehU:2212959-2214644:-,yehU,NC_000913.3,2212958,2214644,-,1686,Supplementary Table 1,513,MG1655,2212959,2214644
gtrS:2469131-2470462:+,gtrS,NC_000913.3,2469130,2470462,+,1332,Supplementary Table 1,514,MG1655,2469131,2470462
xylH:3733720-3734901:+,xylH,NC_000913.3,3733719,3734901,+,1182,Supplementary Table 1,515,MG1655,3733720,3734901
gstA:1714377-1714982:+,gstA,NC_000913.3,1714376,1714982,+,606,Supplementary Table 1,516,MG1655,1714377,1714982
yqeH:2987536-2988168:+,yqeH,NC_000913.3,2987535,2988168,+,633,Supplementary Table 1,517,MG1655,2987536,2988168
nhaA:17489-18655:+,nhaA,NC_000913.3,17488,18655,+,1167,Supplementary Table 1,518,MG1655,17489,18655
gsiB:869411-870949:+,gsiB,NC_000913.3,869410,870949,+,1539,Supplementary Table 1,519,MG1655,869411,870949
fimA:4543115-4543663:+,fimA,NC_000913.3,4543114,4543663,+,549,Supplementary Table 1,520,MG1655,4543115,4543663
yagM:293945-294799:-,yagM,NC_000913.3,293944,294799,-,855,Supplementary Table 1,521,MG1655,293945,294799
gntR:3577731-3578726:-,gntR,NC_000913.3,3577730,3578726,-,996,Supplementary Table 1,522,MG1655,3577731,3578726
ycfJ:1167599-1168138:+,ycfJ,NC_000913.3,1167598,1168138,+,540,Supplementary Table 1,523,MG1655,1167599,1168138
yjjG:4608646-4609323:+,yjjG,NC_000913.3,4608645,4609323,+,678,Supplementary Table 1,524,MG1655,4608646,4609323
ompF:985894-986982:-,ompF,NC_000913.3,985893,986982,-,1089,Supplementary Table 1,525,MG1655,985894,986982
arcB:3350689-3353025:-,arcB,NC_000913.3,3350688,3353025,-,2337,Supplementary Table 1,526,MG1655,3350689,3353025
ynaK:1425377-1425640:+,ynaK,NC_000913.3,1425376,1425640,+,264,Supplementary Table 1,527,MG1655,1425377,1425640
cbpA:1062855-1063775:-,cbpA,NC_000913.3,1062854,1063775,-,921,Supplementary Table 1,528,MG1655,1062855,1063775
gpp:3962745-3964229:-,gpp,NC_000913.3,3962744,3964229,-,1485,Supplementary Table 1,529,MG1655,3962745,3964229
pinH:2783065-2783304:-,pinH,NC_000913.3,2783064,2783304,-,240,Supplementary Table 1,530,MG1655,2783065,2783304
ycjQ:1374963-1376015:+,ycjQ,NC_000913.3,1374962,1376015,+,1053,Supplementary Table 1,531,MG1655,1374963,1376015
deoA:4618229-4619551:+,deoA,NC_000913.3,4618228,4619551,+,1323,Supplementary Table 1,532,MG1655,4618229,4619551
caiF:34300-34695:+,caiF,NC_000913.3,34299,34695,+,396,Supplementary Table 1,533,MG1655,34300,34695
yhjJ:3680444-3681940:-,yhjJ,NC_000913.3,3680443,3681940,-,1497,Supplementary Table 1,534,MG1655,3680444,3681940
yneO:1592665-1597987:-,yneO,NC_000913.3,1592664,1597987,-,5323,Supplementary Table 1,535,MG1655,1592665,1597987
ilvB:3851096-3852784:-,ilvB,NC_000913.3,3851095,3852784,-,1689,Supplementary Table 1,536,MG1655,3851096,3852784
rdgB:3096681-3097274:+,rdgB,NC_000913.3,3096680,3097274,+,594,Supplementary Table 1,537,MG1655,3096681,3097274
ycaN:948660-949568:-,ycaN,NC_000913.3,948659,949568,-,909,Supplementary Table 1,538,MG1655,948660,949568
yjfL:4411979-4412377:+,yjfL,NC_000913.3,4411978,4412377,+,399,Supplementary Table 1,539,MG1655,4411979,4412377
yqgE:3092937-3093500:+,yqgE,NC_000913.3,3092936,3093500,+,564,Supplementary Table 1,540,MG1655,3092937,3093500
wzxC:2118680-2120158:-,wzxC,NC_000913.3,2118679,2120158,-,1479,Supplementary Table 1,541,MG1655,2118680,2120158
recN:2751795-2753456:+,recN,NC_000913.3,2751794,2753456,+,1662,Supplementary Table 1,542,MG1655,2751795,2753456
yfbN:2387710-2388426:-,yfbN,NC_000913.3,2387709,2388426,-,717,Supplementary Table 1,543,MG1655,2387710,2388426
thrV:3423580-3423655:-,thrV,NC_000913.3,3423579,3423655,-,76,Supplementary Table 1,544,MG1655,3423580,3423655
dapD:185123-185947:-,dapD,NC_000913.3,185122,185947,-,825,Supplementary Table 1,545,MG1655,185123,185947
nrdG:4459900-4460364:-,nrdG,NC_000913.3,4459899,4460364,-,465,Supplementary Table 1,546,MG1655,4459900,4460364
yjiC:4555490-4556320:-,yjiC,NC_000913.3,4555489,4556320,-,831,Supplementary Table 1,547,MG1655,4555490,4556320
tnaB:3890236-3891483:+,tnaB,NC_000913.3,3890235,3891483,+,1248,Supplementary Table 1,548,MG1655,3890236,3891483
rpoN:3344717-3346150:+,rpoN,NC_000913.3,3344716,3346150,+,1434,Supplementary Table 1,549,MG1655,3344717,3346150
nadR:4627315-4628547:+,nadR,NC_000913.3,4627314,4628547,+,1233,Supplementary Table 1,550,MG1655,4627315,4628547
ybeU:679508-680215:+,ybeU,NC_000913.3,679507,680215,+,708,Supplementary Table 1,551,MG1655,679508,680215
glnH:847258-848004:-,glnH,NC_000913.3,847257,848004,-,747,Supplementary Table 1,552,MG1655,847258,848004
yiaA:3726924-3727361:-,yiaA,NC_000913.3,3726923,3727361,-,438,Supplementary Table 1,553,MG1655,3726924,3727361
yfbO:2388635-2389057:+,yfbO,NC_000913.3,2388634,2389057,+,423,Supplementary Table 1,554,MG1655,2388635,2389057
rlmJ:3645385-3646227:+,rlmJ,NC_000913.3,3645384,3646227,+,843,Supplementary Table 1,555,MG1655,3645385,3646227
tfaP:1208132-1208545:+,tfaP,NC_000913.3,1208131,1208545,+,414,Supplementary Table 1,556,MG1655,1208132,1208545
hisP:2423736-2424509:-,hisP,NC_000913.3,2423735,2424509,-,774,Supplementary Table 1,557,MG1655,2423736,2424509
hha:480090-480308:-,hha,NC_000913.3,480089,480308,-,219,Supplementary Table 1,558,MG1655,480090,480308
btuB:4163639-4165483:+,btuB,NC_000913.3,4163638,4165483,+,1845,Supplementary Table 1,559,MG1655,4163639,4165483
ybgD:752229-752795:-,ybgD,NC_000913.3,752228,752795,-,567,Supplementary Table 1,560,MG1655,752229,752795
tfaE:1208517-1209119:-,tfaE,NC_000913.3,1208516,1209119,-,603,Supplementary Table 1,561,MG1655,1208517,1209119
fecA:4514353-4516677:-,fecA,NC_000913.3,4514352,4516677,-,2325,Supplementary Table 1,562,MG1655,4514353,4516677
ucpA:2543832-2544623:-,ucpA,NC_000913.3,2543831,2544623,-,792,Supplementary Table 1,563,MG1655,2543832,2544623
yjgX:4499593-4500791:-,yjgX,NC_000913.3,4499592,4500791,-,1199,Supplementary Table 1,564,MG1655,4499593,4500791
adiA:4338254-4340521:-,adiA,NC_000913.3,4338253,4340521,-,2268,Supplementary Table 1,565,MG1655,4338254,4340521
yggE:3067340-3068080:-,yggE,NC_000913.3,3067339,3068080,-,741,Supplementary Table 1,566,MG1655,3067340,3068080
rsmE:3091134-3091865:+,rsmE,NC_000913.3,3091133,3091865,+,732,Supplementary Table 1,567,MG1655,3091134,3091865
dnaE:205126-208608:+,dnaE,NC_000913.3,205125,208608,+,3483,Supplementary Table 1,568,MG1655,205126,208608
mprA:2810770-2811300:+,mprA,NC_000913.3,2810769,2811300,+,531,Supplementary Table 1,569,MG1655,2810770,2811300
ybcK:568902-570428:+,ybcK,NC_000913.3,568901,570428,+,1527,Supplementary Table 1,570,MG1655,568902,570428
pitB:3134872-3136371:-,pitB,NC_000913.3,3134871,3136371,-,1500,Supplementary Table 1,571,MG1655,3134872,3136371
cpdB:4434622-4436565:-,cpdB,NC_000913.3,4434621,4436565,-,1944,Supplementary Table 1,572,MG1655,4434622,4436565
ompN:1435760-1436893:-,ompN,NC_000913.3,1435759,1436893,-,1134,Supplementary Table 1,573,MG1655,1435760,1436893
ycjW:1382963-1383961:-,ycjW,NC_000913.3,1382962,1383961,-,999,Supplementary Table 1,574,MG1655,1382963,1383961
ygjK:3228888-3231239:+,ygjK,NC_000913.3,3228887,3231239,+,2352,Supplementary Table 1,575,MG1655,3228888,3231239
yfaE:2348514-2348768:+,yfaE,NC_000913.3,2348513,2348768,+,255,Supplementary Table 1,576,MG1655,2348514,2348768
gatA:2174597-2175049:-,gatA,NC_000913.3,2174596,2175049,-,453,Supplementary Table 1,577,MG1655,2174597,2175049
glpD:3562013-3563518:+,glpD,NC_000913.3,3562012,3563518,+,1506,Supplementary Table 1,578,MG1655,3562013,3563518
ybdG:603416-604663:-,ybdG,NC_000913.3,603415,604663,-,1248,Supplementary Table 1,579,MG1655,603416,604663
ftsI:91413-93179:+,ftsI,NC_000913.3,91412,93179,+,1767,Supplementary Table 1,580,MG1655,91413,93179
icd:1195123-1196373:+,icd,NC_000913.3,1195122,1196373,+,1251,Supplementary Table 1,581,MG1655,1195123,1196373
fixC:44180-45466:+,fixC,NC_000913.3,44179,45466,+,1287,Supplementary Table 1,582,MG1655,44180,45466
kch:1309016-1310269:-,kch,NC_000913.3,1309015,1310269,-,1254,Supplementary Table 1,583,MG1655,1309016,1310269
ythA:4506448-4506573:+,ythA,NC_000913.3,4506447,4506573,+,126,Supplementary Table 1,584,MG1655,4506448,4506573
oppD:1304754-1305767:+,oppD,NC_000913.3,1304753,1305767,+,1014,Supplementary Table 1,585,MG1655,1304754,1305767
ycjR:1376034-1376822:+,ycjR,NC_000913.3,1376033,1376822,+,789,Supplementary Table 1,586,MG1655,1376034,1376822
appY:583681-584430:+,appY,NC_000913.3,583680,584430,+,750,Supplementary Table 1,587,MG1655,583681,584430
ivbL:3852890-3852988:-,ivbL,NC_000913.3,3852889,3852988,-,99,Supplementary Table 1,588,MG1655,3852890,3852988
hyi:535710-536486:+,hyi,NC_000913.3,535709,536486,+,777,Supplementary Table 1,589,MG1655,535710,536486
ybbW:537633-539087:+,ybbW,NC_000913.3,537632,539087,+,1455,Supplementary Table 1,590,MG1655,537633,539087
yeaV:1883188-1884633:+,yeaV,NC_000913.3,1883187,1884633,+,1446,Supplementary Table 1,591,MG1655,1883188,1884633
yagE:282278-283186:+,yagE,NC_000913.3,282277,283186,+,909,Supplementary Table 1,592,MG1655,282278,283186
wcaJ:2120160-2121554:-,wcaJ,NC_000913.3,2120159,2121554,-,1395,Supplementary Table 1,593,MG1655,2120160,2121554
arfB:214833-215255:+,arfB,NC_000913.3,214832,215255,+,423,Supplementary Table 1,594,MG1655,214833,215255
yciG:1315856-1316035:-,yciG,NC_000913.3,1315855,1316035,-,180,Supplementary Table 1,595,MG1655,1315856,1316035
yeaG:1866908-1868842:+,yeaG,NC_000913.3,1866907,1868842,+,1935,Supplementary Table 1,596,MG1655,1866908,1868842
gltF:3361176-3361940:+,gltF,NC_000913.3,3361175,3361940,+,765,Supplementary Table 1,597,MG1655,3361176,3361940
ygcW:2899488-2900273:-,ygcW,NC_000913.3,2899487,2900273,-,786,Supplementary Table 1,598,MG1655,2899488,2900273
gatR:2171429-2171727:-,gatR,NC_000913.3,2171428,2171727,-,299,Supplementary Table 1,599,MG1655,2171429,2171727
gatR:2169693-2170167:-,gatR,NC_000913.3,2169692,2170167,-,475,Supplementary Table 1,600,MG1655,2169693,2170167
dctA:3682161-3683447:-,dctA,NC_000913.3,3682160,3683447,-,1287,Supplementary Table 1,601,MG1655,3682161,3683447
ecpD:305174-306817:-,ecpD,NC_000913.3,305173,306817,-,1644,Supplementary Table 1,602,MG1655,305174,306817
yahO:346484-346759:+,yahO,NC_000913.3,346483,346759,+,276,Supplementary Table 1,603,MG1655,346484,346759
rbsR:3938227-3939219:+,rbsR,NC_000913.3,3938226,3939219,+,993,Supplementary Table 1,604,MG1655,3938227,3939219
minD:1224549-1225361:-,minD,NC_000913.3,1224548,1225361,-,813,Supplementary Table 1,605,MG1655,1224549,1225361
tamB:4444112-4447891:+,tamB,NC_000913.3,4444111,4447891,+,3780,Supplementary Table 1,606,MG1655,4444112,4447891
mglA:2237769-2239289:-,mglA,NC_000913.3,2237768,2239289,-,1521,Supplementary Table 1,607,MG1655,2237769,2239289
npr:3347966-3348238:+,npr,NC_000913.3,3347965,3348238,+,273,Supplementary Table 1,608,MG1655,3347966,3348238
evgS:2484374-2487967:+,evgS,NC_000913.3,2484373,2487967,+,3594,Supplementary Table 1,609,MG1655,2484374,2487967
atpB:3921236-3922051:-,atpB,NC_000913.3,3921235,3922051,-,816,Supplementary Table 1,610,MG1655,3921236,3922051
deoC:4617323-4618102:+,deoC,NC_000913.3,4617322,4618102,+,780,Supplementary Table 1,611,MG1655,4617323,4618102
tomB:480334-480708:-,tomB,NC_000913.3,480333,480708,-,375,Supplementary Table 1,612,MG1655,480334,480708
ygeH:2992094-2993470:+,ygeH,NC_000913.3,2992093,2993470,+,1377,Supplementary Table 1,613,MG1655,2992094,2993470
osmB:1343110-1343328:-,osmB,NC_000913.3,1343109,1343328,-,219,Supplementary Table 1,614,MG1655,1343110,1343328
ybcY:582152-582806:-,ybcY,NC_000913.3,582151,582806,-,655,Supplementary Table 1,615,MG1655,582152,582806
allD:545314-546363:-,allD,NC_000913.3,545313,546363,-,1050,Supplementary Table 1,616,MG1655,545314,546363
iap:2876581-2877618:+,iap,NC_000913.3,2876580,2877618,+,1038,Supplementary Table 1,617,MG1655,2876581,2877618
gspD:3456377-3458329:+,gspD,NC_000913.3,3456376,3458329,+,1953,Supplementary Table 1,618,MG1655,3456377,3458329
yegJ:2151185-2151646:+,yegJ,NC_000913.3,2151184,2151646,+,462,Supplementary Table 1,619,MG1655,2151185,2151646
leuD:78848-79453:-,leuD,NC_000913.3,78847,79453,-,606,Supplementary Table 1,620,MG1655,78848,79453
wza:2136104-2137243:-,wza,NC_000913.3,2136103,2137243,-,1140,Supplementary Table 1,621,MG1655,2136104,2137243
nei:745935-746726:+,nei,NC_000913.3,745934,746726,+,792,Supplementary Table 1,622,MG1655,745935,746726
ybeT:678852-679406:-,ybeT,NC_000913.3,678851,679406,-,555,Supplementary Table 1,623,MG1655,678852,679406
rsgA:4390457-4391509:-,rsgA,NC_000913.3,4390456,4391509,-,1053,Supplementary Table 1,624,MG1655,4390457,4391509
aqpZ:915352-916047:-,aqpZ,NC_000913.3,915351,916047,-,696,Supplementary Table 1,625,MG1655,915352,916047
treB:4464759-4466180:-,treB,NC_000913.3,4464758,4466180,-,1422,Supplementary Table 1,626,MG1655,4464759,4466180
yjjL:4593361-4594722:-,yjjL,NC_000913.3,4593360,4594722,-,1362,Supplementary Table 1,627,MG1655,4593361,4594722
yjbE:4235906-4236148:+,yjbE,NC_000913.3,4235905,4236148,+,243,Supplementary Table 1,628,MG1655,4235906,4236148
yrbG:3340275-3341252:+,yrbG,NC_000913.3,3340274,3341252,+,978,Supplementary Table 1,629,MG1655,3340275,3341252
arnT:2370908-2372560:+,arnT,NC_000913.3,2370907,2372560,+,1653,Supplementary Table 1,630,MG1655,2370908,2372560
yiaQ:3748577-3749239:+,yiaQ,NC_000913.3,3748576,3749239,+,663,Supplementary Table 1,631,MG1655,3748577,3749239
acrE:3413864-3415021:+,acrE,NC_000913.3,3413863,3415021,+,1158,Supplementary Table 1,632,MG1655,3413864,3415021
yehA:2187380-2188414:-,yehA,NC_000913.3,2187379,2188414,-,1035,Supplementary Table 1,633,MG1655,2187380,2188414
insC1:381351-381716:+,insC1,NC_000913.3,381350,381716,+,366,Supplementary Table 1,634,MG1655,381351,381716
insC1:1468784-1469149:-,insC1,NC_000913.3,1468783,1469149,-,366,Supplementary Table 1,635,MG1655,1468784,1469149
insC1:2069815-2070180:-,insC1,NC_000913.3,2069814,2070180,-,366,Supplementary Table 1,636,MG1655,2069815,2070180
insC1:2997235-2997600:-,insC1,NC_000913.3,2997234,2997600,-,366,Supplementary Table 1,637,MG1655,2997235,2997600
insC1:3186187-3186552:+,insC1,NC_000913.3,3186186,3186552,+,366,Supplementary Table 1,638,MG1655,3186187,3186552
insC1:4498272-4498637:+,insC1,NC_000913.3,4498271,4498637,+,366,Supplementary Table 1,639,MG1655,4498272,4498637
gatZ:2175059-2176321:-,gatZ,NC_000913.3,2175058,2176321,-,1263,Supplementary Table 1,640,MG1655,2175059,2176321
fliO:2021504-2021869:+,fliO,NC_000913.3,2021503,2021869,+,366,Supplementary Table 1,641,MG1655,2021504,2021869
ybbJ:514401-514859:-,ybbJ,NC_000913.3,514400,514859,-,459,Supplementary Table 1,642,MG1655,514401,514859
yifK:3980887-3982272:+,yifK,NC_000913.3,3980886,3982272,+,1386,Supplementary Table 1,643,MG1655,3980887,3982272
ompA:1019013-1020053:-,ompA,NC_000913.3,1019012,1020053,-,1041,Supplementary Table 1,644,MG1655,1019013,1020053
ygfI:3066277-3067173:-,ygfI,NC_000913.3,3066276,3067173,-,897,Supplementary Table 1,645,MG1655,3066277,3067173
yiaT:3751128-3751868:-,yiaT,NC_000913.3,3751127,3751868,-,741,Supplementary Table 1,646,MG1655,3751128,3751868
fimI:4543728-4544267:+,fimI,NC_000913.3,4543727,4544267,+,540,Supplementary Table 1,647,MG1655,4543728,4544267
glcA:3119597-3121279:-,glcA,NC_000913.3,3119596,3121279,-,1683,Supplementary Table 1,648,MG1655,3119597,3121279
yoaC:1894133-1894432:+,yoaC,NC_000913.3,1894132,1894432,+,300,Supplementary Table 1,649,MG1655,1894133,1894432
xseB:441101-441343:-,xseB,NC_000913.3,441100,441343,-,243,Supplementary Table 1,650,MG1655,441101,441343
yfjJ:2760547-2761173:+,yfjJ,NC_000913.3,2760546,2761173,+,627,Supplementary Table 1,651,MG1655,2760547,2761173
fdrA:546680-548347:+,fdrA,NC_000913.3,546679,548347,+,1668,Supplementary Table 1,652,MG1655,546680,548347
cyoA:450663-451610:-,cyoA,NC_000913.3,450662,451610,-,948,Supplementary Table 1,653,MG1655,450663,451610
mazE:2911091-2911339:-,mazE,NC_000913.3,2911090,2911339,-,249,Supplementary Table 1,654,MG1655,2911091,2911339
mltC:3104433-3105512:+,mltC,NC_000913.3,3104432,3105512,+,1080,Supplementary Table 1,655,MG1655,3104433,3105512
wzzE:3969031-3970077:+,wzzE,NC_000913.3,3969030,3970077,+,1047,Supplementary Table 1,656,MG1655,3969031,3970077
yphC:2674700-2675761:-,yphC,NC_000913.3,2674699,2675761,-,1062,Supplementary Table 1,657,MG1655,2674700,2675761
iclR:4222804-4223628:-,iclR,NC_000913.3,4222803,4223628,-,825,Supplementary Table 1,658,MG1655,4222804,4223628
cytR:4123431-4124456:-,cytR,NC_000913.3,4123430,4124456,-,1026,Supplementary Table 1,659,MG1655,4123431,4124456
speB:3082877-3083797:-,speB,NC_000913.3,3082876,3083797,-,921,Supplementary Table 1,660,MG1655,3082877,3083797
cobS:2064479-2065222:-,cobS,NC_000913.3,2064478,2065222,-,744,Supplementary Table 1,661,MG1655,2064479,2065222
gdhA:1842371-1843714:+,gdhA,NC_000913.3,1842370,1843714,+,1344,Supplementary Table 1,662,MG1655,1842371,1843714
yidZ:3892765-3893724:+,yidZ,NC_000913.3,3892764,3893724,+,960,Supplementary Table 1,663,MG1655,3892765,3893724
yjjN:4595990-4597012:+,yjjN,NC_000913.3,4595989,4597012,+,1023,Supplementary Table 1,664,MG1655,4595990,4597012
yhiI:3629535-3630602:-,yhiI,NC_000913.3,3629534,3630602,-,1068,Supplementary Table 1,665,MG1655,3629535,3630602
queE:2904747-2905418:-,queE,NC_000913.3,2904746,2905418,-,672,Supplementary Table 1,666,MG1655,2904747,2905418
oppF:1305764-1306768:+,oppF,NC_000913.3,1305763,1306768,+,1005,Supplementary Table 1,667,MG1655,1305764,1306768
blr:1704551-1704676:+,blr,NC_000913.3,1704550,1704676,+,126,Supplementary Table 1,668,MG1655,1704551,1704676
iraP:401386-401646:+,iraP,NC_000913.3,401385,401646,+,261,Supplementary Table 1,669,MG1655,401386,401646
bluR:1213328-1214059:-,bluR,NC_000913.3,1213327,1214059,-,732,Supplementary Table 1,670,MG1655,1213328,1214059
yfjI:2758985-2760394:+,yfjI,NC_000913.3,2758984,2760394,+,1410,Supplementary Table 1,671,MG1655,2758985,2760394
plaP:2085704-2087062:-,plaP,NC_000913.3,2085703,2087062,-,1359,Supplementary Table 1,672,MG1655,2085704,2087062
ygaY:2808316-2809493:+,ygaY,NC_000913.3,2808315,2809493,+,1178,Supplementary Table 1,673,MG1655,2808316,2809493
malQ:3547986-3550070:-,malQ,NC_000913.3,3547985,3550070,-,2085,Supplementary Table 1,674,MG1655,3547986,3550070
ycjS:1376832-1377887:+,ycjS,NC_000913.3,1376831,1377887,+,1056,Supplementary Table 1,675,MG1655,1376832,1377887
clpB:2731600-2734173:-,clpB,NC_000913.3,2731599,2734173,-,2574,Supplementary Table 1,676,MG1655,2731600,2734173
yqeI:2988502-2989311:+,yqeI,NC_000913.3,2988501,2989311,+,810,Supplementary Table 1,677,MG1655,2988502,2989311
ybbY:540565-541866:+,ybbY,NC_000913.3,540564,541866,+,1302,Supplementary Table 1,678,MG1655,540565,541866
rbsD:3933351-3933770:+,rbsD,NC_000913.3,3933350,3933770,+,420,Supplementary Table 1,679,MG1655,3933351,3933770
metB:4128672-4129832:+,metB,NC_000913.3,4128671,4129832,+,1161,Supplementary Table 1,680,MG1655,4128672,4129832
pauD:586057-586101:+,pauD,NC_000913.3,586056,586101,+,45,Supplementary Table 1,681,MG1655,586057,586101
ynfM:1669699-1670952:+,ynfM,NC_000913.3,1669698,1670952,+,1254,Supplementary Table 1,682,MG1655,1669699,1670952
yahB:333501-334433:-,yahB,NC_000913.3,333500,334433,-,933,Supplementary Table 1,683,MG1655,333501,334433
ydiR:1780401-1781339:+,ydiR,NC_000913.3,1780400,1781339,+,939,Supplementary Table 1,684,MG1655,1780401,1781339
fbaB:2177512-2178564:-,fbaB,NC_000913.3,2177511,2178564,-,1053,Supplementary Table 1,685,MG1655,2177512,2178564
yiaU:3751992-3752966:+,yiaU,NC_000913.3,3751991,3752966,+,975,Supplementary Table 1,686,MG1655,3751992,3752966
ynbA:1477621-1478226:+,ynbA,NC_000913.3,1477620,1478226,+,606,Supplementary Table 1,687,MG1655,1477621,1478226
rppH:2968447-2968977:-,rppH,NC_000913.3,2968446,2968977,-,531,Supplementary Table 1,688,MG1655,2968447,2968977
rihA:683477-684412:-,rihA,NC_000913.3,683476,684412,-,936,Supplementary Table 1,689,MG1655,683477,684412
ydjK:1858850-1860229:-,ydjK,NC_000913.3,1858849,1860229,-,1380,Supplementary Table 1,690,MG1655,1858850,1860229
ygiC:3180421-3181581:+,ygiC,NC_000913.3,3180420,3181581,+,1161,Supplementary Table 1,691,MG1655,3180421,3181581
glnP:846460-847119:-,glnP,NC_000913.3,846459,847119,-,660,Supplementary Table 1,692,MG1655,846460,847119
iraM:1211680-1212003:-,iraM,NC_000913.3,1211679,1212003,-,324,Supplementary Table 1,693,MG1655,1211680,1212003
ycjP:1374090-1374932:+,ycjP,NC_000913.3,1374089,1374932,+,843,Supplementary Table 1,694,MG1655,1374090,1374932
lacA:361249-361860:-,lacA,NC_000913.3,361248,361860,-,612,Supplementary Table 1,695,MG1655,361249,361860
trmH:3824515-3825204:+,trmH,NC_000913.3,3824514,3825204,+,690,Supplementary Table 1,696,MG1655,3824515,3825204
intZ:2558858-2560066:+,intZ,NC_000913.3,2558857,2560066,+,1209,Supplementary Table 1,697,MG1655,2558858,2560066
nrdB:2347384-2348514:+,nrdB,NC_000913.3,2347383,2348514,+,1131,Supplementary Table 1,698,MG1655,2347384,2348514
yiiD:4077449-4078438:+,yiiD,NC_000913.3,4077448,4078438,+,990,Supplementary Table 1,699,MG1655,4077449,4078438
fecE:4510690-4511457:-,fecE,NC_000913.3,4510689,4511457,-,768,Supplementary Table 1,700,MG1655,4510690,4511457
dcuS:4350031-4351662:-,dcuS,NC_000913.3,4350030,4351662,-,1632,Supplementary Table 1,701,MG1655,4350031,4351662
rsmA:51609-52430:-,rsmA,NC_000913.3,51608,52430,-,822,Supplementary Table 1,702,MG1655,51609,52430
murI:4165428-4166285:+,murI,NC_000913.3,4165427,4166285,+,858,Supplementary Table 1,703,MG1655,4165428,4166285
rep:3960677-3962698:+,rep,NC_000913.3,3960676,3962698,+,2022,Supplementary Table 1,704,MG1655,3960677,3962698
ycjO:1373222-1374103:+,ycjO,NC_000913.3,1373221,1374103,+,882,Supplementary Table 1,705,MG1655,1373222,1374103
dnaJ:14168-15298:+,dnaJ,NC_000913.3,14167,15298,+,1131,Supplementary Table 1,706,MG1655,14168,15298
rbsK:3937294-3938223:+,rbsK,NC_000913.3,3937293,3938223,+,930,Supplementary Table 1,707,MG1655,3937294,3938223
apbE:2310479-2311534:-,apbE,NC_000913.3,2310478,2311534,-,1056,Supplementary Table 1,708,MG1655,2310479,2311534
yccE:1064036-1065292:+,yccE,NC_000913.3,1064035,1065292,+,1257,Supplementary Table 1,709,MG1655,1064036,1065292
alsK:4306870-4307799:-,alsK,NC_000913.3,4306869,4307799,-,930,Supplementary Table 1,710,MG1655,4306870,4307799
avtA:3739705-3740958:+,avtA,NC_000913.3,3739704,3740958,+,1254,Supplementary Table 1,711,MG1655,3739705,3740958
yaiX:382591-382872:-,yaiX,NC_000913.3,382590,382872,-,282,Supplementary Table 1,712,MG1655,382591,382872
yaiX:380844-381259:-,yaiX,NC_000913.3,380843,381259,-,416,Supplementary Table 1,713,MG1655,380844,381259
ydbC:1474221-1475081:+,ydbC,NC_000913.3,1474220,1475081,+,861,Supplementary Table 1,714,MG1655,1474221,1475081
wcaK:2117124-2118404:-,wcaK,NC_000913.3,2117123,2118404,-,1281,Supplementary Table 1,715,MG1655,2117124,2118404
yidD:3884816-3885073:+,yidD,NC_000913.3,3884815,3885073,+,258,Supplementary Table 1,716,MG1655,3884816,3885073
dam:3515077-3515913:-,dam,NC_000913.3,3515076,3515913,-,837,Supplementary Table 1,717,MG1655,3515077,3515913
dtpB:3640862-3642331:+,dtpB,NC_000913.3,3640861,3642331,+,1470,Supplementary Table 1,718,MG1655,3640862,3642331
ycaC:944931-945557:-,ycaC,NC_000913.3,944930,945557,-,627,Supplementary Table 1,719,MG1655,944931,945557
ycgG:1217328-1218851:+,ycgG,NC_000913.3,1217327,1218851,+,1524,Supplementary Table 1,720,MG1655,1217328,1218851
ybeR:676711-677418:+,ybeR,NC_000913.3,676710,677418,+,708,Supplementary Table 1,721,MG1655,676711,677418
yihY:4076146-4077018:+,yihY,NC_000913.3,4076145,4077018,+,873,Supplementary Table 1,722,MG1655,4076146,4077018
wcaA:2132558-2133397:-,wcaA,NC_000913.3,2132557,2133397,-,840,Supplementary Table 1,723,MG1655,2132558,2133397
cspI:1638455-1638667:-,cspI,NC_000913.3,1638454,1638667,-,213,Supplementary Table 1,724,MG1655,1638455,1638667
kdgT:4101690-4102673:+,kdgT,NC_000913.3,4101689,4102673,+,984,Supplementary Table 1,725,MG1655,4101690,4102673
narU:1542672-1544060:-,narU,NC_000913.3,1542671,1544060,-,1389,Supplementary Table 1,726,MG1655,1542672,1544060
rbsC:3935288-3936253:+,rbsC,NC_000913.3,3935287,3936253,+,966,Supplementary Table 1,727,MG1655,3935288,3936253
ykgQ:317439-317567:+,ykgQ,NC_000913.3,317438,317567,+,129,Supplementary Table 1,728,MG1655,317439,317567
yibG:3768177-3768638:+,yibG,NC_000913.3,3768176,3768638,+,462,Supplementary Table 1,729,MG1655,3768177,3768638
wecE:3975146-3976276:+,wecE,NC_000913.3,3975145,3976276,+,1131,Supplementary Table 1,730,MG1655,3975146,3976276
ryfA:2653855-2654158:+,ryfA,NC_000913.3,2653854,2654158,+,304,Supplementary Table 1,731,MG1655,2653855,2654158
yagG:285395-286777:+,yagG,NC_000913.3,285394,286777,+,1383,Supplementary Table 1,732,MG1655,285395,286777
trpT:3946957-3947032:+,trpT,NC_000913.3,3946956,3947032,+,76,Supplementary Table 1,733,MG1655,3946957,3947032
cyoB:448650-450641:-,cyoB,NC_000913.3,448649,450641,-,1992,Supplementary Table 1,734,MG1655,448650,450641
ddpF:1557112-1558038:-,ddpF,NC_000913.3,1557111,1558038,-,927,Supplementary Table 1,735,MG1655,1557112,1558038
mnmC:2441764-2443770:+,mnmC,NC_000913.3,2441763,2443770,+,2007,Supplementary Table 1,736,MG1655,2441764,2443770
alaS:2819381-2822011:-,alaS,NC_000913.3,2819380,2822011,-,2631,Supplementary Table 1,737,MG1655,2819381,2822011
yfaZ:2363733-2364275:-,yfaZ,NC_000913.3,2363732,2364275,-,543,Supplementary Table 1,738,MG1655,2363733,2364275
grcA:2716066-2716449:-,grcA,NC_000913.3,2716065,2716449,-,384,Supplementary Table 1,739,MG1655,2716066,2716449
csdE:2944542-2944985:+,csdE,NC_000913.3,2944541,2944985,+,444,Supplementary Table 1,740,MG1655,2944542,2944985
yhbJ:3347115-3347969:+,yhbJ,NC_000913.3,3347114,3347969,+,855,Supplementary Table 1,741,MG1655,3347115,3347969
ydaY:1425630-1426082:+,ydaY,NC_000913.3,1425629,1426082,+,453,Supplementary Table 1,742,MG1655,1425630,1426082
xapA:2524045-2524878:-,xapA,NC_000913.3,2524044,2524878,-,834,Supplementary Table 1,743,MG1655,2524045,2524878
csgA:1104447-1104902:+,csgA,NC_000913.3,1104446,1104902,+,456,Supplementary Table 1,744,MG1655,1104447,1104902
groS:4370688-4370981:+,groS,NC_000913.3,4370687,4370981,+,294,Supplementary Table 1,745,MG1655,4370688,4370981
rarD:4003288-4004178:-,rarD,NC_000913.3,4003287,4004178,-,891,Supplementary Table 1,746,MG1655,4003288,4004178
xylB:3727917-3729371:-,xylB,NC_000913.3,3727916,3729371,-,1455,Supplementary Table 1,747,MG1655,3727917,3729371
yqaB:2816937-2817503:-,yqaB,NC_000913.3,2816936,2817503,-,567,Supplementary Table 1,748,MG1655,2816937,2817503
glpF:4117245-4118090:-,glpF,NC_000913.3,4117244,4118090,-,846,Supplementary Table 1,749,MG1655,4117245,4118090
tusB:3474678-3474965:-,tusB,NC_000913.3,3474677,3474965,-,288,Supplementary Table 1,750,MG1655,3474678,3474965
gspF:3459817-3461013:+,gspF,NC_000913.3,3459816,3461013,+,1197,Supplementary Table 1,751,MG1655,3459817,3461013
ydcI:1494148-1495071:-,ydcI,NC_000913.3,1494147,1495071,-,924,Supplementary Table 1,752,MG1655,1494148,1495071
glrK:2689671-2691098:-,glrK,NC_000913.3,2689670,2691098,-,1428,Supplementary Table 1,753,MG1655,2689671,2691098
yehT:2212243-2212962:-,yehT,NC_000913.3,2212242,2212962,-,720,Supplementary Table 1,754,MG1655,2212243,2212962
ylbI:529500-529592:+,ylbI,NC_000913.3,529499,529592,+,93,Supplementary Table 1,755,MG1655,529500,529592
rsxE:1710828-1711523:+,rsxE,NC_000913.3,1710827,1711523,+,696,Supplementary Table 1,756,MG1655,1710828,1711523
galP:3088284-3089678:+,galP,NC_000913.3,3088283,3089678,+,1395,Supplementary Table 1,757,MG1655,3088284,3089678
recB:2952461-2956003:-,recB,NC_000913.3,2952460,2956003,-,3543,Supplementary Table 1,758,MG1655,2952461,2956003
yhiL:3632852-3634458:-,yhiL,NC_000913.3,3632851,3634458,-,1607,Supplementary Table 1,759,MG1655,3632852,3634458
yiaN:3744804-3746081:+,yiaN,NC_000913.3,3744803,3746081,+,1278,Supplementary Table 1,760,MG1655,3744804,3746081
dnaA:3882326-3883729:-,dnaA,NC_000913.3,3882325,3883729,-,1404,Supplementary Table 1,761,MG1655,3882326,3883729
psiF:403281-403601:+,psiF,NC_000913.3,403280,403601,+,321,Supplementary Table 1,762,MG1655,403281,403601
ompT:584680-585633:-,ompT,NC_000913.3,584679,585633,-,954,Supplementary Table 1,763,MG1655,584680,585633
poxB:909331-911049:-,poxB,NC_000913.3,909330,911049,-,1719,Supplementary Table 1,764,MG1655,909331,911049
atpA:3918316-3919857:-,atpA,NC_000913.3,3918315,3919857,-,1542,Supplementary Table 1,765,MG1655,3918316,3919857
yqeB:3012614-3014239:-,yqeB,NC_000913.3,3012613,3014239,-,1626,Supplementary Table 1,766,MG1655,3012614,3014239
selA:3759858-3761249:-,selA,NC_000913.3,3759857,3761249,-,1392,Supplementary Table 1,767,MG1655,3759858,3761249
yicL:3838248-3839171:+,yicL,NC_000913.3,3838247,3839171,+,924,Supplementary Table 1,768,MG1655,3838248,3839171
intG:2012502-2012663:+,intG,NC_000913.3,2012501,2012663,+,162,Supplementary Table 1,769,MG1655,2012502,2012663
sulA:1020410-1020919:-,sulA,NC_000913.3,1020409,1020919,-,510,Supplementary Table 1,770,MG1655,1020410,1020919
yhjR:3695997-3696185:-,yhjR,NC_000913.3,3695996,3696185,-,189,Supplementary Table 1,771,MG1655,3695997,3696185
hslU:4120416-4121747:-,hslU,NC_000913.3,4120415,4121747,-,1332,Supplementary Table 1,772,MG1655,4120416,4121747
gsiA:867520-869391:+,gsiA,NC_000913.3,867519,869391,+,1872,Supplementary Table 1,773,MG1655,867520,869391
ycgY:1245160-1245600:+,ycgY,NC_000913.3,1245159,1245600,+,441,Supplementary Table 1,774,MG1655,1245160,1245600
gfcB:1048688-1049332:-,gfcB,NC_000913.3,1048687,1049332,-,645,Supplementary Table 1,775,MG1655,1048688,1049332
ispB:3333710-3334681:+,ispB,NC_000913.3,3333709,3334681,+,972,Supplementary Table 1,776,MG1655,3333710,3334681
yhcH:3369014-3369478:-,yhcH,NC_000913.3,3369013,3369478,-,465,Supplementary Table 1,777,MG1655,3369014,3369478
flgL:1140033-1140986:+,flgL,NC_000913.3,1140032,1140986,+,954,Supplementary Table 1,778,MG1655,1140033,1140986
yibV:3769345-3769783:+,yibV,NC_000913.3,3769344,3769783,+,439,Supplementary Table 1,779,MG1655,3769345,3769783
ptsN:3346578-3347069:+,ptsN,NC_000913.3,3346577,3347069,+,492,Supplementary Table 1,780,MG1655,3346578,3347069
yadE:145081-146310:+,yadE,NC_000913.3,145080,146310,+,1230,Supplementary Table 1,781,MG1655,145081,146310
wecF:3977525-3978604:+,wecF,NC_000913.3,3977524,3978604,+,1080,Supplementary Table 1,782,MG1655,3977525,3978604
fpr:4113726-4114472:-,fpr,NC_000913.3,4113725,4114472,-,747,Supplementary Table 1,783,MG1655,4113726,4114472
otsA:1980188-1981612:-,otsA,NC_000913.3,1980187,1981612,-,1425,Supplementary Table 1,784,MG1655,1980188,1981612
fabH:1148759-1149712:+,fabH,NC_000913.3,1148758,1149712,+,954,Supplementary Table 1,785,MG1655,1148759,1149712
rpmJ:3442618-3442734:-,rpmJ,NC_000913.3,3442617,3442734,-,117,Supplementary Table 1,786,MG1655,3442618,3442734
slyD:3477907-3478497:-,slyD,NC_000913.3,3477906,3478497,-,591,Supplementary Table 1,787,MG1655,3477907,3478497
ybaY:475379-475951:+,ybaY,NC_000913.3,475378,475951,+,573,Supplementary Table 1,788,MG1655,475379,475951
polB:63429-65780:-,polB,NC_000913.3,63428,65780,-,2352,Supplementary Table 1,789,MG1655,63429,65780
yedR:2033119-2033484:-,yedR,NC_000913.3,2033118,2033484,-,366,Supplementary Table 1,790,MG1655,2033119,2033484
uhpC:3847305-3848624:-,uhpC,NC_000913.3,3847304,3848624,-,1320,Supplementary Table 1,791,MG1655,3847305,3848624
wcaD:2129661-2130878:-,wcaD,NC_000913.3,2129660,2130878,-,1218,Supplementary Table 1,792,MG1655,2129661,2130878
pfkB:1806370-1807299:+,pfkB,NC_000913.3,1806369,1807299,+,930,Supplementary Table 1,793,MG1655,1806370,1807299
yjgM:4479034-4479537:-,yjgM,NC_000913.3,4479033,4479537,-,504,Supplementary Table 1,794,MG1655,4479034,4479537
yjdK:4352584-4352880:+,yjdK,NC_000913.3,4352583,4352880,+,297,Supplementary Table 1,795,MG1655,4352584,4352880
yqgF:3093500-3093916:+,yqgF,NC_000913.3,3093499,3093916,+,417,Supplementary Table 1,796,MG1655,3093500,3093916
wecG:3979956-3980696:+,wecG,NC_000913.3,3979955,3980696,+,741,Supplementary Table 1,797,MG1655,3979956,3980696
betT:329463-331496:+,betT,NC_000913.3,329462,331496,+,2034,Supplementary Table 1,798,MG1655,329463,331496
kdgK:3679419-3680348:+,kdgK,NC_000913.3,3679418,3680348,+,930,Supplementary Table 1,799,MG1655,3679419,3680348
nanT:3371084-3372574:-,nanT,NC_000913.3,3371083,3372574,-,1491,Supplementary Table 1,800,MG1655,3371084,3372574
panM:3597984-3598367:+,panM,NC_000913.3,3597983,3598367,+,384,Supplementary Table 1,801,MG1655,3597984,3598367
yphB:2673816-2674688:-,yphB,NC_000913.3,2673815,2674688,-,873,Supplementary Table 1,802,MG1655,2673816,2674688
nfrA:587982-590954:-,nfrA,NC_000913.3,587981,590954,-,2973,Supplementary Table 1,803,MG1655,587982,590954
tusD:3475332-3475718:-,tusD,NC_000913.3,3475331,3475718,-,387,Supplementary Table 1,804,MG1655,3475332,3475718
dppA:3706098-3707705:-,dppA,NC_000913.3,3706097,3707705,-,1608,Supplementary Table 1,805,MG1655,3706098,3707705
talB:8238-9191:+,talB,NC_000913.3,8237,9191,+,954,Supplementary Table 1,806,MG1655,8238,9191
recC:2959060-2962428:-,recC,NC_000913.3,2959059,2962428,-,3369,Supplementary Table 1,807,MG1655,2959060,2962428
acnA:1335831-1338506:+,acnA,NC_000913.3,1335830,1338506,+,2676,Supplementary Table 1,808,MG1655,1335831,1338506
codA:356171-357454:+,codA,NC_000913.3,356170,357454,+,1284,Supplementary Table 1,809,MG1655,356171,357454
pldB:4009170-4010192:+,pldB,NC_000913.3,4009169,4010192,+,1023,Supplementary Table 1,810,MG1655,4009170,4010192
trkG:1423782-1425239:+,trkG,NC_000913.3,1423781,1425239,+,1458,Supplementary Table 1,811,MG1655,1423782,1425239
ynbD:1480909-1482201:+,ynbD,NC_000913.3,1480908,1482201,+,1293,Supplementary Table 1,812,MG1655,1480909,1482201
artQ:901534-902250:-,artQ,NC_000913.3,901533,902250,-,717,Supplementary Table 1,813,MG1655,901534,902250
artM:900866-901534:-,artM,NC_000913.3,900865,901534,-,669,Supplementary Table 1,814,MG1655,900866,901534
agp:1065585-1066826:+,agp,NC_000913.3,1065584,1066826,+,1242,Supplementary Table 1,815,MG1655,1065585,1066826
yigB:3997183-3997899:+,yigB,NC_000913.3,3997182,3997899,+,717,Supplementary Table 1,816,MG1655,3997183,3997899
cspC:1907226-1907435:-,cspC,NC_000913.3,1907225,1907435,-,210,Supplementary Table 1,817,MG1655,1907226,1907435
kefB:3478802-3480607:-,kefB,NC_000913.3,3478801,3480607,-,1806,Supplementary Table 1,818,MG1655,3478802,3480607
trmN:2712027-2712764:-,trmN,NC_000913.3,2712026,2712764,-,738,Supplementary Table 1,819,MG1655,2712027,2712764
ompC:2311646-2312749:-,ompC,NC_000913.3,2311645,2312749,-,1104,Supplementary Table 1,820,MG1655,2311646,2312749
fliJ:2017946-2018389:+,fliJ,NC_000913.3,2017945,2018389,+,444,Supplementary Table 1,821,MG1655,2017946,2018389
idnT:4491206-4492525:-,idnT,NC_000913.3,4491205,4492525,-,1320,Supplementary Table 1,822,MG1655,4491206,4492525
dsbC:3038112-3038822:-,dsbC,NC_000913.3,3038111,3038822,-,711,Supplementary Table 1,823,MG1655,3038112,3038822
tsaC:3430843-3431415:-,tsaC,NC_000913.3,3430842,3431415,-,573,Supplementary Table 1,824,MG1655,3430843,3431415
add:1702233-1703234:+,add,NC_000913.3,1702232,1703234,+,1002,Supplementary Table 1,825,MG1655,1702233,1703234
malX:1699355-1700947:+,malX,NC_000913.3,1699354,1700947,+,1593,Supplementary Table 1,826,MG1655,1699355,1700947
ybjP:903952-904467:-,ybjP,NC_000913.3,903951,904467,-,516,Supplementary Table 1,827,MG1655,903952,904467
ygdR:2971271-2971489:+,ygdR,NC_000913.3,2971270,2971489,+,219,Supplementary Table 1,828,MG1655,2971271,2971489
srkA:4042415-4043401:+,srkA,NC_000913.3,4042414,4043401,+,987,Supplementary Table 1,829,MG1655,4042415,4043401
elfC:999216-1001816:+,elfC,NC_000913.3,999215,1001816,+,2601,Supplementary Table 1,830,MG1655,999216,1001816
ygdG:2931055-2931810:+,ygdG,NC_000913.3,2931054,2931810,+,756,Supplementary Table 1,831,MG1655,2931055,2931810
agaI:3286270-3287025:+,agaI,NC_000913.3,3286269,3287025,+,756,Supplementary Table 1,832,MG1655,3286270,3287025
opgH:1110863-1113406:+,opgH,NC_000913.3,1110862,1113406,+,2544,Supplementary Table 1,833,MG1655,1110863,1113406
ptsH:2533764-2534021:+,ptsH,NC_000913.3,2533763,2534021,+,258,Supplementary Table 1,834,MG1655,2533764,2534021
leuQ:4606315-4606401:-,leuQ,NC_000913.3,4606314,4606401,-,87,Supplementary Table 1,835,MG1655,4606315,4606401
yigA:3995583-3996290:+,yigA,NC_000913.3,3995582,3996290,+,708,Supplementary Table 1,836,MG1655,3995583,3996290
coaA:4174076-4175026:-,coaA,NC_000913.3,4174075,4175026,-,951,Supplementary Table 1,837,MG1655,4174076,4175026
yaiV:394506-395129:+,yaiV,NC_000913.3,394505,395129,+,624,Supplementary Table 1,838,MG1655,394506,395129
focA:953609-954466:-,focA,NC_000913.3,953608,954466,-,858,Supplementary Table 1,839,MG1655,953609,954466
pcm:2868893-2869519:-,pcm,NC_000913.3,2868892,2869519,-,627,Supplementary Table 1,840,MG1655,2868893,2869519
phoH:1084992-1086056:+,phoH,NC_000913.3,1084991,1086056,+,1065,Supplementary Table 1,841,MG1655,1084992,1086056
rpsS:3450248-3450526:-,rpsS,NC_000913.3,3450247,3450526,-,279,Supplementary Table 1,842,MG1655,3450248,3450526
serU:2043468-2043557:-,serU,NC_000913.3,2043467,2043557,-,90,Supplementary Table 1,843,MG1655,2043468,2043557
argO:3068173-3068808:-,argO,NC_000913.3,3068172,3068808,-,636,Supplementary Table 1,844,MG1655,3068173,3068808
ugd:2098447-2099613:-,ugd,NC_000913.3,2098446,2099613,-,1167,Supplementary Table 1,845,MG1655,2098447,2099613
livG:3593439-3594206:-,livG,NC_000913.3,3593438,3594206,-,768,Supplementary Table 1,846,MG1655,3593439,3594206
emrE:568315-568647:+,emrE,NC_000913.3,568314,568647,+,333,Supplementary Table 1,847,MG1655,568315,568647
ftsY:3602750-3604243:-,ftsY,NC_000913.3,3602749,3604243,-,1494,Supplementary Table 1,848,MG1655,3602750,3604243
sugE:4376875-4377192:+,sugE,NC_000913.3,4376874,4377192,+,318,Supplementary Table 1,849,MG1655,4376875,4377192
ydhY:1753851-1754477:-,ydhY,NC_000913.3,1753850,1754477,-,627,Supplementary Table 1,850,MG1655,1753851,1754477
lyxK:3747084-3748580:+,lyxK,NC_000913.3,3747083,3748580,+,1497,Supplementary Table 1,851,MG1655,3747084,3748580
apaG:51229-51606:-,apaG,NC_000913.3,51228,51606,-,378,Supplementary Table 1,852,MG1655,51229,51606
ycfH:1156777-1157574:+,ycfH,NC_000913.3,1156776,1157574,+,798,Supplementary Table 1,853,MG1655,1156777,1157574
waaM:1115662-1116582:-,waaM,NC_000913.3,1115661,1116582,-,921,Supplementary Table 1,854,MG1655,1115662,1116582
rplV:3449901-3450233:-,rplV,NC_000913.3,3449900,3450233,-,333,Supplementary Table 1,855,MG1655,3449901,3450233
mukF:974319-975641:+,mukF,NC_000913.3,974318,975641,+,1323,Supplementary Table 1,856,MG1655,974319,975641
fimF:4547742-4548272:+,fimF,NC_000913.3,4547741,4548272,+,531,Supplementary Table 1,857,MG1655,4547742,4548272
yiiQ:4111615-4112214:-,yiiQ,NC_000913.3,4111614,4112214,-,600,Supplementary Table 1,858,MG1655,4111615,4112214
gcvA:2941650-2942567:-,gcvA,NC_000913.3,2941649,2942567,-,918,Supplementary Table 1,859,MG1655,2941650,2942567
cysH:2887578-2888312:-,cysH,NC_000913.3,2887577,2888312,-,735,Supplementary Table 1,860,MG1655,2887578,2888312
zinT:2041375-2042025:+,zinT,NC_000913.3,2041374,2042025,+,651,Supplementary Table 1,861,MG1655,2041375,2042025
ybbN:517425-518279:-,ybbN,NC_000913.3,517424,518279,-,855,Supplementary Table 1,862,MG1655,517425,518279
cusF:597131-597463:+,cusF,NC_000913.3,597130,597463,+,333,Supplementary Table 1,863,MG1655,597131,597463
pstC:3909439-3910398:-,pstC,NC_000913.3,3909438,3910398,-,960,Supplementary Table 1,864,MG1655,3909439,3910398
sfmF:563330-563845:+,sfmF,NC_000913.3,563329,563845,+,516,Supplementary Table 1,865,MG1655,563330,563845
hslV:4121757-4122287:-,hslV,NC_000913.3,4121756,4122287,-,531,Supplementary Table 1,866,MG1655,4121757,4122287
yjgN:4479730-4480926:+,yjgN,NC_000913.3,4479729,4480926,+,1197,Supplementary Table 1,867,MG1655,4479730,4480926
rbbA:3626803-3629538:-,rbbA,NC_000913.3,3626802,3629538,-,2736,Supplementary Table 1,868,MG1655,3626803,3629538
livK:3596451-3597560:-,livK,NC_000913.3,3596450,3597560,-,1110,Supplementary Table 1,869,MG1655,3596451,3597560
yhgF:3537385-3539706:+,yhgF,NC_000913.3,3537384,3539706,+,2322,Supplementary Table 1,870,MG1655,3537385,3539706
nuoK:2395043-2395345:-,nuoK,NC_000913.3,2395042,2395345,-,303,Supplementary Table 1,871,MG1655,2395043,2395345
fkpB:25826-26275:+,fkpB,NC_000913.3,25825,26275,+,450,Supplementary Table 1,872,MG1655,25826,26275
yafP:252709-253161:+,yafP,NC_000913.3,252708,253161,+,453,Supplementary Table 1,873,MG1655,252709,253161
ydcN:1506172-1506708:+,ydcN,NC_000913.3,1506171,1506708,+,537,Supplementary Table 1,874,MG1655,1506172,1506708
yiaW:3754105-3754428:-,yiaW,NC_000913.3,3754104,3754428,-,324,Supplementary Table 1,875,MG1655,3754105,3754428
opgG:1109335-1110870:+,opgG,NC_000913.3,1109334,1110870,+,1536,Supplementary Table 1,876,MG1655,1109335,1110870
ygfB:3054866-3055444:-,ygfB,NC_000913.3,3054865,3055444,-,579,Supplementary Table 1,877,MG1655,3054866,3055444
aspT:3946872-3946948:+,aspT,NC_000913.3,3946871,3946948,+,77,Supplementary Table 1,878,MG1655,3946872,3946948
mngB:767978-770611:+,mngB,NC_000913.3,767977,770611,+,2634,Supplementary Table 1,879,MG1655,767978,770611
yfbK:2383995-2385722:-,yfbK,NC_000913.3,2383994,2385722,-,1728,Supplementary Table 1,880,MG1655,2383995,2385722
yhhI:3624378-3625514:+,yhhI,NC_000913.3,3624377,3625514,+,1137,Supplementary Table 1,881,MG1655,3624378,3625514
trmA:4162170-4163270:-,trmA,NC_000913.3,4162169,4163270,-,1101,Supplementary Table 1,882,MG1655,4162170,4163270
eaeH:314357-315228:+,eaeH,NC_000913.3,314356,315228,+,872,Supplementary Table 1,883,MG1655,314357,315228
ushA:504914-506566:+,ushA,NC_000913.3,504913,506566,+,1653,Supplementary Table 1,884,MG1655,504914,506566
yceH:1126157-1126804:+,yceH,NC_000913.3,1126156,1126804,+,648,Supplementary Table 1,885,MG1655,1126157,1126804
ykgA:316486-317169:-,ykgA,NC_000913.3,316485,317169,-,684,Supplementary Table 1,886,MG1655,316486,317169
lpxP:2495645-2496565:+,lpxP,NC_000913.3,2495644,2496565,+,921,Supplementary Table 1,887,MG1655,2495645,2496565
gabD:2791273-2792721:+,gabD,NC_000913.3,2791272,2792721,+,1449,Supplementary Table 1,888,MG1655,2791273,2792721
bglA:3043662-3045101:+,bglA,NC_000913.3,3043661,3045101,+,1440,Supplementary Table 1,889,MG1655,3043662,3045101
ilvC:3957970-3959445:+,ilvC,NC_000913.3,3957969,3959445,+,1476,Supplementary Table 1,890,MG1655,3957970,3959445
pflD:4143995-4146292:+,pflD,NC_000913.3,4143994,4146292,+,2298,Supplementary Table 1,891,MG1655,4143995,4146292
dcuB:4347404-4348744:-,dcuB,NC_000913.3,4347403,4348744,-,1341,Supplementary Table 1,892,MG1655,4347404,4348744
yciW:1348980-1350107:-,yciW,NC_000913.3,1348979,1350107,-,1128,Supplementary Table 1,893,MG1655,1348980,1350107
yicS:3840215-3840508:+,yicS,NC_000913.3,3840214,3840508,+,294,Supplementary Table 1,894,MG1655,3840215,3840508
cyoC:448046-448660:-,cyoC,NC_000913.3,448045,448660,-,615,Supplementary Table 1,895,MG1655,448046,448660
pinR:1433084-1433674:-,pinR,NC_000913.3,1433083,1433674,-,591,Supplementary Table 1,896,MG1655,1433084,1433674
yjaB:4213680-4214123:-,yjaB,NC_000913.3,4213679,4214123,-,444,Supplementary Table 1,897,MG1655,4213680,4214123
argX:3982375-3982451:+,argX,NC_000913.3,3982374,3982451,+,77,Supplementary Table 1,898,MG1655,3982375,3982451
lptB:3343944-3344669:+,lptB,NC_000913.3,3343943,3344669,+,726,Supplementary Table 1,899,MG1655,3343944,3344669
groL:4371025-4372671:+,groL,NC_000913.3,4371024,4372671,+,1647,Supplementary Table 1,900,MG1655,4371025,4372671
fre:4026527-4027228:+,fre,NC_000913.3,4026526,4027228,+,702,Supplementary Table 1,901,MG1655,4026527,4027228
ompX:850450-850965:+,ompX,NC_000913.3,850449,850965,+,516,Supplementary Table 1,902,MG1655,850450,850965
purD:4204642-4205931:-,purD,NC_000913.3,4204641,4205931,-,1290,Supplementary Table 1,903,MG1655,4204642,4205931
wzxE:3976278-3977528:+,wzxE,NC_000913.3,3976277,3977528,+,1251,Supplementary Table 1,904,MG1655,3976278,3977528
sra:1555826-1555963:-,sra,NC_000913.3,1555825,1555963,-,138,Supplementary Table 1,905,MG1655,1555826,1555963
yacC:136570-136917:-,yacC,NC_000913.3,136569,136917,-,348,Supplementary Table 1,906,MG1655,136570,136917
ybbO:518340-519149:-,ybbO,NC_000913.3,518339,519149,-,810,Supplementary Table 1,907,MG1655,518340,519149
wecA:3967916-3969019:+,wecA,NC_000913.3,3967915,3969019,+,1104,Supplementary Table 1,908,MG1655,3967916,3969019
srlD:2827737-2828516:+,srlD,NC_000913.3,2827736,2828516,+,780,Supplementary Table 1,909,MG1655,2827737,2828516
aslA:3984352-3986007:-,aslA,NC_000913.3,3984351,3986007,-,1656,Supplementary Table 1,910,MG1655,3984352,3986007
potC:1182826-1183620:-,potC,NC_000913.3,1182825,1183620,-,795,Supplementary Table 1,911,MG1655,1182826,1183620
aroE:3430020-3430838:-,aroE,NC_000913.3,3430019,3430838,-,819,Supplementary Table 1,912,MG1655,3430020,3430838
ydcS:1511654-1512799:+,ydcS,NC_000913.3,1511653,1512799,+,1146,Supplementary Table 1,913,MG1655,1511654,1512799
gltA:753185-754468:-,gltA,NC_000913.3,753184,754468,-,1284,Supplementary Table 1,914,MG1655,753185,754468
queG:4392928-4394067:-,queG,NC_000913.3,4392927,4394067,-,1140,Supplementary Table 1,915,MG1655,4392928,4394067
ubiD:4024988-4026481:+,ubiD,NC_000913.3,4024987,4026481,+,1494,Supplementary Table 1,916,MG1655,4024988,4026481
polA:4046966-4049752:+,polA,NC_000913.3,4046965,4049752,+,2787,Supplementary Table 1,917,MG1655,4046966,4049752
yidA:3876140-3876952:-,yidA,NC_000913.3,3876139,3876952,-,813,Supplementary Table 1,918,MG1655,3876140,3876952
ggt:3585081-3586823:-,ggt,NC_000913.3,3585080,3586823,-,1743,Supplementary Table 1,919,MG1655,3585081,3586823
elaB:2380722-2381027:-,elaB,NC_000913.3,2380721,2381027,-,306,Supplementary Table 1,920,MG1655,2380722,2381027
gsk:500125-501429:+,gsk,NC_000913.3,500124,501429,+,1305,Supplementary Table 1,921,MG1655,500125,501429
wrbA:1067112-1067708:-,wrbA,NC_000913.3,1067111,1067708,-,597,Supplementary Table 1,922,MG1655,1067112,1067708
sibA:2153309-2153451:+,sibA,NC_000913.3,2153308,2153451,+,143,Supplementary Table 1,923,MG1655,2153309,2153451
frlB:3501268-3502290:+,frlB,NC_000913.3,3501267,3502290,+,1023,Supplementary Table 1,924,MG1655,3501268,3502290
hslO:3529774-3530652:+,hslO,NC_000913.3,3529773,3530652,+,879,Supplementary Table 1,925,MG1655,3529774,3530652
yfdX:2493767-2494402:-,yfdX,NC_000913.3,2493766,2494402,-,636,Supplementary Table 1,926,MG1655,2493767,2494402
ilvI:85630-87354:+,ilvI,NC_000913.3,85629,87354,+,1725,Supplementary Table 1,927,MG1655,85630,87354
ylbH:527952-528659:+,ylbH,NC_000913.3,527951,528659,+,708,Supplementary Table 1,928,MG1655,527952,528659
yqeJ:2989304-2989786:+,yqeJ,NC_000913.3,2989303,2989786,+,483,Supplementary Table 1,929,MG1655,2989304,2989786
folP:3324063-3324911:-,folP,NC_000913.3,3324062,3324911,-,849,Supplementary Table 1,930,MG1655,3324063,3324911
tldD:3390583-3392028:-,tldD,NC_000913.3,3390582,3392028,-,1446,Supplementary Table 1,931,MG1655,3390583,3392028
araE:2980764-2982182:-,araE,NC_000913.3,2980763,2982182,-,1419,Supplementary Table 1,932,MG1655,2980764,2982182
yphD:2675827-2676825:-,yphD,NC_000913.3,2675826,2676825,-,999,Supplementary Table 1,933,MG1655,2675827,2676825
talA:2578666-2579616:+,talA,NC_000913.3,2578665,2579616,+,951,Supplementary Table 1,934,MG1655,2578666,2579616
hsdM:4581459-4583048:-,hsdM,NC_000913.3,4581458,4583048,-,1590,Supplementary Table 1,935,MG1655,4581459,4583048
essQ:1640370-1640585:-,essQ,NC_000913.3,1640369,1640585,-,216,Supplementary Table 1,936,MG1655,1640370,1640585
patD:1515578-1517002:+,patD,NC_000913.3,1515577,1517002,+,1425,Supplementary Table 1,937,MG1655,1515578,1517002
ecnA:4376317-4376442:+,ecnA,NC_000913.3,4376316,4376442,+,126,Supplementary Table 1,938,MG1655,4376317,4376442
glnQ:845741-846463:-,glnQ,NC_000913.3,845740,846463,-,723,Supplementary Table 1,939,MG1655,845741,846463
rpsM:3442115-3442471:-,rpsM,NC_000913.3,3442114,3442471,-,357,Supplementary Table 1,940,MG1655,3442115,3442471
sdhE:3040804-3041070:-,sdhE,NC_000913.3,3040803,3041070,-,267,Supplementary Table 1,941,MG1655,3040804,3041070
rng:3396326-3397795:-,rng,NC_000913.3,3396325,3397795,-,1470,Supplementary Table 1,942,MG1655,3396326,3397795
gstB:879854-880480:-,gstB,NC_000913.3,879853,880480,-,627,Supplementary Table 1,943,MG1655,879854,880480
degS:3382200-3383267:+,degS,NC_000913.3,3382199,3383267,+,1068,Supplementary Table 1,944,MG1655,3382200,3383267
asnA:3927155-3928147:+,asnA,NC_000913.3,3927154,3928147,+,993,Supplementary Table 1,945,MG1655,3927155,3928147
ibaG:3336549-3336803:-,ibaG,NC_000913.3,3336548,3336803,-,255,Supplementary Table 1,946,MG1655,3336549,3336803
yfdP:2473604-2473966:+,yfdP,NC_000913.3,2473603,2473966,+,363,Supplementary Table 1,947,MG1655,2473604,2473966
alsC:4308489-4309469:-,alsC,NC_000913.3,4308488,4309469,-,981,Supplementary Table 1,948,MG1655,4308489,4309469
ynhF:1737456-1737545:-,ynhF,NC_000913.3,1737455,1737545,-,90,Supplementary Table 1,949,MG1655,1737456,1737545
ydgD:1671960-1672781:+,ydgD,NC_000913.3,1671959,1672781,+,822,Supplementary Table 1,950,MG1655,1671960,1672781
yeeE:2084467-2085525:-,yeeE,NC_000913.3,2084466,2085525,-,1059,Supplementary Table 1,951,MG1655,2084467,2085525
ffs:476448-476561:+,ffs,NC_000913.3,476447,476561,+,114,Supplementary Table 1,952,MG1655,476448,476561
nrdA:2344865-2347150:+,nrdA,NC_000913.3,2344864,2347150,+,2286,Supplementary Table 1,953,MG1655,2344865,2347150
opgC:1107784-1108941:-,opgC,NC_000913.3,1107783,1108941,-,1158,Supplementary Table 1,954,MG1655,1107784,1108941
wecC:3971260-3972522:+,wecC,NC_000913.3,3971259,3972522,+,1263,Supplementary Table 1,955,MG1655,3971260,3972522
fecI:4517714-4518235:-,fecI,NC_000913.3,4517713,4518235,-,522,Supplementary Table 1,956,MG1655,4517714,4518235
trxA:3965761-3966090:+,trxA,NC_000913.3,3965760,3966090,+,330,Supplementary Table 1,957,MG1655,3965761,3966090
fdx:2656748-2657083:-,fdx,NC_000913.3,2656747,2657083,-,336,Supplementary Table 1,958,MG1655,2656748,2657083
ybfL:736825-737961:+,ybfL,NC_000913.3,736824,737961,+,1137,Supplementary Table 1,959,MG1655,736825,737961
ydiP:1778390-1779301:-,ydiP,NC_000913.3,1778389,1779301,-,912,Supplementary Table 1,960,MG1655,1778390,1779301
aceF:125695-127587:+,aceF,NC_000913.3,125694,127587,+,1893,Supplementary Table 1,961,MG1655,125695,127587
thrA:337-2799:+,thrA,NC_000913.3,336,2799,+,2463,Supplementary Table 1,962,MG1655,337,2799
yigL:4010200-4011000:+,yigL,NC_000913.3,4010199,4011000,+,801,Supplementary Table 1,963,MG1655,4010200,4011000
yagH:286789-288399:+,yagH,NC_000913.3,286788,288399,+,1611,Supplementary Table 1,964,MG1655,286789,288399
atpD:3915993-3917375:-,atpD,NC_000913.3,3915992,3917375,-,1383,Supplementary Table 1,965,MG1655,3915993,3917375
ybcH:587091-587981:-,ybcH,NC_000913.3,587090,587981,-,891,Supplementary Table 1,966,MG1655,587091,587981
ygeQ:2997692-2998828:-,ygeQ,NC_000913.3,2997691,2998828,-,1137,Supplementary Table 1,967,MG1655,2997692,2998828
rob:4634441-4635310:-,rob,NC_000913.3,4634440,4635310,-,870,Supplementary Table 1,968,MG1655,4634441,4635310
yigF:4002419-4002799:-,yigF,NC_000913.3,4002418,4002799,-,381,Supplementary Table 1,969,MG1655,4002419,4002799
ligT:161501-162031:-,ligT,NC_000913.3,161500,162031,-,531,Supplementary Table 1,970,MG1655,161501,162031
hslR:3529348-3529749:+,hslR,NC_000913.3,3529347,3529749,+,402,Supplementary Table 1,971,MG1655,3529348,3529749
nhaR:18715-19620:+,nhaR,NC_000913.3,18714,19620,+,906,Supplementary Table 1,972,MG1655,18715,19620
ydfK:1633072-1633305:+,ydfK,NC_000913.3,1633071,1633305,+,234,Supplementary Table 1,973,MG1655,1633072,1633305
mgrB:1908623-1908766:-,mgrB,NC_000913.3,1908622,1908766,-,144,Supplementary Table 1,974,MG1655,1908623,1908766
agaR:3277856-3278665:-,agaR,NC_000913.3,3277855,3278665,-,810,Supplementary Table 1,975,MG1655,3277856,3278665
nanR:3373698-3374489:-,nanR,NC_000913.3,3373697,3374489,-,792,Supplementary Table 1,976,MG1655,3373698,3374489
pgk:3071459-3072622:-,pgk,NC_000913.3,3071458,3072622,-,1164,Supplementary Table 1,977,MG1655,3071459,3072622
yghR:3132454-3133212:-,yghR,NC_000913.3,3132453,3133212,-,759,Supplementary Table 1,978,MG1655,3132454,3133212
xerC:3996287-3997183:+,xerC,NC_000913.3,3996286,3997183,+,897,Supplementary Table 1,979,MG1655,3996287,3997183
cyaA:3991153-3993699:+,cyaA,NC_000913.3,3991152,3993699,+,2547,Supplementary Table 1,980,MG1655,3991153,3993699
yaaX:5234-5530:+,yaaX,NC_000913.3,5233,5530,+,297,Supplementary Table 1,981,MG1655,5234,5530
nlpE:215269-215979:+,nlpE,NC_000913.3,215268,215979,+,711,Supplementary Table 1,982,MG1655,215269,215979
folK:157253-157732:-,folK,NC_000913.3,157252,157732,-,480,Supplementary Table 1,983,MG1655,157253,157732
icdC:1211413-1211577:+,icdC,NC_000913.3,1211412,1211577,+,165,Supplementary Table 1,984,MG1655,1211413,1211577
rimJ:1125562-1126146:+,rimJ,NC_000913.3,1125561,1126146,+,585,Supplementary Table 1,985,MG1655,1125562,1126146
yjiV:4573919-4576855:+,yjiV,NC_000913.3,4573918,4576855,+,2937,Supplementary Table 1,986,MG1655,4573919,4576855
crp:3486120-3486752:+,crp,NC_000913.3,3486119,3486752,+,633,Supplementary Table 1,987,MG1655,3486120,3486752
mtlD:3774424-3775572:+,mtlD,NC_000913.3,3774423,3775572,+,1149,Supplementary Table 1,988,MG1655,3774424,3775572
modA:795089-795862:+,modA,NC_000913.3,795088,795862,+,774,Supplementary Table 1,989,MG1655,795089,795862
yfbM:2386934-2387437:+,yfbM,NC_000913.3,2386933,2387437,+,504,Supplementary Table 1,990,MG1655,2386934,2387437
yjjX:4633233-4633745:-,yjjX,NC_000913.3,4633232,4633745,-,513,Supplementary Table 1,991,MG1655,4633233,4633745
cysM:2538672-2539583:-,cysM,NC_000913.3,2538671,2539583,-,912,Supplementary Table 1,992,MG1655,2538672,2539583
fdoI:4081225-4081860:-,fdoI,NC_000913.3,4081224,4081860,-,636,Supplementary Table 1,993,MG1655,4081225,4081860
flhC:1977266-1977844:-,flhC,NC_000913.3,1977265,1977844,-,579,Supplementary Table 1,994,MG1655,1977266,1977844
flgM:1129835-1130128:-,flgM,NC_000913.3,1129834,1130128,-,294,Supplementary Table 1,995,MG1655,1129835,1130128
yheS:3481289-3483202:+,yheS,NC_000913.3,3481288,3483202,+,1914,Supplementary Table 1,996,MG1655,3481289,3483202
yidR:3868062-3869309:-,yidR,NC_000913.3,3868061,3869309,-,1248,Supplementary Table 1,997,MG1655,3868062,3869309
yjhR:4534791-4536031:+,yjhR,NC_000913.3,4534790,4536031,+,1241,Supplementary Table 1,998,MG1655,4534791,4536031
yheU:3484218-3484436:+,yheU,NC_000913.3,3484217,3484436,+,219,Supplementary Table 1,999,MG1655,3484218,3484436
wecD:3974467-3975141:+,wecD,NC_000913.3,3974466,3975141,+,675,Supplementary Table 1,1000,MG1655,3974467,3975141
iaaA:866568-867533:+,iaaA,NC_000913.3,866567,867533,+,966,Supplementary Table 1,1001,MG1655,866568,867533
ypeB:2527941-2528159:-,ypeB,NC_000913.3,2527940,2528159,-,219,Supplementary Table 1,1002,MG1655,2527941,2528159
tauA:385232-386194:+,tauA,NC_000913.3,385231,386194,+,963,Supplementary Table 1,1003,MG1655,385232,386194
hisM:2424517-2425233:-,hisM,NC_000913.3,2424516,2425233,-,717,Supplementary Table 1,1004,MG1655,2424517,2425233
truC:2923002-2923784:-,truC,NC_000913.3,2923001,2923784,-,783,Supplementary Table 1,1005,MG1655,2923002,2923784
leuX:4496405-4496489:+,leuX,NC_000913.3,4496404,4496489,+,85,Supplementary Table 1,1006,MG1655,4496405,4496489
sibD:3194723-3194865:-,sibD,NC_000913.3,3194722,3194865,-,143,Supplementary Table 1,1007,MG1655,3194723,3194865
tsx:431129-432013:-,tsx,NC_000913.3,431128,432013,-,885,Supplementary Table 1,1008,MG1655,431129,432013
adhP:1552828-1553838:-,adhP,NC_000913.3,1552827,1553838,-,1011,Supplementary Table 1,1009,MG1655,1552828,1553838
zraS:4201926-4203323:+,zraS,NC_000913.3,4201925,4203323,+,1398,Supplementary Table 1,1010,MG1655,4201926,4203323
sodA:4100810-4101430:+,sodA,NC_000913.3,4100809,4101430,+,621,Supplementary Table 1,1011,MG1655,4100810,4101430
pinQ:1633622-1634212:+,pinQ,NC_000913.3,1633621,1634212,+,591,Supplementary Table 1,1012,MG1655,1633622,1634212
dusB:3410280-3411245:+,dusB,NC_000913.3,3410279,3411245,+,966,Supplementary Table 1,1013,MG1655,3410280,3411245
aroL:406405-406929:+,aroL,NC_000913.3,406404,406929,+,525,Supplementary Table 1,1014,MG1655,406405,406929
mdtM:4567287-4568519:-,mdtM,NC_000913.3,4567286,4568519,-,1233,Supplementary Table 1,1015,MG1655,4567287,4568519
yicN:3841950-3842402:-,yicN,NC_000913.3,3841949,3842402,-,453,Supplementary Table 1,1016,MG1655,3841950,3842402
lysU:4353200-4354717:-,lysU,NC_000913.3,4353199,4354717,-,1518,Supplementary Table 1,1017,MG1655,4353200,4354717
ryfD:2734153-2734295:-,ryfD,NC_000913.3,2734152,2734295,-,143,Supplementary Table 1,1018,MG1655,2734153,2734295
wzb:2135655-2136098:-,wzb,NC_000913.3,2135654,2136098,-,444,Supplementary Table 1,1019,MG1655,2135655,2136098
yhfL:3499448-3499615:+,yhfL,NC_000913.3,3499447,3499615,+,168,Supplementary Table 1,1020,MG1655,3499448,3499615
glmY:2691157-2691340:-,glmY,NC_000913.3,2691156,2691340,-,184,Supplementary Table 1,1021,MG1655,2691157,2691340
glnD:185978-188650:-,glnD,NC_000913.3,185977,188650,-,2673,Supplementary Table 1,1022,MG1655,185978,188650
yhfZ:3511439-3512344:-,yhfZ,NC_000913.3,3511438,3512344,-,906,Supplementary Table 1,1023,MG1655,3511439,3512344
yjgB:4495190-4496209:-,yjgB,NC_000913.3,4495189,4496209,-,1020,Supplementary Table 1,1024,MG1655,4495190,4496209
mdh:3383330-3384268:-,mdh,NC_000913.3,3383329,3384268,-,939,Supplementary Table 1,1025,MG1655,3383330,3384268
caiA:39244-40386:-,caiA,NC_000913.3,39243,40386,-,1143,Supplementary Table 1,1026,MG1655,39244,40386
yffB:2591247-2591603:+,yffB,NC_000913.3,2591246,2591603,+,357,Supplementary Table 1,1027,MG1655,2591247,2591603
wecH:3725887-3726882:+,wecH,NC_000913.3,3725886,3726882,+,996,Supplementary Table 1,1028,MG1655,3725887,3726882
flgN:1129414-1129830:-,flgN,NC_000913.3,1129413,1129830,-,417,Supplementary Table 1,1029,MG1655,1129414,1129830
rcsF:219591-219995:-,rcsF,NC_000913.3,219590,219995,-,405,Supplementary Table 1,1030,MG1655,219591,219995
yfgH:2629792-2630310:+,yfgH,NC_000913.3,2629791,2630310,+,519,Supplementary Table 1,1031,MG1655,2629792,2630310
atpH:3919870-3920403:-,atpH,NC_000913.3,3919869,3920403,-,534,Supplementary Table 1,1032,MG1655,3919870,3920403
htpG:495120-496994:+,htpG,NC_000913.3,495119,496994,+,1875,Supplementary Table 1,1033,MG1655,495120,496994
dnaB:4264314-4265729:+,dnaB,NC_000913.3,4264313,4265729,+,1416,Supplementary Table 1,1034,MG1655,4264314,4265729
thiF:4192821-4193576:-,thiF,NC_000913.3,4192820,4193576,-,756,Supplementary Table 1,1035,MG1655,4192821,4193576
yhjA:3667791-3669188:-,yhjA,NC_000913.3,3667790,3669188,-,1398,Supplementary Table 1,1036,MG1655,3667791,3669188
pphB:2859760-2860416:+,pphB,NC_000913.3,2859759,2860416,+,657,Supplementary Table 1,1037,MG1655,2859760,2860416
rplK:4178447-4178875:+,rplK,NC_000913.3,4178446,4178875,+,429,Supplementary Table 1,1038,MG1655,4178447,4178875
uxuA:4551636-4552820:+,uxuA,NC_000913.3,4551635,4552820,+,1185,Supplementary Table 1,1039,MG1655,4551636,4552820
relA:2911417-2913651:-,relA,NC_000913.3,2911416,2913651,-,2235,Supplementary Table 1,1040,MG1655,2911417,2913651
purH:4205943-4207532:-,purH,NC_000913.3,4205942,4207532,-,1590,Supplementary Table 1,1041,MG1655,4205943,4207532
yncL:1517099-1517194:-,yncL,NC_000913.3,1517098,1517194,-,96,Supplementary Table 1,1042,MG1655,1517099,1517194
pyrH:191855-192580:+,pyrH,NC_000913.3,191854,192580,+,726,Supplementary Table 1,1043,MG1655,191855,192580
yjgL:4475437-4477251:+,yjgL,NC_000913.3,4475436,4477251,+,1815,Supplementary Table 1,1044,MG1655,4475437,4477251
dppD:3702865-3703848:-,dppD,NC_000913.3,3702864,3703848,-,984,Supplementary Table 1,1045,MG1655,3702865,3703848
yrhB:3584759-3585043:+,yrhB,NC_000913.3,3584758,3585043,+,285,Supplementary Table 1,1046,MG1655,3584759,3585043
atpF:3920418-3920888:-,atpF,NC_000913.3,3920417,3920888,-,471,Supplementary Table 1,1047,MG1655,3920418,3920888
stpA:2798091-2798495:-,stpA,NC_000913.3,2798090,2798495,-,405,Supplementary Table 1,1048,MG1655,2798091,2798495
srlE:2826392-2827351:+,srlE,NC_000913.3,2826391,2827351,+,960,Supplementary Table 1,1049,MG1655,2826392,2827351
yrdE:3404638-3405031:+,yrdE,NC_000913.3,3404637,3405031,+,394,Supplementary Table 1,1050,MG1655,3404638,3405031
glpE:3561497-3561823:-,glpE,NC_000913.3,3561496,3561823,-,327,Supplementary Table 1,1051,MG1655,3561497,3561823
garL:3272787-3273557:-,garL,NC_000913.3,3272786,3273557,-,771,Supplementary Table 1,1052,MG1655,3272787,3273557
fimD:4545096-4547732:+,fimD,NC_000913.3,4545095,4547732,+,2637,Supplementary Table 1,1053,MG1655,4545096,4547732
umuD:1230767-1231186:+,umuD,NC_000913.3,1230766,1231186,+,420,Supplementary Table 1,1054,MG1655,1230767,1231186
rpsH:3446153-3446545:-,rpsH,NC_000913.3,3446152,3446545,-,393,Supplementary Table 1,1055,MG1655,3446153,3446545
nirC:3497003-3497809:+,nirC,NC_000913.3,3497002,3497809,+,807,Supplementary Table 1,1056,MG1655,3497003,3497809
malY:1700957-1702129:+,malY,NC_000913.3,1700956,1702129,+,1173,Supplementary Table 1,1057,MG1655,1700957,1702129
nlpI:3308040-3308924:-,nlpI,NC_000913.3,3308039,3308924,-,885,Supplementary Table 1,1058,MG1655,3308040,3308924
atpC:3915553-3915972:-,atpC,NC_000913.3,3915552,3915972,-,420,Supplementary Table 1,1059,MG1655,3915553,3915972
metE:4013053-4015314:+,metE,NC_000913.3,4013052,4015314,+,2262,Supplementary Table 1,1060,MG1655,4013053,4015314
rsmD:3604393-3604989:+,rsmD,NC_000913.3,3604392,3604989,+,597,Supplementary Table 1,1061,MG1655,3604393,3604989
holC:4483837-4484280:-,holC,NC_000913.3,4483836,4484280,-,444,Supplementary Table 1,1062,MG1655,4483837,4484280
argE:4153696-4154847:-,argE,NC_000913.3,4153695,4154847,-,1152,Supplementary Table 1,1063,MG1655,4153696,4154847
yafT:237335-238120:+,yafT,NC_000913.3,237334,238120,+,786,Supplementary Table 1,1064,MG1655,237335,238120
frlC:3502340-3503170:+,frlC,NC_000913.3,3502339,3503170,+,831,Supplementary Table 1,1065,MG1655,3502340,3503170
yafD:231122-231922:+,yafD,NC_000913.3,231121,231922,+,801,Supplementary Table 1,1066,MG1655,231122,231922
puuC:1362743-1364230:+,puuC,NC_000913.3,1362742,1364230,+,1488,Supplementary Table 1,1067,MG1655,1362743,1364230
ubiE:4018855-4019610:+,ubiE,NC_000913.3,4018854,4019610,+,756,Supplementary Table 1,1068,MG1655,4018855,4019610
metZ:2947387-2947463:+,metZ,NC_000913.3,2947386,2947463,+,77,Supplementary Table 1,1069,MG1655,2947387,2947463
ydbK:1437260-1440784:-,ydbK,NC_000913.3,1437259,1440784,-,3525,Supplementary Table 1,1070,MG1655,1437260,1440784
alr:4265782-4266861:+,alr,NC_000913.3,4265781,4266861,+,1080,Supplementary Table 1,1071,MG1655,4265782,4266861
hyaA:1032139-1033257:+,hyaA,NC_000913.3,1032138,1033257,+,1119,Supplementary Table 1,1072,MG1655,1032139,1033257
yfjH:2757644-2758600:-,yfjH,NC_000913.3,2757643,2758600,-,957,Supplementary Table 1,1073,MG1655,2757644,2758600
pntB:1674972-1676360:-,pntB,NC_000913.3,1674971,1676360,-,1389,Supplementary Table 1,1074,MG1655,1674972,1676360
tdk:1293527-1294144:+,tdk,NC_000913.3,1293526,1294144,+,618,Supplementary Table 1,1075,MG1655,1293527,1294144
spoT:3822400-3824508:+,spoT,NC_000913.3,3822399,3824508,+,2109,Supplementary Table 1,1076,MG1655,3822400,3824508
yahD:335280-335885:+,yahD,NC_000913.3,335279,335885,+,606,Supplementary Table 1,1077,MG1655,335280,335885
yiaG:3719478-3719768:+,yiaG,NC_000913.3,3719477,3719768,+,291,Supplementary Table 1,1078,MG1655,3719478,3719768
ynfN:1637954-1638109:-,ynfN,NC_000913.3,1637953,1638109,-,156,Supplementary Table 1,1079,MG1655,1637954,1638109
yiaY:3756676-3757827:-,yiaY,NC_000913.3,3756675,3757827,-,1152,Supplementary Table 1,1080,MG1655,3756676,3757827
uhpA:3850136-3850726:-,uhpA,NC_000913.3,3850135,3850726,-,591,Supplementary Table 1,1081,MG1655,3850136,3850726
yicR:3811891-3812559:-,yicR,NC_000913.3,3811890,3812559,-,669,Supplementary Table 1,1082,MG1655,3811891,3812559
skp:200482-200967:+,skp,NC_000913.3,200481,200967,+,486,Supplementary Table 1,1083,MG1655,200482,200967
ydbH:1443051-1445690:+,ydbH,NC_000913.3,1443050,1445690,+,2640,Supplementary Table 1,1084,MG1655,1443051,1445690
selC:3836222-3836316:+,selC,NC_000913.3,3836221,3836316,+,95,Supplementary Table 1,1085,MG1655,3836222,3836316
udp:4016431-4017192:+,udp,NC_000913.3,4016430,4017192,+,762,Supplementary Table 1,1086,MG1655,4016431,4017192
gyrB:3877705-3880119:-,gyrB,NC_000913.3,3877704,3880119,-,2415,Supplementary Table 1,1087,MG1655,3877705,3880119
uspF:1435185-1435619:-,uspF,NC_000913.3,1435184,1435619,-,435,Supplementary Table 1,1088,MG1655,1435185,1435619
rbfA:3312777-3313178:-,rbfA,NC_000913.3,3312776,3313178,-,402,Supplementary Table 1,1089,MG1655,3312777,3313178
ascF:2839524-2840981:+,ascF,NC_000913.3,2839523,2840981,+,1458,Supplementary Table 1,1090,MG1655,2839524,2840981
pyrG:2908029-2909666:-,pyrG,NC_000913.3,2908028,2909666,-,1638,Supplementary Table 1,1091,MG1655,2908029,2909666
def:3433690-3434199:+,def,NC_000913.3,3433689,3434199,+,510,Supplementary Table 1,1092,MG1655,3433690,3434199
yebC:1947411-1948151:-,yebC,NC_000913.3,1947410,1948151,-,741,Supplementary Table 1,1093,MG1655,1947411,1948151
ygbE:2873014-2873337:-,ygbE,NC_000913.3,2873013,2873337,-,324,Supplementary Table 1,1094,MG1655,2873014,2873337
yaiT:390251-391708:+,yaiT,NC_000913.3,390250,391708,+,1458,Supplementary Table 1,1095,MG1655,390251,391708
yaiT:392970-394418:+,yaiT,NC_000913.3,392969,394418,+,1449,Supplementary Table 1,1096,MG1655,392970,394418
ybdN:635349-636569:-,ybdN,NC_000913.3,635348,636569,-,1221,Supplementary Table 1,1097,MG1655,635349,636569
ppiC:3959532-3959813:-,ppiC,NC_000913.3,3959531,3959813,-,282,Supplementary Table 1,1098,MG1655,3959532,3959813
ybgS:784937-785317:-,ybgS,NC_000913.3,784936,785317,-,381,Supplementary Table 1,1099,MG1655,784937,785317
fecD:4511458-4512414:-,fecD,NC_000913.3,4511457,4512414,-,957,Supplementary Table 1,1100,MG1655,4511458,4512414
hisR:3982509-3982585:+,hisR,NC_000913.3,3982508,3982585,+,77,Supplementary Table 1,1101,MG1655,3982509,3982585
nadE:1822458-1823285:+,nadE,NC_000913.3,1822457,1823285,+,828,Supplementary Table 1,1102,MG1655,1822458,1823285
chbA:1819455-1819805:-,chbA,NC_000913.3,1819454,1819805,-,351,Supplementary Table 1,1103,MG1655,1819455,1819805
yqgB:3085920-3086051:-,yqgB,NC_000913.3,3085919,3086051,-,132,Supplementary Table 1,1104,MG1655,3085920,3086051
yciC:1312920-1313663:-,yciC,NC_000913.3,1312919,1313663,-,744,Supplementary Table 1,1105,MG1655,1312920,1313663
yiaS:3750086-3750781:+,yiaS,NC_000913.3,3750085,3750781,+,696,Supplementary Table 1,1106,MG1655,3750086,3750781
ytfL:4439872-4441215:-,ytfL,NC_000913.3,4439871,4441215,-,1344,Supplementary Table 1,1107,MG1655,4439872,4441215
envR:3412803-3413465:-,envR,NC_000913.3,3412802,3413465,-,663,Supplementary Table 1,1108,MG1655,3412803,3413465
plsC:3162744-3163481:-,plsC,NC_000913.3,3162743,3163481,-,738,Supplementary Table 1,1109,MG1655,3162744,3163481
malT:3553085-3555790:+,malT,NC_000913.3,3553084,3555790,+,2706,Supplementary Table 1,1110,MG1655,3553085,3555790
pmrR:4332116-4332205:+,pmrR,NC_000913.3,4332115,4332205,+,90,Supplementary Table 1,1111,MG1655,4332116,4332205
gntP:4549953-4551296:-,gntP,NC_000913.3,4549952,4551296,-,1344,Supplementary Table 1,1112,MG1655,4549953,4551296
ygjH:3220915-3221247:-,ygjH,NC_000913.3,3220914,3221247,-,333,Supplementary Table 1,1113,MG1655,3220915,3221247
rhlB:3964365-3965630:-,rhlB,NC_000913.3,3964364,3965630,-,1266,Supplementary Table 1,1114,MG1655,3964365,3965630
rzpD:578107-578568:+,rzpD,NC_000913.3,578106,578568,+,462,Supplementary Table 1,1115,MG1655,578107,578568
alsE:4307783-4308478:-,alsE,NC_000913.3,4307782,4308478,-,696,Supplementary Table 1,1116,MG1655,4307783,4308478
clpP:456677-457300:+,clpP,NC_000913.3,456676,457300,+,624,Supplementary Table 1,1117,MG1655,456677,457300
oppB:1302899-1303819:+,oppB,NC_000913.3,1302898,1303819,+,921,Supplementary Table 1,1118,MG1655,1302899,1303819
yciB:1312351-1312890:-,yciB,NC_000913.3,1312350,1312890,-,540,Supplementary Table 1,1119,MG1655,1312351,1312890
eutT:2573502-2574305:-,eutT,NC_000913.3,2573501,2574305,-,804,Supplementary Table 1,1120,MG1655,2573502,2574305
ypdA:2498671-2500368:+,ypdA,NC_000913.3,2498670,2500368,+,1698,Supplementary Table 1,1121,MG1655,2498671,2500368
yqiJ:3192208-3192837:+,yqiJ,NC_000913.3,3192207,3192837,+,630,Supplementary Table 1,1122,MG1655,3192208,3192837
ftsA:103982-105244:+,ftsA,NC_000913.3,103981,105244,+,1263,Supplementary Table 1,1123,MG1655,103982,105244
cmtB:3078887-3079330:-,cmtB,NC_000913.3,3078886,3079330,-,444,Supplementary Table 1,1124,MG1655,3078887,3079330
fieF:4106469-4107371:+,fieF,NC_000913.3,4106468,4107371,+,903,Supplementary Table 1,1125,MG1655,4106469,4107371
eutD:2572489-2573505:-,eutD,NC_000913.3,2572488,2573505,-,1017,Supplementary Table 1,1126,MG1655,2572489,2573505
ygjJ:3227801-3228871:+,ygjJ,NC_000913.3,3227800,3228871,+,1071,Supplementary Table 1,1127,MG1655,3227801,3228871
ybbC:527581-527949:+,ybbC,NC_000913.3,527580,527949,+,369,Supplementary Table 1,1128,MG1655,527581,527949
yafJ:244327-245094:+,yafJ,NC_000913.3,244326,245094,+,768,Supplementary Table 1,1129,MG1655,244327,245094
potA:1184458-1185594:-,potA,NC_000913.3,1184457,1185594,-,1137,Supplementary Table 1,1130,MG1655,1184458,1185594
mipA:1865726-1866472:-,mipA,NC_000913.3,1865725,1866472,-,747,Supplementary Table 1,1131,MG1655,1865726,1866472
clpA:923264-925540:+,clpA,NC_000913.3,923263,925540,+,2277,Supplementary Table 1,1132,MG1655,923264,925540
sbp:4108834-4109823:+,sbp,NC_000913.3,4108833,4109823,+,990,Supplementary Table 1,1133,MG1655,4108834,4109823
srlA:2825832-2826395:+,srlA,NC_000913.3,2825831,2826395,+,564,Supplementary Table 1,1134,MG1655,2825832,2826395
yrdB:3429766-3430023:-,yrdB,NC_000913.3,3429765,3430023,-,258,Supplementary Table 1,1135,MG1655,3429766,3430023
purC:2596905-2597618:-,purC,NC_000913.3,2596904,2597618,-,714,Supplementary Table 1,1136,MG1655,2596905,2597618
thyA:2964361-2965155:-,thyA,NC_000913.3,2964360,2965155,-,795,Supplementary Table 1,1137,MG1655,2964361,2965155
yaeQ:214291-214836:+,yaeQ,NC_000913.3,214290,214836,+,546,Supplementary Table 1,1138,MG1655,214291,214836
cspE:657292-657501:+,cspE,NC_000913.3,657291,657501,+,210,Supplementary Table 1,1139,MG1655,657292,657501
bglB:3902289-3903701:-,bglB,NC_000913.3,3902288,3903701,-,1413,Supplementary Table 1,1140,MG1655,3902289,3903701
ahpF:639753-641318:+,ahpF,NC_000913.3,639752,641318,+,1566,Supplementary Table 1,1141,MG1655,639753,641318
rpoZ:3822106-3822381:+,rpoZ,NC_000913.3,3822105,3822381,+,276,Supplementary Table 1,1142,MG1655,3822106,3822381
uraA:2618871-2620160:-,uraA,NC_000913.3,2618870,2620160,-,1290,Supplementary Table 1,1143,MG1655,2618871,2620160
yggX:3104093-3104368:+,yggX,NC_000913.3,3104092,3104368,+,276,Supplementary Table 1,1144,MG1655,3104093,3104368
kdsD:3341266-3342252:+,kdsD,NC_000913.3,3341265,3342252,+,987,Supplementary Table 1,1145,MG1655,3341266,3342252
dadX:1238879-1239949:+,dadX,NC_000913.3,1238878,1239949,+,1071,Supplementary Table 1,1146,MG1655,1238879,1239949
rbsB:3936278-3937168:+,rbsB,NC_000913.3,3936277,3937168,+,891,Supplementary Table 1,1147,MG1655,3936278,3937168
yjiM:4564699-4565850:-,yjiM,NC_000913.3,4564698,4565850,-,1152,Supplementary Table 1,1148,MG1655,4564699,4565850
gloA:1727837-1728244:+,gloA,NC_000913.3,1727836,1728244,+,408,Supplementary Table 1,1149,MG1655,1727837,1728244
ispA:440202-441101:-,ispA,NC_000913.3,440201,441101,-,900,Supplementary Table 1,1150,MG1655,440202,441101
waaG:3805943-3807067:-,waaG,NC_000913.3,3805942,3807067,-,1125,Supplementary Table 1,1151,MG1655,3805943,3807067
hemX:3987885-3989066:-,hemX,NC_000913.3,3987884,3989066,-,1182,Supplementary Table 1,1152,MG1655,3987885,3989066
yfcI:2422649-2423539:-,yfcI,NC_000913.3,2422648,2423539,-,891,Supplementary Table 1,1153,MG1655,2422649,2423539
yfiR:2741875-2742393:+,yfiR,NC_000913.3,2741874,2742393,+,519,Supplementary Table 1,1154,MG1655,2741875,2742393
fumB:4345680-4347326:-,fumB,NC_000913.3,4345679,4347326,-,1647,Supplementary Table 1,1155,MG1655,4345680,4347326
yicG:3818874-3819491:+,yicG,NC_000913.3,3818873,3819491,+,618,Supplementary Table 1,1156,MG1655,3818874,3819491
yraJ:3288814-3291330:+,yraJ,NC_000913.3,3288813,3291330,+,2517,Supplementary Table 1,1157,MG1655,3288814,3291330
yihD:4042069-4042338:+,yihD,NC_000913.3,4042068,4042338,+,270,Supplementary Table 1,1158,MG1655,4042069,4042338
queD:2892214-2892579:+,queD,NC_000913.3,2892213,2892579,+,366,Supplementary Table 1,1159,MG1655,2892214,2892579
yjeT:4404386-4404583:+,yjeT,NC_000913.3,4404385,4404583,+,198,Supplementary Table 1,1160,MG1655,4404386,4404583
frvB:4090915-4092366:-,frvB,NC_000913.3,4090914,4092366,-,1452,Supplementary Table 1,1161,MG1655,4090915,4092366
ssrS:3055983-3056165:+,ssrS,NC_000913.3,3055982,3056165,+,183,Supplementary Table 1,1162,MG1655,3055983,3056165
ykgI:318331-318567:-,ykgI,NC_000913.3,318330,318567,-,237,Supplementary Table 1,1163,MG1655,318331,318567
glyY:4392583-4392658:+,glyY,NC_000913.3,4392582,4392658,+,76,Supplementary Table 1,1164,MG1655,4392583,4392658
fucI:2935584-2937359:+,fucI,NC_000913.3,2935583,2937359,+,1776,Supplementary Table 1,1165,MG1655,2935584,2937359
fimC:4544304-4545029:+,fimC,NC_000913.3,4544303,4545029,+,726,Supplementary Table 1,1166,MG1655,4544304,4545029
yeaW:1884665-1885789:+,yeaW,NC_000913.3,1884664,1885789,+,1125,Supplementary Table 1,1167,MG1655,1884665,1885789
ftsN:4122380-4123339:-,ftsN,NC_000913.3,4122379,4123339,-,960,Supplementary Table 1,1168,MG1655,4122380,4123339
nohD:580834-581379:+,nohD,NC_000913.3,580833,581379,+,546,Supplementary Table 1,1169,MG1655,580834,581379
yigZ:4032492-4033106:+,yigZ,NC_000913.3,4032491,4033106,+,615,Supplementary Table 1,1170,MG1655,4032492,4033106
yeiG:2243910-2244746:+,yeiG,NC_000913.3,2243909,2244746,+,837,Supplementary Table 1,1171,MG1655,2243910,2244746
pqiA:1012001-1013254:+,pqiA,NC_000913.3,1012000,1013254,+,1254,Supplementary Table 1,1172,MG1655,1012001,1013254
sibE:3195099-3195240:-,sibE,NC_000913.3,3195098,3195240,-,142,Supplementary Table 1,1173,MG1655,3195099,3195240
hemB:388753-389727:-,hemB,NC_000913.3,388752,389727,-,975,Supplementary Table 1,1174,MG1655,388753,389727
smtA:973537-974322:+,smtA,NC_000913.3,973536,974322,+,786,Supplementary Table 1,1175,MG1655,973537,974322
yigM:4011076-4011975:+,yigM,NC_000913.3,4011075,4011975,+,900,Supplementary Table 1,1176,MG1655,4011076,4011975
ptrA:2955996-2958884:-,ptrA,NC_000913.3,2955995,2958884,-,2889,Supplementary Table 1,1177,MG1655,2955996,2958884
nnr:4394066-4395613:+,nnr,NC_000913.3,4394065,4395613,+,1548,Supplementary Table 1,1178,MG1655,4394066,4395613
parE:3173504-3175396:-,parE,NC_000913.3,3173503,3175396,-,1893,Supplementary Table 1,1179,MG1655,3173504,3175396
rrsC:3941808-3943349:+,rrsC,NC_000913.3,3941807,3943349,+,1542,Supplementary Table 1,1180,MG1655,3941808,3943349
yrdA:3429236-3429790:+,yrdA,NC_000913.3,3429235,3429790,+,555,Supplementary Table 1,1181,MG1655,3429236,3429790
ydcF:1487235-1488035:+,ydcF,NC_000913.3,1487234,1488035,+,801,Supplementary Table 1,1182,MG1655,1487235,1488035
yjhC:4505287-4506405:+,yjhC,NC_000913.3,4505286,4506405,+,1119,Supplementary Table 1,1183,MG1655,4505287,4506405
gspG:3461023-3461460:+,gspG,NC_000913.3,3461022,3461460,+,438,Supplementary Table 1,1184,MG1655,3461023,3461460
uacT:3031367-3032815:+,uacT,NC_000913.3,3031366,3032815,+,1449,Supplementary Table 1,1185,MG1655,3031367,3032815
rrrQ:1639524-1640057:-,rrrQ,NC_000913.3,1639523,1640057,-,534,Supplementary Table 1,1186,MG1655,1639524,1640057
aspU:228928-229004:+,aspU,NC_000913.3,228927,229004,+,77,Supplementary Table 1,1187,MG1655,228928,229004
yhbX:3319988-3321613:-,yhbX,NC_000913.3,3319987,3321613,-,1626,Supplementary Table 1,1188,MG1655,3319988,3321613
acrF:3415033-3418137:+,acrF,NC_000913.3,3415032,3418137,+,3105,Supplementary Table 1,1189,MG1655,3415033,3418137
sfmC:558974-559666:+,sfmC,NC_000913.3,558973,559666,+,693,Supplementary Table 1,1190,MG1655,558974,559666
glgB:3571316-3573502:-,glgB,NC_000913.3,3571315,3573502,-,2187,Supplementary Table 1,1191,MG1655,3571316,3573502
rluD:2735031-2736011:-,rluD,NC_000913.3,2735030,2736011,-,981,Supplementary Table 1,1192,MG1655,2735031,2736011
ygeF:2990554-2991043:+,ygeF,NC_000913.3,2990553,2991043,+,490,Supplementary Table 1,1193,MG1655,2990554,2991043
gsiD:871890-872801:+,gsiD,NC_000913.3,871889,872801,+,912,Supplementary Table 1,1194,MG1655,871890,872801
flhD:1977847-1978197:-,flhD,NC_000913.3,1977846,1978197,-,351,Supplementary Table 1,1195,MG1655,1977847,1978197
ydfV:1645897-1646202:+,ydfV,NC_000913.3,1645896,1646202,+,306,Supplementary Table 1,1196,MG1655,1645897,1646202
fecR:4516764-4517717:-,fecR,NC_000913.3,4516763,4517717,-,954,Supplementary Table 1,1197,MG1655,4516764,4517717
visC:3051115-3052317:-,visC,NC_000913.3,3051114,3052317,-,1203,Supplementary Table 1,1198,MG1655,3051115,3052317
rpiB:4313350-4313799:+,rpiB,NC_000913.3,4313349,4313799,+,450,Supplementary Table 1,1199,MG1655,4313350,4313799
pbpG:2223938-2224870:-,pbpG,NC_000913.3,2223937,2224870,-,933,Supplementary Table 1,1200,MG1655,2223938,2224870
guaD:3025766-3027085:+,guaD,NC_000913.3,3025765,3027085,+,1320,Supplementary Table 1,1201,MG1655,3025766,3027085
rimP:3317554-3318006:-,rimP,NC_000913.3,3317553,3318006,-,453,Supplementary Table 1,1202,MG1655,3317554,3318006
rodZ:2641831-2642844:-,rodZ,NC_000913.3,2641830,2642844,-,1014,Supplementary Table 1,1203,MG1655,2641831,2642844
wecB:3970133-3971263:+,wecB,NC_000913.3,3970132,3971263,+,1131,Supplementary Table 1,1204,MG1655,3970133,3971263
ybhP:823736-824497:-,ybhP,NC_000913.3,823735,824497,-,762,Supplementary Table 1,1205,MG1655,823736,824497
aspA:4366891-4368327:-,aspA,NC_000913.3,4366890,4368327,-,1437,Supplementary Table 1,1206,MG1655,4366891,4368327
znuA:1941651-1942583:-,znuA,NC_000913.3,1941650,1942583,-,933,Supplementary Table 1,1207,MG1655,1941651,1942583
dnaK:12163-14079:+,dnaK,NC_000913.3,12162,14079,+,1917,Supplementary Table 1,1208,MG1655,12163,14079
tnaC:3888435-3888509:+,tnaC,NC_000913.3,3888434,3888509,+,75,Supplementary Table 1,1209,MG1655,3888435,3888509
hupB:461451-461723:+,hupB,NC_000913.3,461450,461723,+,273,Supplementary Table 1,1210,MG1655,461451,461723
hpt:141431-141967:+,hpt,NC_000913.3,141430,141967,+,537,Supplementary Table 1,1211,MG1655,141431,141967
nudI:2364554-2364979:+,nudI,NC_000913.3,2364553,2364979,+,426,Supplementary Table 1,1212,MG1655,2364554,2364979
csgB:1103951-1104406:+,csgB,NC_000913.3,1103950,1104406,+,456,Supplementary Table 1,1213,MG1655,1103951,1104406
cpxA:4103602-4104975:-,cpxA,NC_000913.3,4103601,4104975,-,1374,Supplementary Table 1,1214,MG1655,4103602,4104975
ypdB:2500383-2501117:+,ypdB,NC_000913.3,2500382,2501117,+,735,Supplementary Table 1,1215,MG1655,2500383,2501117
yaaI:11382-11786:-,yaaI,NC_000913.3,11381,11786,-,405,Supplementary Table 1,1216,MG1655,11382,11786
yohP:2228982-2229065:+,yohP,NC_000913.3,2228981,2229065,+,84,Supplementary Table 1,1217,MG1655,2228982,2229065
garP:3273573-3274907:-,garP,NC_000913.3,3273572,3274907,-,1335,Supplementary Table 1,1218,MG1655,3273573,3274907
fabZ:202101-202556:+,fabZ,NC_000913.3,202100,202556,+,456,Supplementary Table 1,1219,MG1655,202101,202556
gshB:3091878-3092828:+,gshB,NC_000913.3,3091877,3092828,+,951,Supplementary Table 1,1220,MG1655,3091878,3092828
mlaA:2464252-2465007:-,mlaA,NC_000913.3,2464251,2465007,-,756,Supplementary Table 1,1221,MG1655,2464252,2465007
uxuB:4552901-4554361:+,uxuB,NC_000913.3,4552900,4554361,+,1461,Supplementary Table 1,1222,MG1655,4552901,4554361
yibA:3766337-3767179:+,yibA,NC_000913.3,3766336,3767179,+,843,Supplementary Table 1,1223,MG1655,3766337,3767179
ispG:2640686-2641804:-,ispG,NC_000913.3,2640685,2641804,-,1119,Supplementary Table 1,1224,MG1655,2640686,2641804
yagF:283201-285168:+,yagF,NC_000913.3,283200,285168,+,1968,Supplementary Table 1,1225,MG1655,283201,285168
dld:2222185-2223900:+,dld,NC_000913.3,2222184,2223900,+,1716,Supplementary Table 1,1226,MG1655,2222185,2223900
yedF:2009479-2009712:+,yedF,NC_000913.3,2009478,2009712,+,234,Supplementary Table 1,1227,MG1655,2009479,2009712
ychQ:1266924-1267316:+,ychQ,NC_000913.3,1266923,1267316,+,393,Supplementary Table 1,1228,MG1655,1266924,1267316
kefG:3480607-3481161:-,kefG,NC_000913.3,3480606,3481161,-,555,Supplementary Table 1,1229,MG1655,3480607,3481161
yfdF:2463012-2464070:+,yfdF,NC_000913.3,2463011,2464070,+,1059,Supplementary Table 1,1230,MG1655,2463012,2464070
yaeR:211877-212266:+,yaeR,NC_000913.3,211876,212266,+,390,Supplementary Table 1,1231,MG1655,211877,212266
yeaP:1877715-1878740:+,yeaP,NC_000913.3,1877714,1878740,+,1026,Supplementary Table 1,1232,MG1655,1877715,1878740
feoB:3540407-3542728:+,feoB,NC_000913.3,3540406,3542728,+,2322,Supplementary Table 1,1233,MG1655,3540407,3542728
menA:4119423-4120349:-,menA,NC_000913.3,4119422,4120349,-,927,Supplementary Table 1,1234,MG1655,4119423,4120349
wcaC:2130853-2132070:-,wcaC,NC_000913.3,2130852,2132070,-,1218,Supplementary Table 1,1235,MG1655,2130853,2132070
queF:2925348-2926196:+,queF,NC_000913.3,2925347,2926196,+,849,Supplementary Table 1,1236,MG1655,2925348,2926196
rsxG:1710204-1710824:+,rsxG,NC_000913.3,1710203,1710824,+,621,Supplementary Table 1,1237,MG1655,1710204,1710824
ykfJ:253479-253685:+,ykfJ,NC_000913.3,253478,253685,+,207,Supplementary Table 1,1238,MG1655,253479,253685
rho:3966417-3967676:+,rho,NC_000913.3,3966416,3967676,+,1260,Supplementary Table 1,1239,MG1655,3966417,3967676
serA:3057178-3058410:-,serA,NC_000913.3,3057177,3058410,-,1233,Supplementary Table 1,1240,MG1655,3057178,3058410
cysD:2875421-2876329:-,cysD,NC_000913.3,2875420,2876329,-,909,Supplementary Table 1,1241,MG1655,2875421,2876329
ftsQ:103155-103985:+,ftsQ,NC_000913.3,103154,103985,+,831,Supplementary Table 1,1242,MG1655,103155,103985
argQ:2817784-2817860:-,argQ,NC_000913.3,2817783,2817860,-,77,Supplementary Table 1,1243,MG1655,2817784,2817860
rffH:3973608-3974489:+,rffH,NC_000913.3,3973607,3974489,+,882,Supplementary Table 1,1244,MG1655,3973608,3974489
mcrB:4577958-4579337:-,mcrB,NC_000913.3,4577957,4579337,-,1380,Supplementary Table 1,1245,MG1655,4577958,4579337
greB:3536812-3537288:+,greB,NC_000913.3,3536811,3537288,+,477,Supplementary Table 1,1246,MG1655,3536812,3537288
yfiB:2743625-2744107:+,yfiB,NC_000913.3,2743624,2744107,+,483,Supplementary Table 1,1247,MG1655,2743625,2744107
dmlR:1880886-1881809:-,dmlR,NC_000913.3,1880885,1881809,-,924,Supplementary Table 1,1248,MG1655,1880886,1881809
yjbF:4236262-4236900:+,yjbF,NC_000913.3,4236261,4236900,+,639,Supplementary Table 1,1249,MG1655,4236262,4236900
ftsB:2872509-2872820:-,ftsB,NC_000913.3,2872508,2872820,-,312,Supplementary Table 1,1250,MG1655,2872509,2872820
pflA:950340-951080:-,pflA,NC_000913.3,950339,951080,-,741,Supplementary Table 1,1251,MG1655,950340,951080
map:188712-189506:-,map,NC_000913.3,188711,189506,-,795,Supplementary Table 1,1252,MG1655,188712,189506
arsR:3648528-3648881:+,arsR,NC_000913.3,3648527,3648881,+,354,Supplementary Table 1,1253,MG1655,3648528,3648881
rplQ:3439616-3439999:-,rplQ,NC_000913.3,3439615,3439999,-,384,Supplementary Table 1,1254,MG1655,3439616,3439999
codB:354922-356181:+,codB,NC_000913.3,354921,356181,+,1260,Supplementary Table 1,1255,MG1655,354922,356181
sdaB:2929576-2930943:+,sdaB,NC_000913.3,2929575,2930943,+,1368,Supplementary Table 1,1256,MG1655,2929576,2930943
gnsA:1052067-1052240:+,gnsA,NC_000913.3,1052066,1052240,+,174,Supplementary Table 1,1257,MG1655,1052067,1052240
rapA:60358-63264:-,rapA,NC_000913.3,60357,63264,-,2907,Supplementary Table 1,1258,MG1655,60358,63264
yoaG:1879403-1879585:-,yoaG,NC_000913.3,1879402,1879585,-,183,Supplementary Table 1,1259,MG1655,1879403,1879585
tusE:1030339-1030668:-,tusE,NC_000913.3,1030338,1030668,-,330,Supplementary Table 1,1260,MG1655,1030339,1030668
uxaC:3243329-3244741:-,uxaC,NC_000913.3,3243328,3244741,-,1413,Supplementary Table 1,1261,MG1655,3243329,3244741
ygaC:2799650-2799994:-,ygaC,NC_000913.3,2799649,2799994,-,345,Supplementary Table 1,1262,MG1655,2799650,2799994
yrfF:3526469-3528604:+,yrfF,NC_000913.3,3526468,3528604,+,2136,Supplementary Table 1,1263,MG1655,3526469,3528604
mscM:4386047-4389370:-,mscM,NC_000913.3,4386046,4389370,-,3324,Supplementary Table 1,1264,MG1655,4386047,4389370
yejH:2280632-2282392:+,yejH,NC_000913.3,2280631,2282392,+,1761,Supplementary Table 1,1265,MG1655,2280632,2282392
pka:2719953-2722613:+,pka,NC_000913.3,2719952,2722613,+,2661,Supplementary Table 1,1266,MG1655,2719953,2722613
bcsF:3698026-3698217:+,bcsF,NC_000913.3,3698025,3698217,+,192,Supplementary Table 1,1267,MG1655,3698026,3698217
ffh:2746434-2747795:-,ffh,NC_000913.3,2746433,2747795,-,1362,Supplementary Table 1,1268,MG1655,2746434,2747795
yceA:1116807-1117859:+,yceA,NC_000913.3,1116806,1117859,+,1053,Supplementary Table 1,1269,MG1655,1116807,1117859
atpG:3917402-3918265:-,atpG,NC_000913.3,3917401,3918265,-,864,Supplementary Table 1,1270,MG1655,3917402,3918265
emrA:2811427-2812599:+,emrA,NC_000913.3,2811426,2812599,+,1173,Supplementary Table 1,1271,MG1655,2811427,2812599
potB:1183617-1184444:-,potB,NC_000913.3,1183616,1184444,-,828,Supplementary Table 1,1272,MG1655,1183617,1184444
ydiQ:1779617-1780381:+,ydiQ,NC_000913.3,1779616,1780381,+,765,Supplementary Table 1,1273,MG1655,1779617,1780381
gloB:234027-234782:-,gloB,NC_000913.3,234026,234782,-,756,Supplementary Table 1,1274,MG1655,234027,234782
yhhX:3579768-3580805:-,yhhX,NC_000913.3,3579767,3580805,-,1038,Supplementary Table 1,1275,MG1655,3579768,3580805
ykgJ:303853-304182:-,ykgJ,NC_000913.3,303852,304182,-,330,Supplementary Table 1,1276,MG1655,303853,304182
yqcA:2922535-2922984:-,yqcA,NC_000913.3,2922534,2922984,-,450,Supplementary Table 1,1277,MG1655,2922535,2922984
surE:2869513-2870274:-,surE,NC_000913.3,2869512,2870274,-,762,Supplementary Table 1,1278,MG1655,2869513,2870274
yfiP:2719223-2719921:+,yfiP,NC_000913.3,2719222,2719921,+,699,Supplementary Table 1,1279,MG1655,2719223,2719921
yafE:231926-232549:+,yafE,NC_000913.3,231925,232549,+,624,Supplementary Table 1,1280,MG1655,231926,232549
mlc:1667344-1668564:-,mlc,NC_000913.3,1667343,1668564,-,1221,Supplementary Table 1,1281,MG1655,1667344,1668564
yncI:1530586-1531639:+,yncI,NC_000913.3,1530585,1531639,+,1054,Supplementary Table 1,1282,MG1655,1530586,1531639
queA:425011-426081:+,queA,NC_000913.3,425010,426081,+,1071,Supplementary Table 1,1283,MG1655,425011,426081
ygcN:2892657-2893928:+,ygcN,NC_000913.3,2892656,2893928,+,1272,Supplementary Table 1,1284,MG1655,2892657,2893928
ybfQ:736445-736684:+,ybfQ,NC_000913.3,736444,736684,+,240,Supplementary Table 1,1285,MG1655,736445,736684
yihW:4074669-4075454:+,yihW,NC_000913.3,4074668,4075454,+,786,Supplementary Table 1,1286,MG1655,4074669,4075454
rnhB:204493-205089:+,rnhB,NC_000913.3,204492,205089,+,597,Supplementary Table 1,1287,MG1655,204493,205089
cysT:1991914-1991987:-,cysT,NC_000913.3,1991913,1991987,-,74,Supplementary Table 1,1288,MG1655,1991914,1991987
yqcC:2923784-2924113:-,yqcC,NC_000913.3,2923783,2924113,-,330,Supplementary Table 1,1289,MG1655,2923784,2924113
uxuR:4554576-4555349:+,uxuR,NC_000913.3,4554575,4555349,+,774,Supplementary Table 1,1290,MG1655,4554576,4555349
kdpA:727059-728732:-,kdpA,NC_000913.3,727058,728732,-,1674,Supplementary Table 1,1291,MG1655,727059,728732
ppc:4150447-4153098:-,ppc,NC_000913.3,4150446,4153098,-,2652,Supplementary Table 1,1292,MG1655,4150447,4153098
proM:3982735-3982811:+,proM,NC_000913.3,3982734,3982811,+,77,Supplementary Table 1,1293,MG1655,3982735,3982811
araF:1985139-1986128:-,araF,NC_000913.3,1985138,1986128,-,990,Supplementary Table 1,1294,MG1655,1985139,1986128
pepD:254259-255716:-,pepD,NC_000913.3,254258,255716,-,1458,Supplementary Table 1,1295,MG1655,254259,255716
ygbJ:2861430-2862338:+,ygbJ,NC_000913.3,2861429,2862338,+,909,Supplementary Table 1,1296,MG1655,2861430,2862338
yqiA:3175425-3176006:-,yqiA,NC_000913.3,3175424,3176006,-,582,Supplementary Table 1,1297,MG1655,3175425,3176006
ompR:3535865-3536584:-,ompR,NC_000913.3,3535864,3536584,-,720,Supplementary Table 1,1298,MG1655,3535865,3536584
glyV:4392360-4392435:+,glyV,NC_000913.3,4392359,4392435,+,76,Supplementary Table 1,1299,MG1655,4392360,4392435
eutQ:2574302-2575003:-,eutQ,NC_000913.3,2574301,2575003,-,702,Supplementary Table 1,1300,MG1655,2574302,2575003
rluA:59687-60346:-,rluA,NC_000913.3,59686,60346,-,660,Supplementary Table 1,1301,MG1655,59687,60346
arpA:4220301-4222487:-,arpA,NC_000913.3,4220300,4222487,-,2187,Supplementary Table 1,1302,MG1655,4220301,4222487
murQ:2545773-2546669:+,murQ,NC_000913.3,2545772,2546669,+,897,Supplementary Table 1,1303,MG1655,2545773,2546669
sbcC:412607-415753:-,sbcC,NC_000913.3,412606,415753,-,3147,Supplementary Table 1,1304,MG1655,412607,415753
wzzB:2097321-2098301:-,wzzB,NC_000913.3,2097320,2098301,-,981,Supplementary Table 1,1305,MG1655,2097321,2098301
yadG:142779-143705:+,yadG,NC_000913.3,142778,143705,+,927,Supplementary Table 1,1306,MG1655,142779,143705
yebK:1936652-1937521:+,yebK,NC_000913.3,1936651,1937521,+,870,Supplementary Table 1,1307,MG1655,1936652,1937521
mtlR:3775572-3776159:+,mtlR,NC_000913.3,3775571,3776159,+,588,Supplementary Table 1,1308,MG1655,3775572,3776159
ybaZ:475982-476371:-,ybaZ,NC_000913.3,475981,476371,-,390,Supplementary Table 1,1309,MG1655,475982,476371
envC:3786838-3788097:+,envC,NC_000913.3,3786837,3788097,+,1260,Supplementary Table 1,1310,MG1655,3786838,3788097
argW:2466309-2466383:+,argW,NC_000913.3,2466308,2466383,+,75,Supplementary Table 1,1311,MG1655,2466309,2466383
yniA:1807796-1808656:+,yniA,NC_000913.3,1807795,1808656,+,861,Supplementary Table 1,1312,MG1655,1807796,1808656
amyA:2006156-2007643:+,amyA,NC_000913.3,2006155,2007643,+,1488,Supplementary Table 1,1313,MG1655,2006156,2007643
ybcJ:556661-556873:-,ybcJ,NC_000913.3,556660,556873,-,213,Supplementary Table 1,1314,MG1655,556661,556873
ymfL:1203268-1203825:+,ymfL,NC_000913.3,1203267,1203825,+,558,Supplementary Table 1,1315,MG1655,1203268,1203825
ydjM:1810211-1810801:+,ydjM,NC_000913.3,1810210,1810801,+,591,Supplementary Table 1,1316,MG1655,1810211,1810801
efp:4375699-4376265:+,efp,NC_000913.3,4375698,4376265,+,567,Supplementary Table 1,1317,MG1655,4375699,4376265
cpxR:4104972-4105670:-,cpxR,NC_000913.3,4104971,4105670,-,699,Supplementary Table 1,1318,MG1655,4104972,4105670
fimG:4548285-4548788:+,fimG,NC_000913.3,4548284,4548788,+,504,Supplementary Table 1,1319,MG1655,4548285,4548788
ymfD:1196867-1197532:-,ymfD,NC_000913.3,1196866,1197532,-,666,Supplementary Table 1,1320,MG1655,1196867,1197532
yhdT:3407375-3407617:+,yhdT,NC_000913.3,3407374,3407617,+,243,Supplementary Table 1,1321,MG1655,3407375,3407617
trpD:1319789-1321384:-,trpD,NC_000913.3,1319788,1321384,-,1596,Supplementary Table 1,1322,MG1655,1319789,1321384
valW:1746516-1746592:+,valW,NC_000913.3,1746515,1746592,+,77,Supplementary Table 1,1323,MG1655,1746516,1746592
yibW:3768892-3769256:+,yibW,NC_000913.3,3768891,3769256,+,365,Supplementary Table 1,1324,MG1655,3768892,3769256
ilvL:3950322-3950420:+,ilvL,NC_000913.3,3950321,3950420,+,99,Supplementary Table 1,1325,MG1655,3950322,3950420
thrC:3734-5020:+,thrC,NC_000913.3,3733,5020,+,1287,Supplementary Table 1,1326,MG1655,3734,5020
yifB:3948449-3949969:-,yifB,NC_000913.3,3948448,3949969,-,1521,Supplementary Table 1,1327,MG1655,3948449,3949969
rraA:4118845-4119330:-,rraA,NC_000913.3,4118844,4119330,-,486,Supplementary Table 1,1328,MG1655,4118845,4119330
rseP:196546-197898:+,rseP,NC_000913.3,196545,197898,+,1353,Supplementary Table 1,1329,MG1655,196546,197898
ftsW:98403-99647:+,ftsW,NC_000913.3,98402,99647,+,1245,Supplementary Table 1,1330,MG1655,98403,99647
rpmG:3811250-3811417:-,rpmG,NC_000913.3,3811249,3811417,-,168,Supplementary Table 1,1331,MG1655,3811250,3811417
ybhC:805998-807281:-,ybhC,NC_000913.3,805997,807281,-,1284,Supplementary Table 1,1332,MG1655,805998,807281
rpmD:3444543-3444722:-,rpmD,NC_000913.3,3444542,3444722,-,180,Supplementary Table 1,1333,MG1655,3444543,3444722
yjbG:4236897-4237634:+,yjbG,NC_000913.3,4236896,4237634,+,738,Supplementary Table 1,1334,MG1655,4236897,4237634
rsmF:1920223-1921662:+,rsmF,NC_000913.3,1920222,1921662,+,1440,Supplementary Table 1,1335,MG1655,1920223,1921662
treR:4466299-4467246:-,treR,NC_000913.3,4466298,4467246,-,948,Supplementary Table 1,1336,MG1655,4466299,4467246
hemH:498055-499017:+,hemH,NC_000913.3,498054,499017,+,963,Supplementary Table 1,1337,MG1655,498055,499017
frlD:3503167-3503952:+,frlD,NC_000913.3,3503166,3503952,+,786,Supplementary Table 1,1338,MG1655,3503167,3503952
yfeW:2548102-2549406:+,yfeW,NC_000913.3,2548101,2549406,+,1305,Supplementary Table 1,1339,MG1655,2548102,2549406
ttdR:3205324-3206256:-,ttdR,NC_000913.3,3205323,3206256,-,933,Supplementary Table 1,1340,MG1655,3205324,3206256
grpE:2750115-2750708:-,grpE,NC_000913.3,2750114,2750708,-,594,Supplementary Table 1,1341,MG1655,2750115,2750708
yacG:111649-111846:-,yacG,NC_000913.3,111648,111846,-,198,Supplementary Table 1,1342,MG1655,111649,111846
rplX:3447453-3447767:-,rplX,NC_000913.3,3447452,3447767,-,315,Supplementary Table 1,1343,MG1655,3447453,3447767
narY:1537309-1538853:-,narY,NC_000913.3,1537308,1538853,-,1545,Supplementary Table 1,1344,MG1655,1537309,1538853
aroB:3517398-3518486:-,aroB,NC_000913.3,3517397,3518486,-,1089,Supplementary Table 1,1345,MG1655,3517398,3518486
tolB:777740-779032:+,tolB,NC_000913.3,777739,779032,+,1293,Supplementary Table 1,1346,MG1655,777740,779032
fdoG:4082772-4085822:-,fdoG,NC_000913.3,4082771,4085822,-,3051,Supplementary Table 1,1347,MG1655,4082772,4085822
kptA:4560930-4561484:+,kptA,NC_000913.3,4560929,4561484,+,555,Supplementary Table 1,1348,MG1655,4560930,4561484
ysaC:3750813-3750914:-,ysaC,NC_000913.3,3750812,3750914,-,102,Supplementary Table 1,1349,MG1655,3750813,3750914
hsdS:4580068-4581462:-,hsdS,NC_000913.3,4580067,4581462,-,1395,Supplementary Table 1,1350,MG1655,4580068,4581462
srlB:2827362-2827733:+,srlB,NC_000913.3,2827361,2827733,+,372,Supplementary Table 1,1351,MG1655,2827362,2827733
recD:2950635-2952461:-,recD,NC_000913.3,2950634,2952461,-,1827,Supplementary Table 1,1352,MG1655,2950635,2952461
rsmH:90094-91035:+,rsmH,NC_000913.3,90093,91035,+,942,Supplementary Table 1,1353,MG1655,90094,91035
melR:4340720-4341628:-,melR,NC_000913.3,4340719,4341628,-,909,Supplementary Table 1,1354,MG1655,4340720,4341628
rrfC:3946700-3946819:+,rrfC,NC_000913.3,3946699,3946819,+,120,Supplementary Table 1,1355,MG1655,3946700,3946819
yceM:1126806-1127729:+,yceM,NC_000913.3,1126805,1127729,+,924,Supplementary Table 1,1356,MG1655,1126806,1127729
epmC:2444203-2444751:-,epmC,NC_000913.3,2444202,2444751,-,549,Supplementary Table 1,1357,MG1655,2444203,2444751
metY:3318213-3318289:-,metY,NC_000913.3,3318212,3318289,-,77,Supplementary Table 1,1358,MG1655,3318213,3318289
ilvD:3953478-3955328:+,ilvD,NC_000913.3,3953477,3955328,+,1851,Supplementary Table 1,1359,MG1655,3953478,3955328
ypeC:2511001-2511327:+,ypeC,NC_000913.3,2511000,2511327,+,327,Supplementary Table 1,1360,MG1655,2511001,2511327
alaC:2497057-2498295:-,alaC,NC_000913.3,2497056,2498295,-,1239,Supplementary Table 1,1361,MG1655,2497057,2498295
fdhF:4297219-4299366:-,fdhF,NC_000913.3,4297218,4299366,-,2148,Supplementary Table 1,1362,MG1655,4297219,4299366
rsxC:1706919-1709141:+,rsxC,NC_000913.3,1706918,1709141,+,2223,Supplementary Table 1,1363,MG1655,1706919,1709141
metK:3086706-3087860:+,metK,NC_000913.3,3086705,3087860,+,1155,Supplementary Table 1,1364,MG1655,3086706,3087860
copA:508875-511379:-,copA,NC_000913.3,508874,511379,-,2505,Supplementary Table 1,1365,MG1655,508875,511379
yahE:335925-336788:+,yahE,NC_000913.3,335924,336788,+,864,Supplementary Table 1,1366,MG1655,335925,336788
mepM:1940313-1941635:-,mepM,NC_000913.3,1940312,1941635,-,1323,Supplementary Table 1,1367,MG1655,1940313,1941635
yhhZ:3581863-3583041:+,yhhZ,NC_000913.3,3581862,3583041,+,1179,Supplementary Table 1,1368,MG1655,3581863,3583041
mukE:975622-976326:+,mukE,NC_000913.3,975621,976326,+,705,Supplementary Table 1,1369,MG1655,975622,976326
rluE:1194298-1194951:-,rluE,NC_000913.3,1194297,1194951,-,654,Supplementary Table 1,1370,MG1655,1194298,1194951
narQ:2585731-2587431:+,narQ,NC_000913.3,2585730,2587431,+,1701,Supplementary Table 1,1371,MG1655,2585731,2587431
accA:208621-209580:+,accA,NC_000913.3,208620,209580,+,960,Supplementary Table 1,1372,MG1655,208621,209580
recO:2701741-2702469:-,recO,NC_000913.3,2701740,2702469,-,729,Supplementary Table 1,1373,MG1655,2701741,2702469
ycdZ:1100296-1100787:+,ycdZ,NC_000913.3,1100295,1100787,+,492,Supplementary Table 1,1374,MG1655,1100296,1100787
grxC:3784191-3784442:-,grxC,NC_000913.3,3784190,3784442,-,252,Supplementary Table 1,1375,MG1655,3784191,3784442
truD:2870255-2871304:-,truD,NC_000913.3,2870254,2871304,-,1050,Supplementary Table 1,1376,MG1655,2870255,2871304
mgsA:1026557-1027015:-,mgsA,NC_000913.3,1026556,1027015,-,459,Supplementary Table 1,1377,MG1655,1026557,1027015
yeeH:2066068-2066154:-,yeeH,NC_000913.3,2066067,2066154,-,87,Supplementary Table 1,1378,MG1655,2066068,2066154
putA:1074920-1078882:-,putA,NC_000913.3,1074919,1078882,-,3963,Supplementary Table 1,1379,MG1655,1074920,1078882
yedA:2029539-2030459:+,yedA,NC_000913.3,2029538,2030459,+,921,Supplementary Table 1,1380,MG1655,2029539,2030459
fdoH:4081857-4082759:-,fdoH,NC_000913.3,4081856,4082759,-,903,Supplementary Table 1,1381,MG1655,4081857,4082759
proL:2286211-2286287:+,proL,NC_000913.3,2286210,2286287,+,77,Supplementary Table 1,1382,MG1655,2286211,2286287
ppiB:553943-554437:-,ppiB,NC_000913.3,553942,554437,-,495,Supplementary Table 1,1383,MG1655,553943,554437
yiaB:3727407-3727748:-,yiaB,NC_000913.3,3727406,3727748,-,342,Supplementary Table 1,1384,MG1655,3727407,3727748
bioC:811522-812277:+,bioC,NC_000913.3,811521,812277,+,756,Supplementary Table 1,1385,MG1655,811522,812277
trkH:4033145-4034596:+,trkH,NC_000913.3,4033144,4034596,+,1452,Supplementary Table 1,1386,MG1655,4033145,4034596
ispU:194903-195664:+,ispU,NC_000913.3,194902,195664,+,762,Supplementary Table 1,1387,MG1655,194903,195664
nhaB:1233176-1234717:-,nhaB,NC_000913.3,1233175,1234717,-,1542,Supplementary Table 1,1388,MG1655,1233176,1234717
dfp:3812731-3813951:+,dfp,NC_000913.3,3812730,3813951,+,1221,Supplementary Table 1,1389,MG1655,3812731,3813951
yihR:4069475-4070401:-,yihR,NC_000913.3,4069474,4070401,-,927,Supplementary Table 1,1390,MG1655,4069475,4070401
gadY:3664864-3664968:+,gadY,NC_000913.3,3664863,3664968,+,105,Supplementary Table 1,1391,MG1655,3664864,3664968
opgD:1496856-1498511:+,opgD,NC_000913.3,1496855,1498511,+,1656,Supplementary Table 1,1392,MG1655,1496856,1498511
rrlE:4210043-4212946:+,rrlE,NC_000913.3,4210042,4212946,+,2904,Supplementary Table 1,1393,MG1655,4210043,4212946
thrL:190-255:+,thrL,NC_000913.3,189,255,+,66,Supplementary Table 1,1394,MG1655,190,255
fimH:4548808-4549710:+,fimH,NC_000913.3,4548807,4549710,+,903,Supplementary Table 1,1395,MG1655,4548808,4549710
rraB:4478473-4478889:+,rraB,NC_000913.3,4478472,4478889,+,417,Supplementary Table 1,1396,MG1655,4478473,4478889
hisB:2093468-2094535:+,hisB,NC_000913.3,2093467,2094535,+,1068,Supplementary Table 1,1397,MG1655,2093468,2094535
hcaR:2668006-2668896:-,hcaR,NC_000913.3,2668005,2668896,-,891,Supplementary Table 1,1398,MG1655,2668006,2668896
cyaY:3993739-3994059:-,cyaY,NC_000913.3,3993738,3994059,-,321,Supplementary Table 1,1399,MG1655,3993739,3994059
yjjB:4601624-4602097:-,yjjB,NC_000913.3,4601623,4602097,-,474,Supplementary Table 1,1400,MG1655,4601624,4602097
ftsP:3161257-3162669:-,ftsP,NC_000913.3,3161256,3162669,-,1413,Supplementary Table 1,1401,MG1655,3161257,3162669
yfgG:2629290-2629481:+,yfgG,NC_000913.3,2629289,2629481,+,192,Supplementary Table 1,1402,MG1655,2629290,2629481
mgtL:4467431-4467484:+,mgtL,NC_000913.3,4467430,4467484,+,54,Supplementary Table 1,1403,MG1655,4467431,4467484
psiE:4240325-4240735:+,psiE,NC_000913.3,4240324,4240735,+,411,Supplementary Table 1,1404,MG1655,4240325,4240735
motB:1975329-1976255:-,motB,NC_000913.3,1975328,1976255,-,927,Supplementary Table 1,1405,MG1655,1975329,1976255
rcbA:1413531-1413740:-,rcbA,NC_000913.3,1413530,1413740,-,210,Supplementary Table 1,1406,MG1655,1413531,1413740
rpsQ:3448314-3448568:-,rpsQ,NC_000913.3,3448313,3448568,-,255,Supplementary Table 1,1407,MG1655,3448314,3448568
gspL:3463922-3465085:+,gspL,NC_000913.3,3463921,3465085,+,1164,Supplementary Table 1,1408,MG1655,3463922,3465085
rhtA:849210-850097:-,rhtA,NC_000913.3,849209,850097,-,888,Supplementary Table 1,1409,MG1655,849210,850097
yfgO:2614820-2615881:-,yfgO,NC_000913.3,2614819,2615881,-,1062,Supplementary Table 1,1410,MG1655,2614820,2615881
galR:2976599-2977630:+,galR,NC_000913.3,2976598,2977630,+,1032,Supplementary Table 1,1411,MG1655,2976599,2977630
asnU:2059851-2059926:+,asnU,NC_000913.3,2059850,2059926,+,76,Supplementary Table 1,1412,MG1655,2059851,2059926
insX:280114-280362:-,insX,NC_000913.3,280113,280362,-,249,Supplementary Table 1,1413,MG1655,280114,280362
rpmC:3448568-3448759:-,rpmC,NC_000913.3,3448567,3448759,-,192,Supplementary Table 1,1414,MG1655,3448568,3448759
thiB:74497-75480:-,thiB,NC_000913.3,74496,75480,-,984,Supplementary Table 1,1415,MG1655,74497,75480
yeiI:2251700-2252788:+,yeiI,NC_000913.3,2251699,2252788,+,1089,Supplementary Table 1,1416,MG1655,2251700,2252788
yadI:144577-145017:+,yadI,NC_000913.3,144576,145017,+,441,Supplementary Table 1,1417,MG1655,144577,145017
yhiJ:3630968-3632590:-,yhiJ,NC_000913.3,3630967,3632590,-,1623,Supplementary Table 1,1418,MG1655,3630968,3632590
ytfR:4451058-4452560:+,ytfR,NC_000913.3,4451057,4452560,+,1503,Supplementary Table 1,1419,MG1655,4451058,4452560
dusA:4261714-4262706:+,dusA,NC_000913.3,4261713,4262706,+,993,Supplementary Table 1,1420,MG1655,4261714,4262706
wcaN:2113434-2114327:-,wcaN,NC_000913.3,2113433,2114327,-,894,Supplementary Table 1,1421,MG1655,2113434,2114327
lptA:3343380-3343937:+,lptA,NC_000913.3,3343379,3343937,+,558,Supplementary Table 1,1422,MG1655,3343380,3343937
rplR:3445244-3445597:-,rplR,NC_000913.3,3445243,3445597,-,354,Supplementary Table 1,1423,MG1655,3445244,3445597
ydaN:1408050-1409033:+,ydaN,NC_000913.3,1408049,1409033,+,984,Supplementary Table 1,1424,MG1655,1408050,1409033
ptsI:2534066-2535793:+,ptsI,NC_000913.3,2534065,2535793,+,1728,Supplementary Table 1,1425,MG1655,2534066,2535793
viaA:3928152-3929603:-,viaA,NC_000913.3,3928151,3929603,-,1452,Supplementary Table 1,1426,MG1655,3928152,3929603
lexA:4257115-4257723:+,lexA,NC_000913.3,4257114,4257723,+,609,Supplementary Table 1,1427,MG1655,4257115,4257723
ydaF:1419156-1419311:-,ydaF,NC_000913.3,1419155,1419311,-,156,Supplementary Table 1,1428,MG1655,1419156,1419311
tyrB:4267114-4268307:+,tyrB,NC_000913.3,4267113,4268307,+,1194,Supplementary Table 1,1429,MG1655,4267114,4268307
leuZ:1991815-1991901:-,leuZ,NC_000913.3,1991814,1991901,-,87,Supplementary Table 1,1430,MG1655,1991815,1991901
cysE:3781741-3782562:-,cysE,NC_000913.3,3781740,3782562,-,822,Supplementary Table 1,1431,MG1655,3781741,3782562
melA:4341911-4343266:+,melA,NC_000913.3,4341910,4343266,+,1356,Supplementary Table 1,1432,MG1655,4341911,4343266
rihC:27293-28207:+,rihC,NC_000913.3,27292,28207,+,915,Supplementary Table 1,1433,MG1655,27293,28207
yggW:3097267-3098403:+,yggW,NC_000913.3,3097266,3098403,+,1137,Supplementary Table 1,1434,MG1655,3097267,3098403
yfcA:2444751-2445560:-,yfcA,NC_000913.3,2444750,2445560,-,810,Supplementary Table 1,1435,MG1655,2444751,2445560
speC:3107020-3109155:-,speC,NC_000913.3,3107019,3109155,-,2136,Supplementary Table 1,1436,MG1655,3107020,3109155
ycjU:1380148-1380807:+,ycjU,NC_000913.3,1380147,1380807,+,660,Supplementary Table 1,1437,MG1655,1380148,1380807
aslB:3982958-3984193:+,aslB,NC_000913.3,3982957,3984193,+,1236,Supplementary Table 1,1438,MG1655,3982958,3984193
ybaB:494076-494405:+,ybaB,NC_000913.3,494075,494405,+,330,Supplementary Table 1,1439,MG1655,494076,494405
yjgA:4457314-4457865:-,yjgA,NC_000913.3,4457313,4457865,-,552,Supplementary Table 1,1440,MG1655,4457314,4457865
fumC:1685185-1686588:-,fumC,NC_000913.3,1685184,1686588,-,1404,Supplementary Table 1,1441,MG1655,1685185,1686588
yjbI:4250703-4252283:+,yjbI,NC_000913.3,4250702,4252283,+,1581,Supplementary Table 1,1442,MG1655,4250703,4252283
mdtN:4303078-4304109:-,mdtN,NC_000913.3,4303077,4304109,-,1032,Supplementary Table 1,1443,MG1655,4303078,4304109
ileS:22391-25207:+,ileS,NC_000913.3,22390,25207,+,2817,Supplementary Table 1,1444,MG1655,22391,25207
yobD:1904801-1905259:+,yobD,NC_000913.3,1904800,1905259,+,459,Supplementary Table 1,1445,MG1655,1904801,1905259
ytjA:4612128-4612289:+,ytjA,NC_000913.3,4612127,4612289,+,162,Supplementary Table 1,1446,MG1655,4612128,4612289
folM:1680976-1681698:+,folM,NC_000913.3,1680975,1681698,+,723,Supplementary Table 1,1447,MG1655,1680976,1681698
yohO:2215657-2215764:+,yohO,NC_000913.3,2215656,2215764,+,108,Supplementary Table 1,1448,MG1655,2215657,2215764
yhdN:3439141-3439509:-,yhdN,NC_000913.3,3439140,3439509,-,369,Supplementary Table 1,1449,MG1655,3439141,3439509
prkB:3484490-3485359:+,prkB,NC_000913.3,3484489,3485359,+,870,Supplementary Table 1,1450,MG1655,3484490,3485359
efeO:1082243-1083370:+,efeO,NC_000913.3,1082242,1083370,+,1128,Supplementary Table 1,1451,MG1655,1082243,1083370
yifL:3994522-3994725:+,yifL,NC_000913.3,3994521,3994725,+,204,Supplementary Table 1,1452,MG1655,3994522,3994725
fdnH:1550461-1551345:+,fdnH,NC_000913.3,1550460,1551345,+,885,Supplementary Table 1,1453,MG1655,1550461,1551345
hisG:2090192-2091091:+,hisG,NC_000913.3,2090191,2091091,+,900,Supplementary Table 1,1454,MG1655,2090192,2091091
thiL:435634-436611:+,thiL,NC_000913.3,435633,436611,+,978,Supplementary Table 1,1455,MG1655,435634,436611
yibS:3768639-3768890:+,yibS,NC_000913.3,3768638,3768890,+,252,Supplementary Table 1,1456,MG1655,3768639,3768890
ruvB:1944346-1945356:-,ruvB,NC_000913.3,1944345,1945356,-,1011,Supplementary Table 1,1457,MG1655,1944346,1945356
racR:1419765-1420241:-,racR,NC_000913.3,1419764,1420241,-,477,Supplementary Table 1,1458,MG1655,1419765,1420241
rsmC:4606669-4607700:-,rsmC,NC_000913.3,4606668,4607700,-,1032,Supplementary Table 1,1459,MG1655,4606669,4607700
oweE:1204170-1204403:+,oweE,NC_000913.3,1204169,1204403,+,234,Supplementary Table 1,1460,MG1655,1204170,1204403
prlC:3643140-3645182:-,prlC,NC_000913.3,3643139,3645182,-,2043,Supplementary Table 1,1461,MG1655,3643140,3645182
yhhJ:3625679-3626803:-,yhhJ,NC_000913.3,3625678,3626803,-,1125,Supplementary Table 1,1462,MG1655,3625679,3626803
bglX:2219692-2221989:-,bglX,NC_000913.3,2219691,2221989,-,2298,Supplementary Table 1,1463,MG1655,2219692,2221989
glpG:3560622-3561452:-,glpG,NC_000913.3,3560621,3561452,-,831,Supplementary Table 1,1464,MG1655,3560622,3561452
mrdA:666316-668217:-,mrdA,NC_000913.3,666315,668217,-,1902,Supplementary Table 1,1465,MG1655,666316,668217
cobT:2063388-2064467:-,cobT,NC_000913.3,2063387,2064467,-,1080,Supplementary Table 1,1466,MG1655,2063388,2064467
frdC:4379377-4379772:-,frdC,NC_000913.3,4379376,4379772,-,396,Supplementary Table 1,1467,MG1655,4379377,4379772
ygfK:3016060-3019158:+,ygfK,NC_000913.3,3016059,3019158,+,3099,Supplementary Table 1,1468,MG1655,3016060,3019158
nudJ:1193827-1194288:-,nudJ,NC_000913.3,1193826,1194288,-,462,Supplementary Table 1,1469,MG1655,1193827,1194288
oppC:1303834-1304742:+,oppC,NC_000913.3,1303833,1304742,+,909,Supplementary Table 1,1470,MG1655,1303834,1304742
ykfB:265620-266087:-,ykfB,NC_000913.3,265619,266087,-,468,Supplementary Table 1,1471,MG1655,265620,266087
fimZ:563848-564480:-,fimZ,NC_000913.3,563847,564480,-,633,Supplementary Table 1,1472,MG1655,563848,564480
yfdS:2475511-2475873:+,yfdS,NC_000913.3,2475510,2475873,+,363,Supplementary Table 1,1473,MG1655,2475511,2475873
orn:4391604-4392149:+,orn,NC_000913.3,4391603,4392149,+,546,Supplementary Table 1,1474,MG1655,4391604,4392149
birA:4173082-4174047:+,birA,NC_000913.3,4173081,4174047,+,966,Supplementary Table 1,1475,MG1655,4173082,4174047
uvrA:4271049-4273871:-,uvrA,NC_000913.3,4271048,4273871,-,2823,Supplementary Table 1,1476,MG1655,4271049,4273871
yghA:3149662-3150546:+,yghA,NC_000913.3,3149661,3150546,+,885,Supplementary Table 1,1477,MG1655,3149662,3150546
potG:894991-896124:+,potG,NC_000913.3,894990,896124,+,1134,Supplementary Table 1,1478,MG1655,894991,896124
thrW:262871-262946:+,thrW,NC_000913.3,262870,262946,+,76,Supplementary Table 1,1479,MG1655,262871,262946
chiP:708334-709740:+,chiP,NC_000913.3,708333,709740,+,1407,Supplementary Table 1,1480,MG1655,708334,709740
nadC:117752-118645:-,nadC,NC_000913.3,117751,118645,-,894,Supplementary Table 1,1481,MG1655,117752,118645
gltX:2519257-2520672:-,gltX,NC_000913.3,2519256,2520672,-,1416,Supplementary Table 1,1482,MG1655,2519257,2520672
ybiS:854824-855744:-,ybiS,NC_000913.3,854823,855744,-,921,Supplementary Table 1,1483,MG1655,854824,855744
yhhT:3611865-3612914:+,yhhT,NC_000913.3,3611864,3612914,+,1050,Supplementary Table 1,1484,MG1655,3611865,3612914
yfeH:2526946-2527944:+,yfeH,NC_000913.3,2526945,2527944,+,999,Supplementary Table 1,1485,MG1655,2526946,2527944
metW:2947497-2947573:+,metW,NC_000913.3,2947496,2947573,+,77,Supplementary Table 1,1486,MG1655,2947497,2947573
nrfA:4287764-4289200:+,nrfA,NC_000913.3,4287763,4289200,+,1437,Supplementary Table 1,1487,MG1655,4287764,4289200
tusC:3474973-3475332:-,tusC,NC_000913.3,3474972,3475332,-,360,Supplementary Table 1,1488,MG1655,3474973,3475332
hypC:2851864-2852136:+,hypC,NC_000913.3,2851863,2852136,+,273,Supplementary Table 1,1489,MG1655,2851864,2852136
glyW:1992042-1992117:-,glyW,NC_000913.3,1992041,1992117,-,76,Supplementary Table 1,1490,MG1655,1992042,1992117
hybF:3139977-3140318:-,hybF,NC_000913.3,3139976,3140318,-,342,Supplementary Table 1,1491,MG1655,3139977,3140318
yjiX:4588876-4589079:-,yjiX,NC_000913.3,4588875,4589079,-,204,Supplementary Table 1,1492,MG1655,4588876,4589079
ybeY:691874-692341:-,ybeY,NC_000913.3,691873,692341,-,468,Supplementary Table 1,1493,MG1655,691874,692341
speG:1656184-1656744:+,speG,NC_000913.3,1656183,1656744,+,561,Supplementary Table 1,1494,MG1655,1656184,1656744
ryhB:3580927-3581016:-,ryhB,NC_000913.3,3580926,3581016,-,90,Supplementary Table 1,1495,MG1655,3580927,3581016
rsmJ:3642380-3643132:-,rsmJ,NC_000913.3,3642379,3643132,-,753,Supplementary Table 1,1496,MG1655,3642380,3643132
tyrU:4175472-4175556:+,tyrU,NC_000913.3,4175471,4175556,+,85,Supplementary Table 1,1497,MG1655,4175472,4175556
ftsL:91032-91397:+,ftsL,NC_000913.3,91031,91397,+,366,Supplementary Table 1,1498,MG1655,91032,91397
sibB:2153644-2153779:+,sibB,NC_000913.3,2153643,2153779,+,136,Supplementary Table 1,1499,MG1655,2153644,2153779
dapF:3994762-3995586:+,dapF,NC_000913.3,3994761,3995586,+,825,Supplementary Table 1,1500,MG1655,3994762,3995586
rpmE:4127013-4127225:+,rpmE,NC_000913.3,4127012,4127225,+,213,Supplementary Table 1,1501,MG1655,4127013,4127225
gspH:3461468-3461977:+,gspH,NC_000913.3,3461467,3461977,+,510,Supplementary Table 1,1502,MG1655,3461468,3461977
rlmM:2940143-2941243:-,rlmM,NC_000913.3,2940142,2941243,-,1101,Supplementary Table 1,1503,MG1655,2940143,2941243
rpmH:3884336-3884476:+,rpmH,NC_000913.3,3884335,3884476,+,141,Supplementary Table 1,1504,MG1655,3884336,3884476
yggR:3094100-3095080:-,yggR,NC_000913.3,3094099,3095080,-,981,Supplementary Table 1,1505,MG1655,3094100,3095080
rpmB:3811438-3811674:-,rpmB,NC_000913.3,3811437,3811674,-,237,Supplementary Table 1,1506,MG1655,3811438,3811674
ssb:4274125-4274661:+,ssb,NC_000913.3,4274124,4274661,+,537,Supplementary Table 1,1507,MG1655,4274125,4274661
yoaK:1878773-1878871:+,yoaK,NC_000913.3,1878772,1878871,+,99,Supplementary Table 1,1508,MG1655,1878773,1878871
yddW:1567504-1568823:-,yddW,NC_000913.3,1567503,1568823,-,1320,Supplementary Table 1,1509,MG1655,1567504,1568823
fabD:1149728-1150657:+,fabD,NC_000913.3,1149727,1150657,+,930,Supplementary Table 1,1510,MG1655,1149728,1150657
yfiH:2734303-2735034:-,yfiH,NC_000913.3,2734302,2735034,-,732,Supplementary Table 1,1511,MG1655,2734303,2735034
hdfR:3947128-3947967:-,hdfR,NC_000913.3,3947127,3947967,-,840,Supplementary Table 1,1512,MG1655,3947128,3947967
thiK:1163260-1164084:+,thiK,NC_000913.3,1163259,1164084,+,825,Supplementary Table 1,1513,MG1655,1163260,1164084
yggC:3073976-3074689:-,yggC,NC_000913.3,3073975,3074689,-,714,Supplementary Table 1,1514,MG1655,3073976,3074689
yicC:3816676-3817539:+,yicC,NC_000913.3,3816675,3817539,+,864,Supplementary Table 1,1515,MG1655,3816676,3817539
ymfJ:1201776-1202084:-,ymfJ,NC_000913.3,1201775,1202084,-,309,Supplementary Table 1,1516,MG1655,1201776,1202084
nrdR:433002-433451:+,nrdR,NC_000913.3,433001,433451,+,450,Supplementary Table 1,1517,MG1655,433002,433451
ybdO:636716-637618:-,ybdO,NC_000913.3,636715,637618,-,903,Supplementary Table 1,1518,MG1655,636716,637618
sfmA:558212-558754:+,sfmA,NC_000913.3,558211,558754,+,543,Supplementary Table 1,1519,MG1655,558212,558754
yghW:3146450-3146737:-,yghW,NC_000913.3,3146449,3146737,-,288,Supplementary Table 1,1520,MG1655,3146450,3146737
inaA:2348822-2349472:-,inaA,NC_000913.3,2348821,2349472,-,651,Supplementary Table 1,1521,MG1655,2348822,2349472
hemC:3989825-3990766:-,hemC,NC_000913.3,3989824,3990766,-,942,Supplementary Table 1,1522,MG1655,3989825,3990766
glyX:4392472-4392547:+,glyX,NC_000913.3,4392471,4392547,+,76,Supplementary Table 1,1523,MG1655,4392472,4392547
yihX:4075553-4076152:+,yihX,NC_000913.3,4075552,4076152,+,600,Supplementary Table 1,1524,MG1655,4075553,4076152
ypjD:2747962-2748753:+,ypjD,NC_000913.3,2747961,2748753,+,792,Supplementary Table 1,1525,MG1655,2747962,2748753
hda:2618075-2618776:-,hda,NC_000913.3,2618074,2618776,-,702,Supplementary Table 1,1526,MG1655,2618075,2618776
flk:2437950-2438945:+,flk,NC_000913.3,2437949,2438945,+,996,Supplementary Table 1,1527,MG1655,2437950,2438945
htpX:1911695-1912576:-,htpX,NC_000913.3,1911694,1912576,-,882,Supplementary Table 1,1528,MG1655,1911695,1912576
gsiC:870967-871887:+,gsiC,NC_000913.3,870966,871887,+,921,Supplementary Table 1,1529,MG1655,870967,871887
wzyE:3978601-3979953:+,wzyE,NC_000913.3,3978600,3979953,+,1353,Supplementary Table 1,1530,MG1655,3978601,3979953
nth:1711523-1712158:+,nth,NC_000913.3,1711522,1712158,+,636,Supplementary Table 1,1531,MG1655,1711523,1712158
lpxH:553218-553940:-,lpxH,NC_000913.3,553217,553940,-,723,Supplementary Table 1,1532,MG1655,553218,553940
waaN:1939222-1940193:-,waaN,NC_000913.3,1939221,1940193,-,972,Supplementary Table 1,1533,MG1655,1939222,1940193
rpmI:1799802-1799999:-,rpmI,NC_000913.3,1799801,1799999,-,198,Supplementary Table 1,1534,MG1655,1799802,1799999
alaV:225500-225575:+,alaV,NC_000913.3,225499,225575,+,76,Supplementary Table 1,1535,MG1655,225500,225575
dgoK:3873596-3874474:-,dgoK,NC_000913.3,3873595,3874474,-,879,Supplementary Table 1,1536,MG1655,3873596,3874474
motA:1976252-1977139:-,motA,NC_000913.3,1976251,1977139,-,888,Supplementary Table 1,1537,MG1655,1976252,1977139
ratA:2754288-2754764:-,ratA,NC_000913.3,2754287,2754764,-,477,Supplementary Table 1,1538,MG1655,2754288,2754764
rbn:2381608-2382525:+,rbn,NC_000913.3,2381607,2382525,+,918,Supplementary Table 1,1539,MG1655,2381608,2382525
ycjX:1384117-1385514:+,ycjX,NC_000913.3,1384116,1385514,+,1398,Supplementary Table 1,1540,MG1655,1384117,1385514
yrbN:3307853-3307933:-,yrbN,NC_000913.3,3307852,3307933,-,81,Supplementary Table 1,1541,MG1655,3307853,3307933
rsuA:2279788-2280483:-,rsuA,NC_000913.3,2279787,2280483,-,696,Supplementary Table 1,1542,MG1655,2279788,2280483
glpT:2351016-2352374:-,glpT,NC_000913.3,2351015,2352374,-,1359,Supplementary Table 1,1543,MG1655,2351016,2352374
livM:3594203-3595480:-,livM,NC_000913.3,3594202,3595480,-,1278,Supplementary Table 1,1544,MG1655,3594203,3595480
ylbA:543261-544046:-,ylbA,NC_000913.3,543260,544046,-,786,Supplementary Table 1,1545,MG1655,543261,544046
ydjY:1834116-1834793:+,ydjY,NC_000913.3,1834115,1834793,+,678,Supplementary Table 1,1546,MG1655,1834116,1834793
ratB:2754008-2754298:-,ratB,NC_000913.3,2754007,2754298,-,291,Supplementary Table 1,1547,MG1655,2754008,2754298
oxyS:4158285-4158394:-,oxyS,NC_000913.3,4158284,4158394,-,110,Supplementary Table 1,1548,MG1655,4158285,4158394
nrdF:2803502-2804461:+,nrdF,NC_000913.3,2803501,2804461,+,960,Supplementary Table 1,1549,MG1655,2803502,2804461
yibL:3776665-3777027:+,yibL,NC_000913.3,3776664,3777027,+,363,Supplementary Table 1,1550,MG1655,3776665,3777027
yhaC:3268415-3269602:+,yhaC,NC_000913.3,3268414,3269602,+,1188,Supplementary Table 1,1551,MG1655,3268415,3269602
yqeF:2984411-2985592:-,yqeF,NC_000913.3,2984410,2985592,-,1182,Supplementary Table 1,1552,MG1655,2984411,2985592
thiC:4194204-4196099:-,thiC,NC_000913.3,4194203,4196099,-,1896,Supplementary Table 1,1553,MG1655,4194204,4196099
miaA:4399252-4400202:+,miaA,NC_000913.3,4399251,4400202,+,951,Supplementary Table 1,1554,MG1655,4399252,4400202
hofQ:3519465-3520703:-,hofQ,NC_000913.3,3519464,3520703,-,1239,Supplementary Table 1,1555,MG1655,3519465,3520703
hisD:2091097-2092401:+,hisD,NC_000913.3,2091096,2092401,+,1305,Supplementary Table 1,1556,MG1655,2091097,2092401
yheO:3475718-3476440:-,yheO,NC_000913.3,3475717,3476440,-,723,Supplementary Table 1,1557,MG1655,3475718,3476440
ybfD:738092-738853:+,ybfD,NC_000913.3,738091,738853,+,762,Supplementary Table 1,1558,MG1655,738092,738853
hemG:4034608-4035153:+,hemG,NC_000913.3,4034607,4035153,+,546,Supplementary Table 1,1559,MG1655,4034608,4035153
waaA:3808540-3809817:+,waaA,NC_000913.3,3808539,3809817,+,1278,Supplementary Table 1,1560,MG1655,3808540,3809817
serW:925884-925971:-,serW,NC_000913.3,925883,925971,-,88,Supplementary Table 1,1561,MG1655,925884,925971
rhsA:3762183-3766316:+,rhsA,NC_000913.3,3762182,3766316,+,4134,Supplementary Table 1,1562,MG1655,3762183,3766316
pepN:990622-993234:+,pepN,NC_000913.3,990621,993234,+,2613,Supplementary Table 1,1563,MG1655,990622,993234
deoD:4620883-4621602:+,deoD,NC_000913.3,4620882,4621602,+,720,Supplementary Table 1,1564,MG1655,4620883,4621602
yqiB:3176858-3177280:-,yqiB,NC_000913.3,3176857,3177280,-,423,Supplementary Table 1,1565,MG1655,3176858,3177280
argU:564723-564799:+,argU,NC_000913.3,564722,564799,+,77,Supplementary Table 1,1566,MG1655,564723,564799
yraQ:3297098-3298138:-,yraQ,NC_000913.3,3297097,3298138,-,1041,Supplementary Table 1,1567,MG1655,3297098,3298138
ygbK:2862335-2863501:+,ygbK,NC_000913.3,2862334,2863501,+,1167,Supplementary Table 1,1568,MG1655,2862335,2863501
yfdR:2474984-2475520:+,yfdR,NC_000913.3,2474983,2475520,+,537,Supplementary Table 1,1569,MG1655,2474984,2475520
alaT:4037260-4037335:+,alaT,NC_000913.3,4037259,4037335,+,76,Supplementary Table 1,1570,MG1655,4037260,4037335
pgi:4233758-4235407:+,pgi,NC_000913.3,4233757,4235407,+,1650,Supplementary Table 1,1571,MG1655,4233758,4235407
mutY:3103013-3104065:+,mutY,NC_000913.3,3103012,3104065,+,1053,Supplementary Table 1,1572,MG1655,3103013,3104065
tatA:4021945-4022214:+,tatA,NC_000913.3,4021944,4022214,+,270,Supplementary Table 1,1573,MG1655,4021945,4022214
uspC:1979753-1980181:+,uspC,NC_000913.3,1979752,1980181,+,429,Supplementary Table 1,1574,MG1655,1979753,1980181
mtgA:3349081-3349809:-,mtgA,NC_000913.3,3349080,3349809,-,729,Supplementary Table 1,1575,MG1655,3349081,3349809
emtA:1243180-1243791:+,emtA,NC_000913.3,1243179,1243791,+,612,Supplementary Table 1,1576,MG1655,1243180,1243791
truB:3311833-3312777:-,truB,NC_000913.3,3311832,3312777,-,945,Supplementary Table 1,1577,MG1655,3311833,3312777
ymgJ:1223264-1223449:+,ymgJ,NC_000913.3,1223263,1223449,+,186,Supplementary Table 1,1578,MG1655,1223264,1223449
glmZ:3986432-3986638:+,glmZ,NC_000913.3,3986431,3986638,+,207,Supplementary Table 1,1579,MG1655,3986432,3986638
cutA:4365018-4365356:-,cutA,NC_000913.3,4365017,4365356,-,339,Supplementary Table 1,1580,MG1655,4365018,4365356
ansB:3099682-3100728:-,ansB,NC_000913.3,3099681,3100728,-,1047,Supplementary Table 1,1581,MG1655,3099682,3100728
narZ:1538850-1542590:-,narZ,NC_000913.3,1538849,1542590,-,3741,Supplementary Table 1,1582,MG1655,1538850,1542590
rlmD:2913699-2915000:-,rlmD,NC_000913.3,2913698,2915000,-,1302,Supplementary Table 1,1583,MG1655,2913699,2915000
paaG:1458264-1459052:+,paaG,NC_000913.3,1458263,1459052,+,789,Supplementary Table 1,1584,MG1655,1458264,1459052
smg:3431991-3432464:-,smg,NC_000913.3,3431990,3432464,-,474,Supplementary Table 1,1585,MG1655,3431991,3432464
chrR:3894652-3895218:+,chrR,NC_000913.3,3894651,3895218,+,567,Supplementary Table 1,1586,MG1655,3894652,3895218
edd:1932793-1934604:-,edd,NC_000913.3,1932792,1934604,-,1812,Supplementary Table 1,1587,MG1655,1932793,1934604
rstA:1682159-1682878:+,rstA,NC_000913.3,1682158,1682878,+,720,Supplementary Table 1,1588,MG1655,1682159,1682878
phoB:417142-417831:+,phoB,NC_000913.3,417141,417831,+,690,Supplementary Table 1,1589,MG1655,417142,417831
pyrI:4470986-4471447:-,pyrI,NC_000913.3,4470985,4471447,-,462,Supplementary Table 1,1590,MG1655,4470986,4471447
cybC:4459490-4459855:+,cybC,NC_000913.3,4459489,4459855,+,366,Supplementary Table 1,1591,MG1655,4459490,4459855
elfG:1001807-1002877:+,elfG,NC_000913.3,1001806,1002877,+,1071,Supplementary Table 1,1592,MG1655,1001807,1002877
tatD:4023554-4024336:+,tatD,NC_000913.3,4023553,4024336,+,783,Supplementary Table 1,1593,MG1655,4023554,4024336
yciN:1330417-1330668:-,yciN,NC_000913.3,1330416,1330668,-,252,Supplementary Table 1,1594,MG1655,1330417,1330668
kdsC:3342273-3342839:+,kdsC,NC_000913.3,3342272,3342839,+,567,Supplementary Table 1,1595,MG1655,3342273,3342839
nikA:3613667-3615241:+,nikA,NC_000913.3,3613666,3615241,+,1575,Supplementary Table 1,1596,MG1655,3613667,3615241
dgoA:3872995-3873612:-,dgoA,NC_000913.3,3872994,3873612,-,618,Supplementary Table 1,1597,MG1655,3872995,3873612
fsaB:4139046-4139708:-,fsaB,NC_000913.3,4139045,4139708,-,663,Supplementary Table 1,1598,MG1655,4139046,4139708
sucC:763014-764180:+,sucC,NC_000913.3,763013,764180,+,1167,Supplementary Table 1,1599,MG1655,763014,764180
allA:532451-532933:+,allA,NC_000913.3,532450,532933,+,483,Supplementary Table 1,1600,MG1655,532451,532933
ascG:2838254-2839264:-,ascG,NC_000913.3,2838253,2839264,-,1011,Supplementary Table 1,1601,MG1655,2838254,2839264
hyfF:2606917-2608497:+,hyfF,NC_000913.3,2606916,2608497,+,1581,Supplementary Table 1,1602,MG1655,2606917,2608497
bioB:809344-810384:+,bioB,NC_000913.3,809343,810384,+,1041,Supplementary Table 1,1603,MG1655,809344,810384
srmB:2712896-2714230:+,srmB,NC_000913.3,2712895,2714230,+,1335,Supplementary Table 1,1604,MG1655,2712896,2714230
ycaD:945871-947019:+,ycaD,NC_000913.3,945870,947019,+,1149,Supplementary Table 1,1605,MG1655,945871,947019
idnR:4490141-4491139:-,idnR,NC_000913.3,4490140,4491139,-,999,Supplementary Table 1,1606,MG1655,4490141,4491139
yccA:1030759-1031418:-,yccA,NC_000913.3,1030758,1031418,-,660,Supplementary Table 1,1607,MG1655,1030759,1031418
fbaA:3070165-3071244:-,fbaA,NC_000913.3,3070164,3071244,-,1080,Supplementary Table 1,1608,MG1655,3070165,3071244
mog:9306-9893:+,mog,NC_000913.3,9305,9893,+,588,Supplementary Table 1,1609,MG1655,9306,9893
lpxB:203348-204496:+,lpxB,NC_000913.3,203347,204496,+,1149,Supplementary Table 1,1610,MG1655,203348,204496
metN:221614-222645:-,metN,NC_000913.3,221613,222645,-,1032,Supplementary Table 1,1611,MG1655,221614,222645
nudE:3525589-3526149:-,nudE,NC_000913.3,3525588,3526149,-,561,Supplementary Table 1,1612,MG1655,3525589,3526149
fabI:1350251-1351039:-,fabI,NC_000913.3,1350250,1351039,-,789,Supplementary Table 1,1613,MG1655,1350251,1351039
secB:3783661-3784128:-,secB,NC_000913.3,3783660,3784128,-,468,Supplementary Table 1,1614,MG1655,3783661,3784128
yegH:2137902-2139485:+,yegH,NC_000913.3,2137901,2139485,+,1584,Supplementary Table 1,1615,MG1655,2137902,2139485
rpsU:3210781-3210996:+,rpsU,NC_000913.3,3210780,3210996,+,216,Supplementary Table 1,1616,MG1655,3210781,3210996
mokC:16751-16960:-,mokC,NC_000913.3,16750,16960,-,210,Supplementary Table 1,1617,MG1655,16751,16960
rplY:2282517-2282801:+,rplY,NC_000913.3,2282516,2282801,+,285,Supplementary Table 1,1618,MG1655,2282517,2282801
tyrR:1386720-1388261:+,tyrR,NC_000913.3,1386719,1388261,+,1542,Supplementary Table 1,1619,MG1655,1386720,1388261
yqaA:2816512-2816940:-,yqaA,NC_000913.3,2816511,2816940,-,429,Supplementary Table 1,1620,MG1655,2816512,2816940
rffG:3972522-3973589:+,rffG,NC_000913.3,3972521,3973589,+,1068,Supplementary Table 1,1621,MG1655,3972522,3973589
yobA:1924595-1924969:-,yobA,NC_000913.3,1924594,1924969,-,375,Supplementary Table 1,1622,MG1655,1924595,1924969
glmU:3913830-3915200:-,glmU,NC_000913.3,3913829,3915200,-,1371,Supplementary Table 1,1623,MG1655,3913830,3915200
hpf:3346173-3346460:+,hpf,NC_000913.3,3346172,3346460,+,288,Supplementary Table 1,1624,MG1655,3346173,3346460
ilvE:3952484-3953413:+,ilvE,NC_000913.3,3952483,3953413,+,930,Supplementary Table 1,1625,MG1655,3952484,3953413
hrpB:162105-164534:+,hrpB,NC_000913.3,162104,164534,+,2430,Supplementary Table 1,1626,MG1655,162105,164534
yihG:4045670-4046602:-,yihG,NC_000913.3,4045669,4046602,-,933,Supplementary Table 1,1627,MG1655,4045670,4046602
dmsD:1664506-1665120:+,dmsD,NC_000913.3,1664505,1665120,+,615,Supplementary Table 1,1628,MG1655,1664506,1665120
upp:2620246-2620872:-,upp,NC_000913.3,2620245,2620872,-,627,Supplementary Table 1,1629,MG1655,2620246,2620872
yddH:1533282-1533851:-,yddH,NC_000913.3,1533281,1533851,-,570,Supplementary Table 1,1630,MG1655,1533282,1533851
yigG:4002813-4003193:-,yigG,NC_000913.3,4002812,4003193,-,381,Supplementary Table 1,1631,MG1655,4002813,4003193
ypfJ:2595874-2596737:-,ypfJ,NC_000913.3,2595873,2596737,-,864,Supplementary Table 1,1632,MG1655,2595874,2596737
gcl:533916-535697:+,gcl,NC_000913.3,533915,535697,+,1782,Supplementary Table 1,1633,MG1655,533916,535697
mnmE:3886828-3888192:+,mnmE,NC_000913.3,3886827,3888192,+,1365,Supplementary Table 1,1634,MG1655,3886828,3888192
nanE:3370347-3371036:-,nanE,NC_000913.3,3370346,3371036,-,690,Supplementary Table 1,1635,MG1655,3370347,3371036
rsxB:1706348-1706926:+,rsxB,NC_000913.3,1706347,1706926,+,579,Supplementary Table 1,1636,MG1655,1706348,1706926
ampD:118733-119284:+,ampD,NC_000913.3,118732,119284,+,552,Supplementary Table 1,1637,MG1655,118733,119284
arpB:1803094-1804993:+,arpB,NC_000913.3,1803093,1804993,+,1900,Supplementary Table 1,1638,MG1655,1803094,1804993
yfjD:2748774-2750060:+,yfjD,NC_000913.3,2748773,2750060,+,1287,Supplementary Table 1,1639,MG1655,2748774,2750060
aspV:236931-237007:+,aspV,NC_000913.3,236930,237007,+,77,Supplementary Table 1,1640,MG1655,236931,237007
purA:4404687-4405985:+,purA,NC_000913.3,4404686,4405985,+,1299,Supplementary Table 1,1641,MG1655,4404687,4405985
yifN:3960012-3960460:-,yifN,NC_000913.3,3960011,3960460,-,449,Supplementary Table 1,1642,MG1655,3960012,3960460
kilR:1418008-1418229:-,kilR,NC_000913.3,1418007,1418229,-,222,Supplementary Table 1,1643,MG1655,1418008,1418229
mdtH:1124118-1125326:-,mdtH,NC_000913.3,1124117,1125326,-,1209,Supplementary Table 1,1644,MG1655,1124118,1125326
uhpB:3848634-3850136:-,uhpB,NC_000913.3,3848633,3850136,-,1503,Supplementary Table 1,1645,MG1655,3848634,3850136
mreD:3398387-3398875:-,mreD,NC_000913.3,3398386,3398875,-,489,Supplementary Table 1,1646,MG1655,3398387,3398875
serX:1097565-1097652:-,serX,NC_000913.3,1097564,1097652,-,88,Supplementary Table 1,1647,MG1655,1097565,1097652
fdnG:1547401-1550448:+,fdnG,NC_000913.3,1547400,1550448,+,3048,Supplementary Table 1,1648,MG1655,1547401,1550448
xylR:3734979-3736157:+,xylR,NC_000913.3,3734978,3736157,+,1179,Supplementary Table 1,1649,MG1655,3734979,3736157
nrfF:4293163-4293546:+,nrfF,NC_000913.3,4293162,4293546,+,384,Supplementary Table 1,1650,MG1655,4293163,4293546
yhbQ:3299966-3300268:+,yhbQ,NC_000913.3,3299965,3300268,+,303,Supplementary Table 1,1651,MG1655,3299966,3300268
hsrA:3939185-3940612:-,hsrA,NC_000913.3,3939184,3940612,-,1428,Supplementary Table 1,1652,MG1655,3939185,3940612
nsrR:4406190-4406615:+,nsrR,NC_000913.3,4406189,4406615,+,426,Supplementary Table 1,1653,MG1655,4406190,4406615
pepQ:4031161-4032492:+,pepQ,NC_000913.3,4031160,4032492,+,1332,Supplementary Table 1,1654,MG1655,4031161,4032492
gmk:3821428-3822051:+,gmk,NC_000913.3,3821427,3822051,+,624,Supplementary Table 1,1655,MG1655,3821428,3822051
cyoE:446815-447705:-,cyoE,NC_000913.3,446814,447705,-,891,Supplementary Table 1,1656,MG1655,446815,447705
ada:2309341-2310405:-,ada,NC_000913.3,2309340,2310405,-,1065,Supplementary Table 1,1657,MG1655,2309341,2310405
ydiK:1769074-1770186:+,ydiK,NC_000913.3,1769073,1770186,+,1113,Supplementary Table 1,1658,MG1655,1769074,1770186
nrdD:4460522-4462660:-,nrdD,NC_000913.3,4460521,4462660,-,2139,Supplementary Table 1,1659,MG1655,4460522,4462660
yphA:2673346-2673768:+,yphA,NC_000913.3,2673345,2673768,+,423,Supplementary Table 1,1660,MG1655,2673346,2673768
umuC:1231186-1232454:+,umuC,NC_000913.3,1231185,1232454,+,1269,Supplementary Table 1,1661,MG1655,1231186,1232454
lomR:1427389-1427598:+,lomR,NC_000913.3,1427388,1427598,+,210,Supplementary Table 1,1662,MG1655,1427389,1427598
lomR:1428795-1428984:+,lomR,NC_000913.3,1428794,1428984,+,190,Supplementary Table 1,1663,MG1655,1428795,1428984
ybbL:515919-516596:+,ybbL,NC_000913.3,515918,516596,+,678,Supplementary Table 1,1664,MG1655,515919,516596
mdtQ:2227323-2228758:-,mdtQ,NC_000913.3,2227322,2228758,-,1436,Supplementary Table 1,1665,MG1655,2227323,2228758
oppA:1301182-1302813:+,oppA,NC_000913.3,1301181,1302813,+,1632,Supplementary Table 1,1666,MG1655,1301182,1302813
sgcR:4526106-4526888:-,sgcR,NC_000913.3,4526105,4526888,-,783,Supplementary Table 1,1667,MG1655,4526106,4526888
mazG:2909894-2910685:-,mazG,NC_000913.3,2909893,2910685,-,792,Supplementary Table 1,1668,MG1655,2909894,2910685
btuF:177662-178462:-,btuF,NC_000913.3,177661,178462,-,801,Supplementary Table 1,1669,MG1655,177662,178462
coaD:3809825-3810304:+,coaD,NC_000913.3,3809824,3810304,+,480,Supplementary Table 1,1670,MG1655,3809825,3810304
panD:146314-146694:-,panD,NC_000913.3,146313,146694,-,381,Supplementary Table 1,1671,MG1655,146314,146694
nirD:3496551-3496877:+,nirD,NC_000913.3,3496550,3496877,+,327,Supplementary Table 1,1672,MG1655,3496551,3496877
lepB:2704335-2705309:-,lepB,NC_000913.3,2704334,2705309,-,975,Supplementary Table 1,1673,MG1655,2704335,2705309
rpsR:4425839-4426066:+,rpsR,NC_000913.3,4425838,4426066,+,228,Supplementary Table 1,1674,MG1655,4425839,4426066
mcrC:4576912-4577958:-,mcrC,NC_000913.3,4576911,4577958,-,1047,Supplementary Table 1,1675,MG1655,4576912,4577958
eno:2906643-2907941:-,eno,NC_000913.3,2906642,2907941,-,1299,Supplementary Table 1,1676,MG1655,2906643,2907941
mdaB:3172530-3173111:+,mdaB,NC_000913.3,3172529,3173111,+,582,Supplementary Table 1,1677,MG1655,3172530,3173111
ubiC:4252506-4253003:+,ubiC,NC_000913.3,4252505,4253003,+,498,Supplementary Table 1,1678,MG1655,4252506,4253003
gapC:1489713-1490713:-,gapC,NC_000913.3,1489712,1490713,-,1001,Supplementary Table 1,1679,MG1655,1489713,1490713
ycjT:1377884-1380151:+,ycjT,NC_000913.3,1377883,1380151,+,2268,Supplementary Table 1,1680,MG1655,1377884,1380151
ygfZ:3041313-3042293:+,ygfZ,NC_000913.3,3041312,3042293,+,981,Supplementary Table 1,1681,MG1655,3041313,3042293
rlmA:1906251-1907060:-,rlmA,NC_000913.3,1906250,1907060,-,810,Supplementary Table 1,1682,MG1655,1906251,1907060
hemY:3986686-3987882:-,hemY,NC_000913.3,3986685,3987882,-,1197,Supplementary Table 1,1683,MG1655,3986686,3987882
pcnB:157729-159126:-,pcnB,NC_000913.3,157728,159126,-,1398,Supplementary Table 1,1684,MG1655,157729,159126
rplW:3451382-3451684:-,rplW,NC_000913.3,3451381,3451684,-,303,Supplementary Table 1,1685,MG1655,3451382,3451684
yceO:1119307-1119447:-,yceO,NC_000913.3,1119306,1119447,-,141,Supplementary Table 1,1686,MG1655,1119307,1119447
yqjH:3215727-3216491:-,yqjH,NC_000913.3,3215726,3216491,-,765,Supplementary Table 1,1687,MG1655,3215727,3216491
ygdQ:2970420-2971133:+,ygdQ,NC_000913.3,2970419,2971133,+,714,Supplementary Table 1,1688,MG1655,2970420,2971133
thrB:2801-3733:+,thrB,NC_000913.3,2800,3733,+,933,Supplementary Table 1,1689,MG1655,2801,3733
ung:2716754-2717443:+,ung,NC_000913.3,2716753,2717443,+,690,Supplementary Table 1,1690,MG1655,2716754,2717443
ileV:225381-225457:+,ileV,NC_000913.3,225380,225457,+,77,Supplementary Table 1,1691,MG1655,225381,225457
rnpB:3270216-3270592:-,rnpB,NC_000913.3,3270215,3270592,-,377,Supplementary Table 1,1692,MG1655,3270216,3270592
csrA:2818961-2819146:-,csrA,NC_000913.3,2818960,2819146,-,186,Supplementary Table 1,1693,MG1655,2818961,2819146
cof:467412-468230:+,cof,NC_000913.3,467411,468230,+,819,Supplementary Table 1,1694,MG1655,467412,468230
slt:4630733-4632670:+,slt,NC_000913.3,4630732,4632670,+,1938,Supplementary Table 1,1695,MG1655,4630733,4632670
manX:1902048-1903019:+,manX,NC_000913.3,1902047,1903019,+,972,Supplementary Table 1,1696,MG1655,1902048,1903019
rph:3815834-3816549:-,rph,NC_000913.3,3815833,3816549,-,716,Supplementary Table 1,1697,MG1655,3815834,3816549
cydD:929196-930962:-,cydD,NC_000913.3,929195,930962,-,1767,Supplementary Table 1,1698,MG1655,929196,930962
yciX:1335291-1335458:+,yciX,NC_000913.3,1335290,1335458,+,168,Supplementary Table 1,1699,MG1655,1335291,1335458
fdnI:1551338-1551991:+,fdnI,NC_000913.3,1551337,1551991,+,654,Supplementary Table 1,1700,MG1655,1551338,1551991
deoB:4619603-4620826:+,deoB,NC_000913.3,4619602,4620826,+,1224,Supplementary Table 1,1701,MG1655,4619603,4620826
rna:644197-645003:-,rna,NC_000913.3,644196,645003,-,807,Supplementary Table 1,1702,MG1655,644197,645003
yghT:3134131-3134823:+,yghT,NC_000913.3,3134130,3134823,+,693,Supplementary Table 1,1703,MG1655,3134131,3134823
bamC:2597831-2598865:-,bamC,NC_000913.3,2597830,2598865,-,1035,Supplementary Table 1,1704,MG1655,2597831,2598865
yrhA:3583038-3583418:+,yrhA,NC_000913.3,3583037,3583418,+,381,Supplementary Table 1,1705,MG1655,3583038,3583418
yrhA:3584196-3584309:+,yrhA,NC_000913.3,3584195,3584309,+,114,Supplementary Table 1,1706,MG1655,3584196,3584309
fis:3411271-3411567:+,fis,NC_000913.3,3411270,3411567,+,297,Supplementary Table 1,1707,MG1655,3411271,3411567
putP:1079305-1080813:+,putP,NC_000913.3,1079304,1080813,+,1509,Supplementary Table 1,1708,MG1655,1079305,1080813
exuR:3246652-3247428:+,exuR,NC_000913.3,3246651,3247428,+,777,Supplementary Table 1,1709,MG1655,3246652,3247428
mazF:2910756-2911091:-,mazF,NC_000913.3,2910755,2911091,-,336,Supplementary Table 1,1710,MG1655,2910756,2911091
eutR:2554130-2555182:-,eutR,NC_000913.3,2554129,2555182,-,1053,Supplementary Table 1,1711,MG1655,2554130,2555182
glpR:3559848-3560605:-,glpR,NC_000913.3,3559847,3560605,-,758,Supplementary Table 1,1712,MG1655,3559848,3560605
ykgH:324696-325364:-,ykgH,NC_000913.3,324695,325364,-,669,Supplementary Table 1,1713,MG1655,324696,325364
chaA:1270749-1271849:-,chaA,NC_000913.3,1270748,1271849,-,1101,Supplementary Table 1,1714,MG1655,1270749,1271849
ydhS:1747131-1748735:+,ydhS,NC_000913.3,1747130,1748735,+,1605,Supplementary Table 1,1715,MG1655,1747131,1748735
dadA:1237571-1238869:+,dadA,NC_000913.3,1237570,1238869,+,1299,Supplementary Table 1,1716,MG1655,1237571,1238869
cspH:1050963-1051175:-,cspH,NC_000913.3,1050962,1051175,-,213,Supplementary Table 1,1717,MG1655,1050963,1051175
gcvB:2942696-2942901:+,gcvB,NC_000913.3,2942695,2942901,+,206,Supplementary Table 1,1718,MG1655,2942696,2942901
rnd:1886864-1887991:-,rnd,NC_000913.3,1886863,1887991,-,1128,Supplementary Table 1,1719,MG1655,1886864,1887991
rfbD:2111077-2111976:-,rfbD,NC_000913.3,2111076,2111976,-,900,Supplementary Table 1,1720,MG1655,2111077,2111976
leuT:3982606-3982692:+,leuT,NC_000913.3,3982605,3982692,+,87,Supplementary Table 1,1721,MG1655,3982606,3982692
yraI:3288090-3288785:+,yraI,NC_000913.3,3288089,3288785,+,696,Supplementary Table 1,1722,MG1655,3288090,3288785
uof:710639-710725:-,uof,NC_000913.3,710638,710725,-,87,Supplementary Table 1,1723,MG1655,710639,710725
acpP:1151615-1151851:+,acpP,NC_000913.3,1151614,1151851,+,237,Supplementary Table 1,1724,MG1655,1151615,1151851
fucA:2933041-2933688:-,fucA,NC_000913.3,2933040,2933688,-,648,Supplementary Table 1,1725,MG1655,2933041,2933688
argY:2818198-2818274:-,argY,NC_000913.3,2818197,2818274,-,77,Supplementary Table 1,1726,MG1655,2818198,2818274
fecC:4512411-4513409:-,fecC,NC_000913.3,4512410,4513409,-,999,Supplementary Table 1,1727,MG1655,4512411,4513409
rpsP:2745937-2746185:-,rpsP,NC_000913.3,2745936,2746185,-,249,Supplementary Table 1,1728,MG1655,2745937,2746185
yjaG:4199504-4200094:+,yjaG,NC_000913.3,4199503,4200094,+,591,Supplementary Table 1,1729,MG1655,4199504,4200094
yoaI:1874078-1874182:-,yoaI,NC_000913.3,1874077,1874182,-,105,Supplementary Table 1,1730,MG1655,1874078,1874182
atoE:2324756-2326078:+,atoE,NC_000913.3,2324755,2326078,+,1323,Supplementary Table 1,1731,MG1655,2324756,2326078
ybgA:739001-739510:+,ybgA,NC_000913.3,739000,739510,+,510,Supplementary Table 1,1732,MG1655,739001,739510
metT:697057-697133:-,metT,NC_000913.3,697056,697133,-,77,Supplementary Table 1,1733,MG1655,697057,697133
tesB:474301-475161:-,tesB,NC_000913.3,474300,475161,-,861,Supplementary Table 1,1734,MG1655,474301,475161
modE:793856-794644:-,modE,NC_000913.3,793855,794644,-,789,Supplementary Table 1,1735,MG1655,793856,794644
rpsG:3473542-3474081:-,rpsG,NC_000913.3,3473541,3474081,-,540,Supplementary Table 1,1736,MG1655,3473542,3474081
anmK:1718493-1719602:-,anmK,NC_000913.3,1718492,1719602,-,1110,Supplementary Table 1,1737,MG1655,1718493,1719602
rnc:2703383-2704063:-,rnc,NC_000913.3,2703382,2704063,-,681,Supplementary Table 1,1738,MG1655,2703383,2704063
idi:3033065-3033613:+,idi,NC_000913.3,3033064,3033613,+,549,Supplementary Table 1,1739,MG1655,3033065,3033613
yccB:1040445-1040537:+,yccB,NC_000913.3,1040444,1040537,+,93,Supplementary Table 1,1740,MG1655,1040445,1040537
ycfP:1165143-1165685:+,ycfP,NC_000913.3,1165142,1165685,+,543,Supplementary Table 1,1741,MG1655,1165143,1165685
ycfZ:1180479-1181267:-,ycfZ,NC_000913.3,1180478,1181267,-,789,Supplementary Table 1,1742,MG1655,1180479,1181267
yjdP:4313868-4314197:+,yjdP,NC_000913.3,4313867,4314197,+,330,Supplementary Table 1,1743,MG1655,4313868,4314197
zapA:3055612-3055941:+,zapA,NC_000913.3,3055611,3055941,+,330,Supplementary Table 1,1744,MG1655,3055612,3055941
bax:3736353-3737177:-,bax,NC_000913.3,3736352,3737177,-,825,Supplementary Table 1,1745,MG1655,3736353,3737177
ybbD:528640-529130:+,ybbD,NC_000913.3,528639,529130,+,491,Supplementary Table 1,1746,MG1655,528640,529130
fldB:3039855-3040376:+,fldB,NC_000913.3,3039854,3040376,+,522,Supplementary Table 1,1747,MG1655,3039855,3040376
pgpA:436589-437107:+,pgpA,NC_000913.3,436588,437107,+,519,Supplementary Table 1,1748,MG1655,436589,437107
yedL:2010600-2011079:+,yedL,NC_000913.3,2010599,2011079,+,480,Supplementary Table 1,1749,MG1655,2010600,2011079
curA:1519027-1520064:+,curA,NC_000913.3,1519026,1520064,+,1038,Supplementary Table 1,1750,MG1655,1519027,1520064
dcuC:654583-655968:-,dcuC,NC_000913.3,654582,655968,-,1386,Supplementary Table 1,1751,MG1655,654583,655968
valZ:781068-781143:+,valZ,NC_000913.3,781067,781143,+,76,Supplementary Table 1,1752,MG1655,781068,781143
gcvH:3049160-3049549:-,gcvH,NC_000913.3,3049159,3049549,-,390,Supplementary Table 1,1753,MG1655,3049160,3049549
holD:4607803-4608216:+,holD,NC_000913.3,4607802,4608216,+,414,Supplementary Table 1,1754,MG1655,4607803,4608216
clsA:1307185-1308645:-,clsA,NC_000913.3,1307184,1308645,-,1461,Supplementary Table 1,1755,MG1655,1307185,1308645
yhhL:3604979-3605248:+,yhhL,NC_000913.3,3604978,3605248,+,270,Supplementary Table 1,1756,MG1655,3604979,3605248
radA:4625912-4627294:+,radA,NC_000913.3,4625911,4627294,+,1383,Supplementary Table 1,1757,MG1655,4625912,4627294
yegQ:2165668-2167029:+,yegQ,NC_000913.3,2165667,2167029,+,1362,Supplementary Table 1,1758,MG1655,2165668,2167029
ybaO:468383-468841:+,ybaO,NC_000913.3,468382,468841,+,459,Supplementary Table 1,1759,MG1655,468383,468841
ycgM:1228079-1228738:+,ycgM,NC_000913.3,1228078,1228738,+,660,Supplementary Table 1,1760,MG1655,1228079,1228738
yciV:1323220-1324101:+,yciV,NC_000913.3,1323219,1324101,+,882,Supplementary Table 1,1761,MG1655,1323220,1324101
rplL:4180560-4180925:+,rplL,NC_000913.3,4180559,4180925,+,366,Supplementary Table 1,1762,MG1655,4180560,4180925
ynbE:1445687-1445872:+,ynbE,NC_000913.3,1445686,1445872,+,186,Supplementary Table 1,1763,MG1655,1445687,1445872
puuE:1365550-1366815:+,puuE,NC_000913.3,1365549,1366815,+,1266,Supplementary Table 1,1764,MG1655,1365550,1366815
creB:4636007-4636696:+,creB,NC_000913.3,4636006,4636696,+,690,Supplementary Table 1,1765,MG1655,4636007,4636696
yggN:3100904-3101623:-,yggN,NC_000913.3,3100903,3101623,-,720,Supplementary Table 1,1766,MG1655,3100904,3101623
lipA:659251-660216:-,lipA,NC_000913.3,659250,660216,-,966,Supplementary Table 1,1767,MG1655,659251,660216
rnlB:2766984-2767355:+,rnlB,NC_000913.3,2766983,2767355,+,372,Supplementary Table 1,1768,MG1655,2766984,2767355
rpmF:1147367-1147540:+,rpmF,NC_000913.3,1147366,1147540,+,174,Supplementary Table 1,1769,MG1655,1147367,1147540
tfaS:2470815-2471105:+,tfaS,NC_000913.3,2470814,2471105,+,291,Supplementary Table 1,1770,MG1655,2470815,2471105
tktB:2579636-2581639:+,tktB,NC_000913.3,2579635,2581639,+,2004,Supplementary Table 1,1771,MG1655,2579636,2581639
torS:1053434-1056178:-,torS,NC_000913.3,1053433,1056178,-,2745,Supplementary Table 1,1772,MG1655,1053434,1056178
cusC:595600-596973:+,cusC,NC_000913.3,595599,596973,+,1374,Supplementary Table 1,1773,MG1655,595600,596973
btuD:1792809-1793558:-,btuD,NC_000913.3,1792808,1793558,-,750,Supplementary Table 1,1774,MG1655,1792809,1793558
yghF:3112093-3112941:-,yghF,NC_000913.3,3112092,3112941,-,849,Supplementary Table 1,1775,MG1655,3112093,3112941
prfB:3035184-3036282:-,prfB,NC_000913.3,3035183,3036282,-,1099,Supplementary Table 1,1776,MG1655,3035184,3036282
acrZ:794773-794922:+,acrZ,NC_000913.3,794772,794922,+,150,Supplementary Table 1,1777,MG1655,794773,794922
ydfD:1649794-1649985:+,ydfD,NC_000913.3,1649793,1649985,+,192,Supplementary Table 1,1778,MG1655,1649794,1649985
entH:629300-629713:+,entH,NC_000913.3,629299,629713,+,414,Supplementary Table 1,1779,MG1655,629300,629713
pstA:3908549-3909439:-,pstA,NC_000913.3,3908548,3909439,-,891,Supplementary Table 1,1780,MG1655,3908549,3909439
ysaD:3750918-3751109:+,ysaD,NC_000913.3,3750917,3751109,+,192,Supplementary Table 1,1781,MG1655,3750918,3751109
insQ:1503717-1504865:+,insQ,NC_000913.3,1503716,1504865,+,1149,Supplementary Table 1,1782,MG1655,1503717,1504865
yiiX:4127286-4127894:-,yiiX,NC_000913.3,4127285,4127894,-,609,Supplementary Table 1,1783,MG1655,4127286,4127894
rdlA:1269323-1269389:+,rdlA,NC_000913.3,1269322,1269389,+,67,Supplementary Table 1,1784,MG1655,1269323,1269389
yfgJ:2635599-2635814:-,yfgJ,NC_000913.3,2635598,2635814,-,216,Supplementary Table 1,1785,MG1655,2635599,2635814
thiE:4193569-4194204:-,thiE,NC_000913.3,4193568,4194204,-,636,Supplementary Table 1,1786,MG1655,4193569,4194204
rsxD:1709142-1710200:+,rsxD,NC_000913.3,1709141,1710200,+,1059,Supplementary Table 1,1787,MG1655,1709142,1710200
rzpQ:1639030-1639527:-,rzpQ,NC_000913.3,1639029,1639527,-,498,Supplementary Table 1,1788,MG1655,1639030,1639527
fhuA:167484-169727:+,fhuA,NC_000913.3,167483,169727,+,2244,Supplementary Table 1,1789,MG1655,167484,169727
tyrS:1715948-1717222:-,tyrS,NC_000913.3,1715947,1717222,-,1275,Supplementary Table 1,1790,MG1655,1715948,1717222
rpoD:3213047-3214888:+,rpoD,NC_000913.3,3213046,3214888,+,1842,Supplementary Table 1,1791,MG1655,3213047,3214888
ydcA:1491677-1491850:+,ydcA,NC_000913.3,1491676,1491850,+,174,Supplementary Table 1,1792,MG1655,1491677,1491850
metH:4223828-4227511:+,metH,NC_000913.3,4223827,4227511,+,3684,Supplementary Table 1,1793,MG1655,4223828,4227511
rnpA:3884493-3884852:+,rnpA,NC_000913.3,3884492,3884852,+,360,Supplementary Table 1,1794,MG1655,3884493,3884852
marB:1619989-1620207:+,marB,NC_000913.3,1619988,1620207,+,219,Supplementary Table 1,1795,MG1655,1619989,1620207
clsB:822498-823739:-,clsB,NC_000913.3,822497,823739,-,1242,Supplementary Table 1,1796,MG1655,822498,823739
evgA:2483755-2484369:+,evgA,NC_000913.3,2483754,2484369,+,615,Supplementary Table 1,1797,MG1655,2483755,2484369
proK:3708616-3708692:-,proK,NC_000913.3,3708615,3708692,-,77,Supplementary Table 1,1798,MG1655,3708616,3708692
yeaK:1873574-1874077:+,yeaK,NC_000913.3,1873573,1874077,+,504,Supplementary Table 1,1799,MG1655,1873574,1874077
rusA:573371-573733:+,rusA,NC_000913.3,573370,573733,+,363,Supplementary Table 1,1800,MG1655,573371,573733
murA:3335235-3336494:-,murA,NC_000913.3,3335234,3336494,-,1260,Supplementary Table 1,1801,MG1655,3335235,3336494
pitA:3637642-3639141:+,pitA,NC_000913.3,3637641,3639141,+,1500,Supplementary Table 1,1802,MG1655,3637642,3639141
sdsR:1923164-1923284:-,sdsR,NC_000913.3,1923163,1923284,-,121,Supplementary Table 1,1803,MG1655,1923164,1923284
yfgI:2630326-2630865:+,yfgI,NC_000913.3,2630325,2630865,+,540,Supplementary Table 1,1804,MG1655,2630326,2630865
yhfA:3485414-3485818:-,yhfA,NC_000913.3,3485413,3485818,-,405,Supplementary Table 1,1805,MG1655,3485414,3485818
tusA:3608751-3608996:-,tusA,NC_000913.3,3608750,3608996,-,246,Supplementary Table 1,1806,MG1655,3608751,3608996
dinI:1121242-1121487:-,dinI,NC_000913.3,1121241,1121487,-,246,Supplementary Table 1,1807,MG1655,1121242,1121487
rplM:3378223-3378651:-,rplM,NC_000913.3,3378222,3378651,-,429,Supplementary Table 1,1808,MG1655,3378223,3378651
znuC:1942662-1943417:+,znuC,NC_000913.3,1942661,1943417,+,756,Supplementary Table 1,1809,MG1655,1942662,1943417
argF:289301-290305:-,argF,NC_000913.3,289300,290305,-,1005,Supplementary Table 1,1810,MG1655,289301,290305
pheU:4362551-4362626:-,pheU,NC_000913.3,4362550,4362626,-,76,Supplementary Table 1,1811,MG1655,4362551,4362626
yhjD:3673362-3674375:+,yhjD,NC_000913.3,3673361,3674375,+,1014,Supplementary Table 1,1812,MG1655,3673362,3674375
clpS:922913-923233:+,clpS,NC_000913.3,922912,923233,+,321,Supplementary Table 1,1813,MG1655,922913,923233
tdh:3790320-3791345:-,tdh,NC_000913.3,3790319,3791345,-,1026,Supplementary Table 1,1814,MG1655,3790320,3791345
nrfD:4290476-4291432:+,nrfD,NC_000913.3,4290475,4291432,+,957,Supplementary Table 1,1815,MG1655,4290476,4291432
dinQ:3647705-3647833:-,dinQ,NC_000913.3,3647704,3647833,-,129,Supplementary Table 1,1816,MG1655,3647705,3647833
wcaL:2115907-2117127:-,wcaL,NC_000913.3,2115906,2117127,-,1221,Supplementary Table 1,1817,MG1655,2115907,2117127
holE:1925108-1925338:+,holE,NC_000913.3,1925107,1925338,+,231,Supplementary Table 1,1818,MG1655,1925108,1925338
gpr:3147897-3148937:+,gpr,NC_000913.3,3147896,3148937,+,1041,Supplementary Table 1,1819,MG1655,3147897,3148937
ymgF:1218983-1219201:+,ymgF,NC_000913.3,1218982,1219201,+,219,Supplementary Table 1,1820,MG1655,1218983,1219201
asnT:2044549-2044624:+,asnT,NC_000913.3,2044548,2044624,+,76,Supplementary Table 1,1821,MG1655,2044549,2044624
hisC:2092398-2093468:+,hisC,NC_000913.3,2092397,2093468,+,1071,Supplementary Table 1,1822,MG1655,2092398,2093468
fadR:1234938-1235657:+,fadR,NC_000913.3,1234937,1235657,+,720,Supplementary Table 1,1823,MG1655,1234938,1235657
yneK:1615763-1616878:+,yneK,NC_000913.3,1615762,1616878,+,1116,Supplementary Table 1,1824,MG1655,1615763,1616878
higB:3234141-3234455:-,higB,NC_000913.3,3234140,3234455,-,315,Supplementary Table 1,1825,MG1655,3234141,3234455
yggI:3089755-3090252:+,yggI,NC_000913.3,3089754,3090252,+,498,Supplementary Table 1,1826,MG1655,3089755,3090252
mnmG:3923744-3925633:-,mnmG,NC_000913.3,3923743,3925633,-,1890,Supplementary Table 1,1827,MG1655,3923744,3925633
rpsJ:3452959-3453270:-,rpsJ,NC_000913.3,3452958,3453270,-,312,Supplementary Table 1,1828,MG1655,3452959,3453270
frvA:4092377-4092823:-,frvA,NC_000913.3,4092376,4092823,-,447,Supplementary Table 1,1829,MG1655,4092377,4092823
tatB:4022218-4022733:+,tatB,NC_000913.3,4022217,4022733,+,516,Supplementary Table 1,1830,MG1655,4022218,4022733
iscX:2656536-2656736:-,iscX,NC_000913.3,2656535,2656736,-,201,Supplementary Table 1,1831,MG1655,2656536,2656736
yefM:2089462-2089713:-,yefM,NC_000913.3,2089461,2089713,-,252,Supplementary Table 1,1832,MG1655,2089462,2089713
sthA:4159390-4160790:-,sthA,NC_000913.3,4159389,4160790,-,1401,Supplementary Table 1,1833,MG1655,4159390,4160790
ydgH:1678427-1679371:+,ydgH,NC_000913.3,1678426,1679371,+,945,Supplementary Table 1,1834,MG1655,1678427,1679371
alaW:2518156-2518231:-,alaW,NC_000913.3,2518155,2518231,-,76,Supplementary Table 1,1835,MG1655,2518156,2518231
slmA:3814494-3815090:+,slmA,NC_000913.3,3814493,3815090,+,597,Supplementary Table 1,1836,MG1655,3814494,3815090
yjfK:4411302-4411961:+,yjfK,NC_000913.3,4411301,4411961,+,660,Supplementary Table 1,1837,MG1655,4411302,4411961
ynfH:1663609-1664463:+,ynfH,NC_000913.3,1663608,1664463,+,855,Supplementary Table 1,1838,MG1655,1663609,1664463
sodC:1724134-1724655:-,sodC,NC_000913.3,1724133,1724655,-,522,Supplementary Table 1,1839,MG1655,1724134,1724655
yihA:4050133-4050765:-,yihA,NC_000913.3,4050132,4050765,-,633,Supplementary Table 1,1840,MG1655,4050133,4050765
glnW:696756-696830:-,glnW,NC_000913.3,696755,696830,-,75,Supplementary Table 1,1841,MG1655,696756,696830
gmhB:222833-223408:+,gmhB,NC_000913.3,222832,223408,+,576,Supplementary Table 1,1842,MG1655,222833,223408
iscA:2659563-2659886:-,iscA,NC_000913.3,2659562,2659886,-,324,Supplementary Table 1,1843,MG1655,2659563,2659886
ybhN:821542-822498:-,ybhN,NC_000913.3,821541,822498,-,957,Supplementary Table 1,1844,MG1655,821542,822498
yfjS:2770681-2771124:+,yfjS,NC_000913.3,2770680,2771124,+,444,Supplementary Table 1,1845,MG1655,2770681,2771124
acrB:481254-484403:-,acrB,NC_000913.3,481253,484403,-,3150,Supplementary Table 1,1846,MG1655,481254,484403
ecnB:4376553-4376699:+,ecnB,NC_000913.3,4376552,4376699,+,147,Supplementary Table 1,1847,MG1655,4376553,4376699
yebG:1930457-1930747:-,yebG,NC_000913.3,1930456,1930747,-,291,Supplementary Table 1,1848,MG1655,1930457,1930747
ylcH:572368-572469:+,ylcH,NC_000913.3,572367,572469,+,102,Supplementary Table 1,1849,MG1655,572368,572469
scpB:3063993-3064778:+,scpB,NC_000913.3,3063992,3064778,+,786,Supplementary Table 1,1850,MG1655,3063993,3064778
nadD:669931-670572:-,nadD,NC_000913.3,669930,670572,-,642,Supplementary Table 1,1851,MG1655,669931,670572
fhuF:4604875-4605663:-,fhuF,NC_000913.3,4604874,4605663,-,789,Supplementary Table 1,1852,MG1655,4604875,4605663
chpS:4448447-4448698:+,chpS,NC_000913.3,4448446,4448698,+,252,Supplementary Table 1,1853,MG1655,4448447,4448698
elbB:3349806-3350459:-,elbB,NC_000913.3,3349805,3350459,-,654,Supplementary Table 1,1854,MG1655,3349806,3350459
ytfP:4447894-4448235:+,ytfP,NC_000913.3,4447893,4448235,+,342,Supplementary Table 1,1855,MG1655,4447894,4448235
mntR:853183-853650:+,mntR,NC_000913.3,853182,853650,+,468,Supplementary Table 1,1856,MG1655,853183,853650
rhaT:4099491-4100525:-,rhaT,NC_000913.3,4099490,4100525,-,1035,Supplementary Table 1,1857,MG1655,4099491,4100525
yniC:1809380-1810048:+,yniC,NC_000913.3,1809379,1810048,+,669,Supplementary Table 1,1858,MG1655,1809380,1810048
yfgC:2616094-2617557:+,yfgC,NC_000913.3,2616093,2617557,+,1464,Supplementary Table 1,1859,MG1655,2616094,2617557
rpsD:3441055-3441675:-,rpsD,NC_000913.3,3441054,3441675,-,621,Supplementary Table 1,1860,MG1655,3441055,3441675
glnB:2687070-2687408:-,glnB,NC_000913.3,2687069,2687408,-,339,Supplementary Table 1,1861,MG1655,2687070,2687408
alx:3238580-3239545:+,alx,NC_000913.3,3238579,3239545,+,966,Supplementary Table 1,1862,MG1655,3238580,3239545
truA:2434824-2435636:-,truA,NC_000913.3,2434823,2435636,-,813,Supplementary Table 1,1863,MG1655,2434824,2435636
pdxK:2536386-2537237:-,pdxK,NC_000913.3,2536385,2537237,-,852,Supplementary Table 1,1864,MG1655,2536386,2537237
yeeO:2058203-2059690:-,yeeO,NC_000913.3,2058202,2059690,-,1488,Supplementary Table 1,1865,MG1655,2058203,2059690
basS:4332181-4333272:-,basS,NC_000913.3,4332180,4333272,-,1092,Supplementary Table 1,1866,MG1655,4332181,4333272
ivy:240343-240816:+,ivy,NC_000913.3,240342,240816,+,474,Supplementary Table 1,1867,MG1655,240343,240816
flxA:1646405-1646737:+,flxA,NC_000913.3,1646404,1646737,+,333,Supplementary Table 1,1868,MG1655,1646405,1646737
ytfI:4437707-4438645:+,ytfI,NC_000913.3,4437706,4438645,+,939,Supplementary Table 1,1869,MG1655,4437707,4438645
cobC:669296-669907:-,cobC,NC_000913.3,669295,669907,-,612,Supplementary Table 1,1870,MG1655,669296,669907
mltF:2695801-2697357:+,mltF,NC_000913.3,2695800,2697357,+,1557,Supplementary Table 1,1871,MG1655,2695801,2697357
fabG:1150670-1151404:+,fabG,NC_000913.3,1150669,1151404,+,735,Supplementary Table 1,1872,MG1655,1150670,1151404
pdxA:52427-53416:-,pdxA,NC_000913.3,52426,53416,-,990,Supplementary Table 1,1873,MG1655,52427,53416
intR:1412000-1413235:-,intR,NC_000913.3,1411999,1413235,-,1236,Supplementary Table 1,1874,MG1655,1412000,1413235
yhbE:3331770-3332735:-,yhbE,NC_000913.3,3331769,3332735,-,966,Supplementary Table 1,1875,MG1655,3331770,3332735
valT:780765-780840:+,valT,NC_000913.3,780764,780840,+,76,Supplementary Table 1,1876,MG1655,780765,780840
rsfS:668719-669036:-,rsfS,NC_000913.3,668718,669036,-,318,Supplementary Table 1,1877,MG1655,668719,669036
spf:4049899-4050007:+,spf,NC_000913.3,4049898,4050007,+,109,Supplementary Table 1,1878,MG1655,4049899,4050007
valV:1746435-1746511:+,valV,NC_000913.3,1746434,1746511,+,77,Supplementary Table 1,1879,MG1655,1746435,1746511
ydhL:1725681-1725920:-,ydhL,NC_000913.3,1725680,1725920,-,240,Supplementary Table 1,1880,MG1655,1725681,1725920
hisF:2095844-2096620:+,hisF,NC_000913.3,2095843,2096620,+,777,Supplementary Table 1,1881,MG1655,2095844,2096620
livF:3592724-3593437:-,livF,NC_000913.3,3592723,3593437,-,714,Supplementary Table 1,1882,MG1655,3592724,3593437
gltW:2729369-2729444:-,gltW,NC_000913.3,2729368,2729444,-,76,Supplementary Table 1,1883,MG1655,2729369,2729444
pncC:2823849-2824346:-,pncC,NC_000913.3,2823848,2824346,-,498,Supplementary Table 1,1884,MG1655,2823849,2824346
rplN:3447778-3448149:-,rplN,NC_000913.3,3447777,3448149,-,372,Supplementary Table 1,1885,MG1655,3447778,3448149
rpsN:3446579-3446884:-,rpsN,NC_000913.3,3446578,3446884,-,306,Supplementary Table 1,1886,MG1655,3446579,3446884
yccS:1021730-1023883:-,yccS,NC_000913.3,1021729,1023883,-,2154,Supplementary Table 1,1887,MG1655,1021730,1023883
ydcV:1514762-1515556:+,ydcV,NC_000913.3,1514761,1515556,+,795,Supplementary Table 1,1888,MG1655,1514762,1515556
argK:3062987-3063982:+,argK,NC_000913.3,3062986,3063982,+,996,Supplementary Table 1,1889,MG1655,3062987,3063982
pyrF:1341921-1342658:+,pyrF,NC_000913.3,1341920,1342658,+,738,Supplementary Table 1,1890,MG1655,1341921,1342658
fabR:4161124-4161771:+,fabR,NC_000913.3,4161123,4161771,+,648,Supplementary Table 1,1891,MG1655,4161124,4161771
gluQ:159186-160112:-,gluQ,NC_000913.3,159185,160112,-,927,Supplementary Table 1,1892,MG1655,159186,160112
tabA:4474862-4475314:+,tabA,NC_000913.3,4474861,4475314,+,453,Supplementary Table 1,1893,MG1655,4474862,4475314
ycaR:970673-970855:+,ycaR,NC_000913.3,970672,970855,+,183,Supplementary Table 1,1894,MG1655,970673,970855
ybaN:490882-491259:+,ybaN,NC_000913.3,490881,491259,+,378,Supplementary Table 1,1895,MG1655,490882,491259
rpmA:3332862-3333119:-,rpmA,NC_000913.3,3332861,3333119,-,258,Supplementary Table 1,1896,MG1655,3332862,3333119
leuW:696963-697047:-,leuW,NC_000913.3,696962,697047,-,85,Supplementary Table 1,1897,MG1655,696963,697047
phr:739507-740925:+,phr,NC_000913.3,739506,740925,+,1419,Supplementary Table 1,1898,MG1655,739507,740925
yibQ:3788101-3789060:+,yibQ,NC_000913.3,3788100,3789060,+,960,Supplementary Table 1,1899,MG1655,3788101,3789060
cysB:1333855-1334829:+,cysB,NC_000913.3,1333854,1334829,+,975,Supplementary Table 1,1900,MG1655,1333855,1334829
rhtC:4007757-4008377:+,rhtC,NC_000913.3,4007756,4008377,+,621,Supplementary Table 1,1901,MG1655,4007757,4008377
kdsA:1268165-1269019:+,kdsA,NC_000913.3,1268164,1269019,+,855,Supplementary Table 1,1902,MG1655,1268165,1269019
gor:3646299-3647651:+,gor,NC_000913.3,3646298,3647651,+,1353,Supplementary Table 1,1903,MG1655,3646299,3647651
fdhE:4080299-4081228:-,fdhE,NC_000913.3,4080298,4081228,-,930,Supplementary Table 1,1904,MG1655,4080299,4081228
gpt:255977-256435:+,gpt,NC_000913.3,255976,256435,+,459,Supplementary Table 1,1905,MG1655,255977,256435
hofC:114522-115724:-,hofC,NC_000913.3,114521,115724,-,1203,Supplementary Table 1,1906,MG1655,114522,115724
ribA:1338570-1339160:-,ribA,NC_000913.3,1338569,1339160,-,591,Supplementary Table 1,1907,MG1655,1338570,1339160
yagB:280427-280735:-,yagB,NC_000913.3,280426,280735,-,309,Supplementary Table 1,1908,MG1655,280427,280735
yqfA:3042489-3043148:-,yqfA,NC_000913.3,3042488,3043148,-,660,Supplementary Table 1,1909,MG1655,3042489,3043148
ryeA:1923066-1923314:+,ryeA,NC_000913.3,1923065,1923314,+,249,Supplementary Table 1,1910,MG1655,1923066,1923314
nudK:2582903-2583478:-,nudK,NC_000913.3,2582902,2583478,-,576,Supplementary Table 1,1911,MG1655,2582903,2583478
nikR:3618588-3618989:+,nikR,NC_000913.3,3618587,3618989,+,402,Supplementary Table 1,1912,MG1655,3618588,3618989
bglJ:4604160-4604837:+,bglJ,NC_000913.3,4604159,4604837,+,678,Supplementary Table 1,1913,MG1655,4604160,4604837
trpE:1321384-1322946:-,trpE,NC_000913.3,1321383,1322946,-,1563,Supplementary Table 1,1914,MG1655,1321384,1322946
yjiY:4589129-4591279:-,yjiY,NC_000913.3,4589128,4591279,-,2151,Supplementary Table 1,1915,MG1655,4589129,4591279
yeeY:2087329-2088258:-,yeeY,NC_000913.3,2087328,2088258,-,930,Supplementary Table 1,1916,MG1655,2087329,2088258
puuP:1357802-1359187:-,puuP,NC_000913.3,1357801,1359187,-,1386,Supplementary Table 1,1917,MG1655,1357802,1359187
yacH:129407-131260:-,yacH,NC_000913.3,129406,131260,-,1854,Supplementary Table 1,1918,MG1655,129407,131260
ydhP:1736121-1737290:-,ydhP,NC_000913.3,1736120,1737290,-,1170,Supplementary Table 1,1919,MG1655,1736121,1737290
parC:3163715-3165973:-,parC,NC_000913.3,3163714,3165973,-,2259,Supplementary Table 1,1920,MG1655,3163715,3165973
ampH:395130-396287:-,ampH,NC_000913.3,395129,396287,-,1158,Supplementary Table 1,1921,MG1655,395130,396287
murB:4172057-4173085:+,murB,NC_000913.3,4172056,4173085,+,1029,Supplementary Table 1,1922,MG1655,4172057,4173085
sfsA:160782-161486:-,sfsA,NC_000913.3,160781,161486,-,705,Supplementary Table 1,1923,MG1655,160782,161486
tff:189712-189847:+,tff,NC_000913.3,189711,189847,+,136,Supplementary Table 1,1924,MG1655,189712,189847
leuV:4606079-4606165:-,leuV,NC_000913.3,4606078,4606165,-,87,Supplementary Table 1,1925,MG1655,4606079,4606165
ybiC:836351-837436:+,ybiC,NC_000913.3,836350,837436,+,1086,Supplementary Table 1,1926,MG1655,836351,837436
ddlB:102233-103153:+,ddlB,NC_000913.3,102232,103153,+,921,Supplementary Table 1,1927,MG1655,102233,103153
intE:1199679-1200806:-,intE,NC_000913.3,1199678,1200806,-,1128,Supplementary Table 1,1928,MG1655,1199679,1200806
lysQ:781577-781652:+,lysQ,NC_000913.3,781576,781652,+,76,Supplementary Table 1,1929,MG1655,781577,781652
rrsB:4166659-4168200:+,rrsB,NC_000913.3,4166658,4168200,+,1542,Supplementary Table 1,1930,MG1655,4166659,4168200
yibT:3776171-3776380:-,yibT,NC_000913.3,3776170,3776380,-,210,Supplementary Table 1,1931,MG1655,3776171,3776380
yjbD:4231359-4231631:-,yjbD,NC_000913.3,4231358,4231631,-,273,Supplementary Table 1,1932,MG1655,4231359,4231631
yhaK:3254319-3255020:+,yhaK,NC_000913.3,3254318,3255020,+,702,Supplementary Table 1,1933,MG1655,3254319,3255020
argP:3059753-3060646:+,argP,NC_000913.3,3059752,3060646,+,894,Supplementary Table 1,1934,MG1655,3059753,3060646
tsf:190857-191708:+,tsf,NC_000913.3,190856,191708,+,852,Supplementary Table 1,1935,MG1655,190857,191708
yjfF:4453583-4454578:+,yjfF,NC_000913.3,4453582,4454578,+,996,Supplementary Table 1,1936,MG1655,4453583,4454578
xanQ:3024351-3025751:+,xanQ,NC_000913.3,3024350,3025751,+,1401,Supplementary Table 1,1937,MG1655,3024351,3025751
mgtA:4467625-4470321:+,mgtA,NC_000913.3,4467624,4470321,+,2697,Supplementary Table 1,1938,MG1655,4467625,4470321
syd:2924735-2925280:-,syd,NC_000913.3,2924734,2925280,-,546,Supplementary Table 1,1939,MG1655,2924735,2925280
racC:1417488-1417763:-,racC,NC_000913.3,1417487,1417763,-,276,Supplementary Table 1,1940,MG1655,1417488,1417763
yajD:430605-430952:+,yajD,NC_000913.3,430604,430952,+,348,Supplementary Table 1,1941,MG1655,430605,430952
pal:779067-779588:+,pal,NC_000913.3,779066,779588,+,522,Supplementary Table 1,1942,MG1655,779067,779588
caiB:37898-39115:-,caiB,NC_000913.3,37897,39115,-,1218,Supplementary Table 1,1943,MG1655,37898,39115
thrT:4175754-4175829:+,thrT,NC_000913.3,4175753,4175829,+,76,Supplementary Table 1,1944,MG1655,4175754,4175829
purP:3895272-3896609:-,purP,NC_000913.3,3895271,3896609,-,1338,Supplementary Table 1,1945,MG1655,3895272,3896609
yhjC:3672414-3673313:+,yhjC,NC_000913.3,3672413,3673313,+,900,Supplementary Table 1,1946,MG1655,3672414,3673313
manZ:1903895-1904746:+,manZ,NC_000913.3,1903894,1904746,+,852,Supplementary Table 1,1947,MG1655,1903895,1904746
argG:3318637-3319980:+,argG,NC_000913.3,3318636,3319980,+,1344,Supplementary Table 1,1948,MG1655,3318637,3319980
gntX:3544882-3545565:+,gntX,NC_000913.3,3544881,3545565,+,684,Supplementary Table 1,1949,MG1655,3544882,3545565
valX:2521051-2521126:+,valX,NC_000913.3,2521050,2521126,+,76,Supplementary Table 1,1950,MG1655,2521051,2521126
ulaR:4417698-4418453:-,ulaR,NC_000913.3,4417697,4418453,-,756,Supplementary Table 1,1951,MG1655,4417698,4418453
eutP:2574978-2575457:-,eutP,NC_000913.3,2574977,2575457,-,480,Supplementary Table 1,1952,MG1655,2574978,2575457
yhfU:3507348-3507701:-,yhfU,NC_000913.3,3507347,3507701,-,354,Supplementary Table 1,1953,MG1655,3507348,3507701
yhbY:3327790-3328083:+,yhbY,NC_000913.3,3327789,3328083,+,294,Supplementary Table 1,1954,MG1655,3327790,3328083
hyfA:2601201-2601818:+,hyfA,NC_000913.3,2601200,2601818,+,618,Supplementary Table 1,1955,MG1655,2601201,2601818
ghrA:1097886-1098824:+,ghrA,NC_000913.3,1097885,1098824,+,939,Supplementary Table 1,1956,MG1655,1097886,1098824
pyrD:1004768-1005778:+,pyrD,NC_000913.3,1004767,1005778,+,1011,Supplementary Table 1,1957,MG1655,1004768,1005778
barA:2915057-2917813:+,barA,NC_000913.3,2915056,2917813,+,2757,Supplementary Table 1,1958,MG1655,2915057,2917813
livH:3595477-3596403:-,livH,NC_000913.3,3595476,3596403,-,927,Supplementary Table 1,1959,MG1655,3595477,3596403
araA:66835-68337:-,araA,NC_000913.3,66834,68337,-,1503,Supplementary Table 1,1960,MG1655,66835,68337
rpsK:3441709-3442098:-,rpsK,NC_000913.3,3441708,3442098,-,390,Supplementary Table 1,1961,MG1655,3441709,3442098
serT:1031625-1031712:-,serT,NC_000913.3,1031624,1031712,-,88,Supplementary Table 1,1962,MG1655,1031625,1031712
slyX:3477640-3477858:+,slyX,NC_000913.3,3477639,3477858,+,219,Supplementary Table 1,1963,MG1655,3477640,3477858
ybdR:642088-643326:+,ybdR,NC_000913.3,642087,643326,+,1239,Supplementary Table 1,1964,MG1655,642088,643326
yebQ:1910276-1911649:+,yebQ,NC_000913.3,1910275,1911649,+,1374,Supplementary Table 1,1965,MG1655,1910276,1911649
lptC:3342836-3343411:+,lptC,NC_000913.3,3342835,3343411,+,576,Supplementary Table 1,1966,MG1655,3342836,3343411
ymgI:1222990-1223163:-,ymgI,NC_000913.3,1222989,1223163,-,174,Supplementary Table 1,1967,MG1655,1222990,1223163
metJ:4128078-4128395:-,metJ,NC_000913.3,4128077,4128395,-,318,Supplementary Table 1,1968,MG1655,4128078,4128395
xanP:3828945-3830336:+,xanP,NC_000913.3,3828944,3830336,+,1392,Supplementary Table 1,1969,MG1655,3828945,3830336
uvrD:3997983-4000145:+,uvrD,NC_000913.3,3997982,4000145,+,2163,Supplementary Table 1,1970,MG1655,3997983,4000145
ygfQ:3027121-3028488:+,ygfQ,NC_000913.3,3027120,3028488,+,1368,Supplementary Table 1,1971,MG1655,3027121,3028488
yjjW:4614680-4615543:-,yjjW,NC_000913.3,4614679,4615543,-,864,Supplementary Table 1,1972,MG1655,4614680,4615543
smf:3432436-3433560:-,smf,NC_000913.3,3432435,3433560,-,1125,Supplementary Table 1,1973,MG1655,3432436,3433560
hiuH:2038956-2039369:+,hiuH,NC_000913.3,2038955,2039369,+,414,Supplementary Table 1,1974,MG1655,2038956,2039369
artJ:899844-900575:-,artJ,NC_000913.3,899843,900575,-,732,Supplementary Table 1,1975,MG1655,899844,900575
csdA:2943337-2944542:+,csdA,NC_000913.3,2943336,2944542,+,1206,Supplementary Table 1,1976,MG1655,2943337,2944542
nrdE:2801348-2803492:+,nrdE,NC_000913.3,2801347,2803492,+,2145,Supplementary Table 1,1977,MG1655,2801348,2803492
marR:1619120-1619554:+,marR,NC_000913.3,1619119,1619554,+,435,Supplementary Table 1,1978,MG1655,1619120,1619554
mioC:3926012-3926455:-,mioC,NC_000913.3,3926011,3926455,-,444,Supplementary Table 1,1979,MG1655,3926012,3926455
ymdA:1105414-1105725:+,ymdA,NC_000913.3,1105413,1105725,+,312,Supplementary Table 1,1980,MG1655,1105414,1105725
yccX:1030064-1030342:+,yccX,NC_000913.3,1030063,1030342,+,279,Supplementary Table 1,1981,MG1655,1030064,1030342
insA:20233-20508:-,insA,NC_000913.3,20232,20508,-,276,Supplementary Table 1,1982,MG1655,20233,20508
insA:279600-279875:-,insA,NC_000913.3,279599,279875,-,276,Supplementary Table 1,1983,MG1655,279600,279875
insA:291071-291346:-,insA,NC_000913.3,291070,291346,-,276,Supplementary Table 1,1984,MG1655,291071,291346
insA:1049833-1050108:+,insA,NC_000913.3,1049832,1050108,+,276,Supplementary Table 1,1985,MG1655,1049833,1050108
insA:1978940-1979215:-,insA,NC_000913.3,1978939,1979215,-,276,Supplementary Table 1,1986,MG1655,1978940,1979215
insA:3583483-3583758:+,insA,NC_000913.3,3583482,3583758,+,276,Supplementary Table 1,1987,MG1655,3583483,3583758
insA:4518527-4518802:+,insA,NC_000913.3,4518526,4518802,+,276,Supplementary Table 1,1988,MG1655,4518527,4518802
yeaL:1874352-1874798:+,yeaL,NC_000913.3,1874351,1874798,+,447,Supplementary Table 1,1989,MG1655,1874352,1874798
ytfA:4427694-4428095:+,ytfA,NC_000913.3,4427693,4428095,+,402,Supplementary Table 1,1990,MG1655,4427694,4428095
trmI:3102133-3102852:-,trmI,NC_000913.3,3102132,3102852,-,720,Supplementary Table 1,1991,MG1655,3102133,3102852
nlpD:2867614-2868753:-,nlpD,NC_000913.3,2867613,2868753,-,1140,Supplementary Table 1,1992,MG1655,2867614,2868753
lysZ:781369-781444:+,lysZ,NC_000913.3,781368,781444,+,76,Supplementary Table 1,1993,MG1655,781369,781444
panE:443604-444515:-,panE,NC_000913.3,443603,444515,-,912,Supplementary Table 1,1994,MG1655,443604,444515
folB:3204221-3204589:-,folB,NC_000913.3,3204220,3204589,-,369,Supplementary Table 1,1995,MG1655,3204221,3204589
trpS:3512634-3513638:-,trpS,NC_000913.3,3512633,3513638,-,1005,Supplementary Table 1,1996,MG1655,3512634,3513638
ymdF:1068081-1068254:+,ymdF,NC_000913.3,1068080,1068254,+,174,Supplementary Table 1,1997,MG1655,1068081,1068254
ydjO:1812329-1813132:-,ydjO,NC_000913.3,1812328,1813132,-,804,Supplementary Table 1,1998,MG1655,1812329,1813132
clsC:1106355-1107776:+,clsC,NC_000913.3,1106354,1107776,+,1422,Supplementary Table 1,1999,MG1655,1106355,1107776
nagZ:1164095-1165120:+,nagZ,NC_000913.3,1164094,1165120,+,1026,Supplementary Table 1,2000,MG1655,1164095,1165120
yjbH:4237634-4239730:+,yjbH,NC_000913.3,4237633,4239730,+,2097,Supplementary Table 1,2001,MG1655,4237634,4239730
yqfB:3043312-3043623:-,yqfB,NC_000913.3,3043311,3043623,-,312,Supplementary Table 1,2002,MG1655,3043312,3043623
torI:2476310-2476510:+,torI,NC_000913.3,2476309,2476510,+,201,Supplementary Table 1,2003,MG1655,2476310,2476510
yncH:1526940-1527152:+,yncH,NC_000913.3,1526939,1527152,+,213,Supplementary Table 1,2004,MG1655,1526940,1527152
ulaD:4422186-4422836:+,ulaD,NC_000913.3,4422185,4422836,+,651,Supplementary Table 1,2005,MG1655,4422186,4422836
ydcP:1506781-1508742:+,ydcP,NC_000913.3,1506780,1508742,+,1962,Supplementary Table 1,2006,MG1655,1506781,1508742
yncJ:1508834-1509064:-,yncJ,NC_000913.3,1508833,1509064,-,231,Supplementary Table 1,2007,MG1655,1508834,1509064
hyfG:2608487-2610154:+,hyfG,NC_000913.3,2608486,2610154,+,1668,Supplementary Table 1,2008,MG1655,2608487,2610154
yliF:875335-876663:+,yliF,NC_000913.3,875334,876663,+,1329,Supplementary Table 1,2009,MG1655,875335,876663
napC:2297657-2298259:-,napC,NC_000913.3,2297656,2298259,-,603,Supplementary Table 1,2010,MG1655,2297657,2298259
hokB:1491922-1492071:-,hokB,NC_000913.3,1491921,1492071,-,150,Supplementary Table 1,2011,MG1655,1491922,1492071
yciA:1311848-1312246:-,yciA,NC_000913.3,1311847,1312246,-,399,Supplementary Table 1,2012,MG1655,1311848,1312246
metV:2947607-2947683:+,metV,NC_000913.3,2947606,2947683,+,77,Supplementary Table 1,2013,MG1655,2947607,2947683
ascB:2840990-2842414:+,ascB,NC_000913.3,2840989,2842414,+,1425,Supplementary Table 1,2014,MG1655,2840990,2842414
hybG:3139716-3139964:-,hybG,NC_000913.3,3139715,3139964,-,249,Supplementary Table 1,2015,MG1655,3139716,3139964
intF:295696-297096:-,intF,NC_000913.3,295695,297096,-,1401,Supplementary Table 1,2016,MG1655,295696,297096
sibC:3056849-3056988:+,sibC,NC_000913.3,3056848,3056988,+,140,Supplementary Table 1,2017,MG1655,3056849,3056988
rsmB:3435207-3436496:+,rsmB,NC_000913.3,3435206,3436496,+,1290,Supplementary Table 1,2018,MG1655,3435207,3436496
kdpB:724988-727036:-,kdpB,NC_000913.3,724987,727036,-,2049,Supplementary Table 1,2019,MG1655,724988,727036
yjcB:4274760-4275041:-,yjcB,NC_000913.3,4274759,4275041,-,282,Supplementary Table 1,2020,MG1655,4274760,4275041
yidB:3877067-3877465:-,yidB,NC_000913.3,3877066,3877465,-,399,Supplementary Table 1,2021,MG1655,3877067,3877465
pptA:1533052-1533285:+,pptA,NC_000913.3,1533051,1533285,+,234,Supplementary Table 1,2022,MG1655,1533052,1533285
menC:2375000-2375962:-,menC,NC_000913.3,2374999,2375962,-,963,Supplementary Table 1,2023,MG1655,2375000,2375962
yqeG:2985847-2987076:+,yqeG,NC_000913.3,2985846,2987076,+,1230,Supplementary Table 1,2024,MG1655,2985847,2987076
zapB:4118515-4118760:+,zapB,NC_000913.3,4118514,4118760,+,246,Supplementary Table 1,2025,MG1655,4118515,4118760
rimM:2745370-2745918:-,rimM,NC_000913.3,2745369,2745918,-,549,Supplementary Table 1,2026,MG1655,2745370,2745918
waaQ:3807064-3808098:-,waaQ,NC_000913.3,3807063,3808098,-,1035,Supplementary Table 1,2027,MG1655,3807064,3808098
fhuD:170575-171465:+,fhuD,NC_000913.3,170574,171465,+,891,Supplementary Table 1,2028,MG1655,170575,171465
yaiA:406979-407170:+,yaiA,NC_000913.3,406978,407170,+,192,Supplementary Table 1,2029,MG1655,406979,407170
ygcP:2894196-2894771:+,ygcP,NC_000913.3,2894195,2894771,+,576,Supplementary Table 1,2030,MG1655,2894196,2894771
moaD:819048-819293:+,moaD,NC_000913.3,819047,819293,+,246,Supplementary Table 1,2031,MG1655,819048,819293
arcZ:3350577-3350697:+,arcZ,NC_000913.3,3350576,3350697,+,121,Supplementary Table 1,2032,MG1655,3350577,3350697
ispF:2871301-2871780:-,ispF,NC_000913.3,2871300,2871780,-,480,Supplementary Table 1,2033,MG1655,2871301,2871780
yhgA:3543167-3544045:+,yhgA,NC_000913.3,3543166,3544045,+,879,Supplementary Table 1,2034,MG1655,3543167,3544045
bioH:3544074-3544844:-,bioH,NC_000913.3,3544073,3544844,-,771,Supplementary Table 1,2035,MG1655,3544074,3544844
murP:2546673-2548097:+,murP,NC_000913.3,2546672,2548097,+,1425,Supplementary Table 1,2036,MG1655,2546673,2548097
valU:2520931-2521006:+,valU,NC_000913.3,2520930,2521006,+,76,Supplementary Table 1,2037,MG1655,2520931,2521006
cfa:1741413-1742561:+,cfa,NC_000913.3,1741412,1742561,+,1149,Supplementary Table 1,2038,MG1655,1741413,1742561
nrdH:2800723-2800968:+,nrdH,NC_000913.3,2800722,2800968,+,246,Supplementary Table 1,2039,MG1655,2800723,2800968
yjiA:4587909-4588865:-,yjiA,NC_000913.3,4587908,4588865,-,957,Supplementary Table 1,2040,MG1655,4587909,4588865
iraD:4556993-4557385:+,iraD,NC_000913.3,4556992,4557385,+,393,Supplementary Table 1,2041,MG1655,4556993,4557385
yhaJ:3253318-3254214:-,yhaJ,NC_000913.3,3253317,3254214,-,897,Supplementary Table 1,2042,MG1655,3253318,3254214
ylcI:580251-580445:-,ylcI,NC_000913.3,580250,580445,-,195,Supplementary Table 1,2043,MG1655,580251,580445
cbeA:2077112-2077480:+,cbeA,NC_000913.3,2077111,2077480,+,369,Supplementary Table 1,2044,MG1655,2077112,2077480
prmA:3409070-3409951:+,prmA,NC_000913.3,3409069,3409951,+,882,Supplementary Table 1,2045,MG1655,3409070,3409951
ydcK:1499469-1500449:-,ydcK,NC_000913.3,1499468,1500449,-,981,Supplementary Table 1,2046,MG1655,1499469,1500449
tolQ:775153-775845:+,tolQ,NC_000913.3,775152,775845,+,693,Supplementary Table 1,2047,MG1655,775153,775845
ibsD:3194766-3194825:+,ibsD,NC_000913.3,3194765,3194825,+,60,Supplementary Table 1,2048,MG1655,3194766,3194825
insD1:381674-382579:+,insD1,NC_000913.3,381673,382579,+,906,Supplementary Table 1,2049,MG1655,381674,382579
insD1:1467921-1468826:-,insD1,NC_000913.3,1467920,1468826,-,906,Supplementary Table 1,2050,MG1655,1467921,1468826
insD1:1650845-1651537:+,insD1,NC_000913.3,1650844,1651537,+,693,Supplementary Table 1,2051,MG1655,1650845,1651537
insD1:2068952-2069857:-,insD1,NC_000913.3,2068951,2069857,-,906,Supplementary Table 1,2052,MG1655,2068952,2069857
insD1:2996372-2997277:-,insD1,NC_000913.3,2996371,2997277,-,906,Supplementary Table 1,2053,MG1655,2996372,2997277
insD1:3186510-3187415:+,insD1,NC_000913.3,3186509,3187415,+,906,Supplementary Table 1,2054,MG1655,3186510,3187415
insD1:4498595-4499500:+,insD1,NC_000913.3,4498594,4499500,+,906,Supplementary Table 1,2055,MG1655,4498595,4499500
yrdD:3431420-3431962:-,yrdD,NC_000913.3,3431419,3431962,-,543,Supplementary Table 1,2056,MG1655,3431420,3431962
yajO:437161-438135:-,yajO,NC_000913.3,437160,438135,-,975,Supplementary Table 1,2057,MG1655,437161,438135
nagC:700374-701594:-,nagC,NC_000913.3,700373,701594,-,1221,Supplementary Table 1,2058,MG1655,700374,701594
recJ:3036373-3038106:-,recJ,NC_000913.3,3036372,3038106,-,1734,Supplementary Table 1,2059,MG1655,3036373,3038106
ribE:434647-435117:+,ribE,NC_000913.3,434646,435117,+,471,Supplementary Table 1,2060,MG1655,434647,435117
frwC:4142530-4143609:+,frwC,NC_000913.3,4142529,4143609,+,1080,Supplementary Table 1,2061,MG1655,4142530,4143609
yggD:3074686-3075195:-,yggD,NC_000913.3,3074685,3075195,-,510,Supplementary Table 1,2062,MG1655,3074686,3075195
metU:696664-696740:-,metU,NC_000913.3,696663,696740,-,77,Supplementary Table 1,2063,MG1655,696664,696740
acpS:2700618-2700998:-,acpS,NC_000913.3,2700617,2700998,-,381,Supplementary Table 1,2064,MG1655,2700618,2700998
yhcO:3385857-3386129:-,yhcO,NC_000913.3,3385856,3386129,-,273,Supplementary Table 1,2065,MG1655,3385857,3386129
ylbE:548357-549616:+,ylbE,NC_000913.3,548356,549616,+,1260,Supplementary Table 1,2066,MG1655,548357,549616
cmk:961201-961884:+,cmk,NC_000913.3,961200,961884,+,684,Supplementary Table 1,2067,MG1655,961201,961884
kdgR:1909308-1910099:-,kdgR,NC_000913.3,1909307,1910099,-,792,Supplementary Table 1,2068,MG1655,1909308,1910099
pyrL:4472399-4472533:-,pyrL,NC_000913.3,4472398,4472533,-,135,Supplementary Table 1,2069,MG1655,4472399,4472533
tfaX:582953-583135:+,tfaX,NC_000913.3,582952,583135,+,183,Supplementary Table 1,2070,MG1655,582953,583135
alaX:2518041-2518116:-,alaX,NC_000913.3,2518040,2518116,-,76,Supplementary Table 1,2071,MG1655,2518041,2518116
lsrF:1606100-1606975:+,lsrF,NC_000913.3,1606099,1606975,+,876,Supplementary Table 1,2072,MG1655,1606100,1606975
gpmA:786843-787595:-,gpmA,NC_000913.3,786842,787595,-,753,Supplementary Table 1,2073,MG1655,786843,787595
rnt:1728347-1728994:+,rnt,NC_000913.3,1728346,1728994,+,648,Supplementary Table 1,2074,MG1655,1728347,1728994
yhdY:3421325-3422428:+,yhdY,NC_000913.3,3421324,3422428,+,1104,Supplementary Table 1,2075,MG1655,3421325,3422428
yfhR:2664390-2665244:+,yfhR,NC_000913.3,2664389,2665244,+,855,Supplementary Table 1,2076,MG1655,2664390,2665244
ybiY:862612-863511:-,ybiY,NC_000913.3,862611,863511,-,900,Supplementary Table 1,2077,MG1655,862612,863511
dxs:438315-440177:-,dxs,NC_000913.3,438314,440177,-,1863,Supplementary Table 1,2078,MG1655,438315,440177
marA:1619574-1619957:+,marA,NC_000913.3,1619573,1619957,+,384,Supplementary Table 1,2079,MG1655,1619574,1619957
leuU:3322072-3322158:-,leuU,NC_000913.3,3322071,3322158,-,87,Supplementary Table 1,2080,MG1655,3322072,3322158
yahC:334525-335022:-,yahC,NC_000913.3,334524,335022,-,498,Supplementary Table 1,2081,MG1655,334525,335022
gltT:4168372-4168447:+,gltT,NC_000913.3,4168371,4168447,+,76,Supplementary Table 1,2082,MG1655,4168372,4168447
yqjF:3250562-3250954:+,yqjF,NC_000913.3,3250561,3250954,+,393,Supplementary Table 1,2083,MG1655,3250562,3250954
modC:796554-797612:+,modC,NC_000913.3,796553,797612,+,1059,Supplementary Table 1,2084,MG1655,796554,797612
mutT:111044-111433:+,mutT,NC_000913.3,111043,111433,+,390,Supplementary Table 1,2085,MG1655,111044,111433
yjiG:4559539-4560000:-,yjiG,NC_000913.3,4559538,4560000,-,462,Supplementary Table 1,2086,MG1655,4559539,4560000
aceA:4217109-4218413:+,aceA,NC_000913.3,4217108,4218413,+,1305,Supplementary Table 1,2087,MG1655,4217109,4218413
glpX:4114569-4115579:-,glpX,NC_000913.3,4114568,4115579,-,1011,Supplementary Table 1,2088,MG1655,4114569,4115579
infC:1800096-1800638:-,infC,NC_000913.3,1800095,1800638,-,543,Supplementary Table 1,2089,MG1655,1800096,1800638
purK:551527-552594:-,purK,NC_000913.3,551526,552594,-,1068,Supplementary Table 1,2090,MG1655,551527,552594
rpsL:3474178-3474552:-,rpsL,NC_000913.3,3474177,3474552,-,375,Supplementary Table 1,2091,MG1655,3474178,3474552
yodC:2028188-2028370:-,yodC,NC_000913.3,2028187,2028370,-,183,Supplementary Table 1,2092,MG1655,2028188,2028370
alkA:2146692-2147540:-,alkA,NC_000913.3,2146691,2147540,-,849,Supplementary Table 1,2093,MG1655,2146692,2147540
fucR:2939368-2940099:+,fucR,NC_000913.3,2939367,2940099,+,732,Supplementary Table 1,2094,MG1655,2939368,2940099
dnaG:3211107-3212852:+,dnaG,NC_000913.3,3211106,3212852,+,1746,Supplementary Table 1,2095,MG1655,3211107,3212852
dinD:3817760-3818584:+,dinD,NC_000913.3,3817759,3818584,+,825,Supplementary Table 1,2096,MG1655,3817760,3818584
zntR:3438705-3439130:-,zntR,NC_000913.3,3438704,3439130,-,426,Supplementary Table 1,2097,MG1655,3438705,3439130
ygeN:2995314-2996020:-,ygeN,NC_000913.3,2995313,2996020,-,707,Supplementary Table 1,2098,MG1655,2995314,2996020
ppdD:117109-117549:-,ppdD,NC_000913.3,117108,117549,-,441,Supplementary Table 1,2099,MG1655,117109,117549
hyfH:2610164-2610709:+,hyfH,NC_000913.3,2610163,2610709,+,546,Supplementary Table 1,2100,MG1655,2610164,2610709
mqsR:3168248-3168544:-,mqsR,NC_000913.3,3168247,3168544,-,297,Supplementary Table 1,2101,MG1655,3168248,3168544
glyQ:3724407-3725318:-,glyQ,NC_000913.3,3724406,3725318,-,912,Supplementary Table 1,2102,MG1655,3724407,3725318
yojI:2306972-2308615:-,yojI,NC_000913.3,2306971,2308615,-,1644,Supplementary Table 1,2103,MG1655,2306972,2308615
puuD:1361120-1361884:+,puuD,NC_000913.3,1361119,1361884,+,765,Supplementary Table 1,2104,MG1655,1361120,1361884
mpaA:1389870-1390598:-,mpaA,NC_000913.3,1389869,1390598,-,729,Supplementary Table 1,2105,MG1655,1389870,1390598
hybE:3140311-3140799:-,hybE,NC_000913.3,3140310,3140799,-,489,Supplementary Table 1,2106,MG1655,3140311,3140799
ypfG:2581734-2582777:-,ypfG,NC_000913.3,2581733,2582777,-,1044,Supplementary Table 1,2107,MG1655,2581734,2582777
dedA:2434082-2434741:-,dedA,NC_000913.3,2434081,2434741,-,660,Supplementary Table 1,2108,MG1655,2434082,2434741
yaaU:45807-47138:+,yaaU,NC_000913.3,45806,47138,+,1332,Supplementary Table 1,2109,MG1655,45807,47138
mtr:3304573-3305817:-,mtr,NC_000913.3,3304572,3305817,-,1245,Supplementary Table 1,2110,MG1655,3304573,3305817
yfjL:2763537-2765153:-,yfjL,NC_000913.3,2763536,2765153,-,1617,Supplementary Table 1,2111,MG1655,2763537,2765153
dtd:4077015-4077452:+,dtd,NC_000913.3,4077014,4077452,+,438,Supplementary Table 1,2112,MG1655,4077015,4077452
acpT:3612969-3613556:+,acpT,NC_000913.3,3612968,3613556,+,588,Supplementary Table 1,2113,MG1655,3612969,3613556
prpD:351215-352666:+,prpD,NC_000913.3,351214,352666,+,1452,Supplementary Table 1,2114,MG1655,351215,352666
yiiF:4079751-4079969:+,yiiF,NC_000913.3,4079750,4079969,+,219,Supplementary Table 1,2115,MG1655,4079751,4079969
nadK:2750831-2751709:+,nadK,NC_000913.3,2750830,2751709,+,879,Supplementary Table 1,2116,MG1655,2750831,2751709
yebS:1916258-1917541:+,yebS,NC_000913.3,1916257,1917541,+,1284,Supplementary Table 1,2117,MG1655,1916258,1917541
yjhV:4509804-4510133:+,yjhV,NC_000913.3,4509803,4510133,+,330,Supplementary Table 1,2118,MG1655,4509804,4510133
ynjE:1839467-1840774:+,ynjE,NC_000913.3,1839466,1840774,+,1308,Supplementary Table 1,2119,MG1655,1839467,1840774
thiD:2183716-2184516:-,thiD,NC_000913.3,2183715,2184516,-,801,Supplementary Table 1,2120,MG1655,2183716,2184516
ymbA:1014896-1015459:+,ymbA,NC_000913.3,1014895,1015459,+,564,Supplementary Table 1,2121,MG1655,1014896,1015459
rcdA:887423-887959:+,rcdA,NC_000913.3,887422,887959,+,537,Supplementary Table 1,2122,MG1655,887423,887959
epmB:4374629-4375657:-,epmB,NC_000913.3,4374628,4375657,-,1029,Supplementary Table 1,2123,MG1655,4374629,4375657
secG:3322173-3322505:-,secG,NC_000913.3,3322172,3322505,-,333,Supplementary Table 1,2124,MG1655,3322173,3322505
ihfA:1795253-1795552:-,ihfA,NC_000913.3,1795252,1795552,-,300,Supplementary Table 1,2125,MG1655,1795253,1795552
coaE:112599-113219:-,coaE,NC_000913.3,112598,113219,-,621,Supplementary Table 1,2126,MG1655,112599,113219
nfsA:891184-891906:+,nfsA,NC_000913.3,891183,891906,+,723,Supplementary Table 1,2127,MG1655,891184,891906
rsmG:3923057-3923680:-,rsmG,NC_000913.3,3923056,3923680,-,624,Supplementary Table 1,2128,MG1655,3923057,3923680
sbcD:415750-416952:-,sbcD,NC_000913.3,415749,416952,-,1203,Supplementary Table 1,2129,MG1655,415750,416952
puuB:1364232-1365512:+,puuB,NC_000913.3,1364231,1365512,+,1281,Supplementary Table 1,2130,MG1655,1364232,1365512
yafC:229967-230881:-,yafC,NC_000913.3,229966,230881,-,915,Supplementary Table 1,2131,MG1655,229967,230881
ybfF:712038-712802:-,ybfF,NC_000913.3,712037,712802,-,765,Supplementary Table 1,2132,MG1655,712038,712802
rnlA:2765918-2766991:+,rnlA,NC_000913.3,2765917,2766991,+,1074,Supplementary Table 1,2133,MG1655,2765918,2766991
ileU:3427076-3427152:-,ileU,NC_000913.3,3427075,3427152,-,77,Supplementary Table 1,2134,MG1655,3427076,3427152
shoB:2700117-2700197:-,shoB,NC_000913.3,2700116,2700197,-,81,Supplementary Table 1,2135,MG1655,2700117,2700197
dtpD:741075-742556:-,dtpD,NC_000913.3,741074,742556,-,1482,Supplementary Table 1,2136,MG1655,741075,742556
tmcA:2593844-2595859:-,tmcA,NC_000913.3,2593843,2595859,-,2016,Supplementary Table 1,2137,MG1655,2593844,2595859
ycaQ:969389-970621:+,ycaQ,NC_000913.3,969388,970621,+,1233,Supplementary Table 1,2138,MG1655,969389,970621
ydgC:1681695-1682030:-,ydgC,NC_000913.3,1681694,1682030,-,336,Supplementary Table 1,2139,MG1655,1681695,1682030
ydiS:1781395-1782684:+,ydiS,NC_000913.3,1781394,1782684,+,1290,Supplementary Table 1,2140,MG1655,1781395,1782684
pabB:1894805-1896166:+,pabB,NC_000913.3,1894804,1896166,+,1362,Supplementary Table 1,2141,MG1655,1894805,1896166
aaeX:3389134-3389337:-,aaeX,NC_000913.3,3389133,3389337,-,204,Supplementary Table 1,2142,MG1655,3389134,3389337
yegK:2151711-2152472:-,yegK,NC_000913.3,2151710,2152472,-,762,Supplementary Table 1,2143,MG1655,2151711,2152472
infA:926225-926443:-,infA,NC_000913.3,926224,926443,-,219,Supplementary Table 1,2144,MG1655,926225,926443
yfjR:2769703-2770404:+,yfjR,NC_000913.3,2769702,2770404,+,702,Supplementary Table 1,2145,MG1655,2769703,2770404
mngA:765984-767960:+,mngA,NC_000913.3,765983,767960,+,1977,Supplementary Table 1,2146,MG1655,765984,767960
ybcN:572466-572921:+,ybcN,NC_000913.3,572465,572921,+,456,Supplementary Table 1,2147,MG1655,572466,572921
lldP:3777399-3779054:+,lldP,NC_000913.3,3777398,3779054,+,1656,Supplementary Table 1,2148,MG1655,3777399,3779054
murG:99644-100711:+,murG,NC_000913.3,99643,100711,+,1068,Supplementary Table 1,2149,MG1655,99644,100711
yccU:1027946-1028359:+,yccU,NC_000913.3,1027945,1028359,+,414,Supplementary Table 1,2150,MG1655,1027946,1028359
yeaC:1861702-1861974:-,yeaC,NC_000913.3,1861701,1861974,-,273,Supplementary Table 1,2151,MG1655,1861702,1861974
aceB:4215478-4217079:+,aceB,NC_000913.3,4215477,4217079,+,1602,Supplementary Table 1,2152,MG1655,4215478,4217079
yraR:3298211-3298846:-,yraR,NC_000913.3,3298210,3298846,-,636,Supplementary Table 1,2153,MG1655,3298211,3298846
ymfR:1205549-1205731:+,ymfR,NC_000913.3,1205548,1205731,+,183,Supplementary Table 1,2154,MG1655,1205549,1205731
fau:3056241-3056789:+,fau,NC_000913.3,3056240,3056789,+,549,Supplementary Table 1,2155,MG1655,3056241,3056789
galS:2240628-2241668:-,galS,NC_000913.3,2240627,2241668,-,1041,Supplementary Table 1,2156,MG1655,2240628,2241668
tisB:3853553-3853642:+,tisB,NC_000913.3,3853552,3853642,+,90,Supplementary Table 1,2157,MG1655,3853553,3853642
sdaC:2928229-2929518:+,sdaC,NC_000913.3,2928228,2929518,+,1290,Supplementary Table 1,2158,MG1655,2928229,2929518
rplU:3333140-3333451:-,rplU,NC_000913.3,3333139,3333451,-,312,Supplementary Table 1,2159,MG1655,3333140,3333451
iscS:2660317-2661531:-,iscS,NC_000913.3,2660316,2661531,-,1215,Supplementary Table 1,2160,MG1655,2660317,2661531
sgrR:75644-77299:-,sgrR,NC_000913.3,75643,77299,-,1656,Supplementary Table 1,2161,MG1655,75644,77299
eda:1932115-1932756:-,eda,NC_000913.3,1932114,1932756,-,642,Supplementary Table 1,2162,MG1655,1932115,1932756
yejE:2275273-2276298:+,yejE,NC_000913.3,2275272,2276298,+,1026,Supplementary Table 1,2163,MG1655,2275273,2276298
adhE:1295446-1298121:-,adhE,NC_000913.3,1295445,1298121,-,2676,Supplementary Table 1,2164,MG1655,1295446,1298121
yegW:2182035-2182781:-,yegW,NC_000913.3,2182034,2182781,-,747,Supplementary Table 1,2165,MG1655,2182035,2182781
rplC:3452297-3452926:-,rplC,NC_000913.3,3452296,3452926,-,630,Supplementary Table 1,2166,MG1655,3452297,3452926
yhcB:3380191-3380589:+,yhcB,NC_000913.3,3380190,3380589,+,399,Supplementary Table 1,2167,MG1655,3380191,3380589
nanK:3369475-3370350:-,nanK,NC_000913.3,3369474,3370350,-,876,Supplementary Table 1,2168,MG1655,3369475,3370350
tesA:519139-519765:-,tesA,NC_000913.3,519138,519765,-,627,Supplementary Table 1,2169,MG1655,519139,519765
cohE:1202259-1202933:-,cohE,NC_000913.3,1202258,1202933,-,675,Supplementary Table 1,2170,MG1655,1202259,1202933
dksA:160149-160604:-,dksA,NC_000913.3,160148,160604,-,456,Supplementary Table 1,2171,MG1655,160149,160604
narK:1277957-1279348:+,narK,NC_000913.3,1277956,1279348,+,1392,Supplementary Table 1,2172,MG1655,1277957,1279348
quuD:573956-574339:+,quuD,NC_000913.3,573955,574339,+,384,Supplementary Table 1,2173,MG1655,573956,574339
yfcL:2443891-2444169:-,yfcL,NC_000913.3,2443890,2444169,-,279,Supplementary Table 1,2174,MG1655,2443891,2444169
yddG:1546288-1547169:-,yddG,NC_000913.3,1546287,1547169,-,882,Supplementary Table 1,2175,MG1655,1546288,1547169
ibsA:2153349-2153408:-,ibsA,NC_000913.3,2153348,2153408,-,60,Supplementary Table 1,2176,MG1655,2153349,2153408
fliQ:2022616-2022885:+,fliQ,NC_000913.3,2022615,2022885,+,270,Supplementary Table 1,2177,MG1655,2022616,2022885
hemA:1263714-1264970:+,hemA,NC_000913.3,1263713,1264970,+,1257,Supplementary Table 1,2178,MG1655,1263714,1264970
rpoE:2709437-2710012:-,rpoE,NC_000913.3,2709436,2710012,-,576,Supplementary Table 1,2179,MG1655,2709437,2710012
damX:3516020-3517306:-,damX,NC_000913.3,3516019,3517306,-,1287,Supplementary Table 1,2180,MG1655,3516020,3517306
ydhX:1750345-1751013:-,ydhX,NC_000913.3,1750344,1751013,-,669,Supplementary Table 1,2181,MG1655,1750345,1751013
ulaB:4421393-4421698:+,ulaB,NC_000913.3,4421392,4421698,+,306,Supplementary Table 1,2182,MG1655,4421393,4421698
yehR:2211225-2211686:+,yehR,NC_000913.3,2211224,2211686,+,462,Supplementary Table 1,2183,MG1655,2211225,2211686
yaeI:184257-185069:-,yaeI,NC_000913.3,184256,185069,-,813,Supplementary Table 1,2184,MG1655,184257,185069
yhhM:3605251-3605610:-,yhhM,NC_000913.3,3605250,3605610,-,360,Supplementary Table 1,2185,MG1655,3605251,3605610
hicA:1509286-1509462:+,hicA,NC_000913.3,1509285,1509462,+,177,Supplementary Table 1,2186,MG1655,1509286,1509462
msrC:1915631-1916128:-,msrC,NC_000913.3,1915630,1916128,-,498,Supplementary Table 1,2187,MG1655,1915631,1916128
rpoB:4181245-4185273:+,rpoB,NC_000913.3,4181244,4185273,+,4029,Supplementary Table 1,2188,MG1655,4181245,4185273
fic:3490861-3491463:-,fic,NC_000913.3,3490860,3491463,-,603,Supplementary Table 1,2189,MG1655,3490861,3491463
bioD:812270-812947:+,bioD,NC_000913.3,812269,812947,+,678,Supplementary Table 1,2190,MG1655,812270,812947
ychN:1273246-1273599:-,ychN,NC_000913.3,1273245,1273599,-,354,Supplementary Table 1,2191,MG1655,1273246,1273599
yaaJ:6529-7959:-,yaaJ,NC_000913.3,6528,7959,-,1431,Supplementary Table 1,2192,MG1655,6529,7959
mtlA:3772281-3774194:+,mtlA,NC_000913.3,3772280,3774194,+,1914,Supplementary Table 1,2193,MG1655,3772281,3774194
ybaV:463937-464308:+,ybaV,NC_000913.3,463936,464308,+,372,Supplementary Table 1,2194,MG1655,463937,464308
ybjQ:904593-904916:+,ybjQ,NC_000913.3,904592,904916,+,324,Supplementary Table 1,2195,MG1655,904593,904916
yjdQ:4362191-4362353:-,yjdQ,NC_000913.3,4362190,4362353,-,163,Supplementary Table 1,2196,MG1655,4362191,4362353
prpB:348682-349572:+,prpB,NC_000913.3,348681,349572,+,891,Supplementary Table 1,2197,MG1655,348682,349572
tauB:386207-386974:+,tauB,NC_000913.3,386206,386974,+,768,Supplementary Table 1,2198,MG1655,386207,386974
garK:3270625-3271770:-,garK,NC_000913.3,3270624,3271770,-,1146,Supplementary Table 1,2199,MG1655,3270625,3271770
dinG:833070-835220:+,dinG,NC_000913.3,833069,835220,+,2151,Supplementary Table 1,2200,MG1655,833070,835220
rpsO:3311415-3311684:-,rpsO,NC_000913.3,3311414,3311684,-,270,Supplementary Table 1,2201,MG1655,3311415,3311684
yjeV:4392892-4392945:+,yjeV,NC_000913.3,4392891,4392945,+,54,Supplementary Table 1,2202,MG1655,4392892,4392945
mhpR:367587-368420:-,mhpR,NC_000913.3,367586,368420,-,834,Supplementary Table 1,2203,MG1655,367587,368420
arrS:3657986-3658054:-,arrS,NC_000913.3,3657985,3658054,-,69,Supplementary Table 1,2204,MG1655,3657986,3658054
asnC:3926545-3927003:-,asnC,NC_000913.3,3926544,3927003,-,459,Supplementary Table 1,2205,MG1655,3926545,3927003
cysI:2888387-2890099:-,cysI,NC_000913.3,2888386,2890099,-,1713,Supplementary Table 1,2206,MG1655,2888387,2890099
gltU:3943435-3943510:+,gltU,NC_000913.3,3943434,3943510,+,76,Supplementary Table 1,2207,MG1655,3943435,3943510
hrpA:1483061-1486963:+,hrpA,NC_000913.3,1483060,1486963,+,3903,Supplementary Table 1,2208,MG1655,1483061,1486963
intA:2756159-2757400:+,intA,NC_000913.3,2756158,2757400,+,1242,Supplementary Table 1,2209,MG1655,2756159,2757400
psrD:1146589-1146757:+,psrD,NC_000913.3,1146588,1146757,+,169,Supplementary Table 1,2210,MG1655,1146589,1146757
rseB:2707798-2708754:-,rseB,NC_000913.3,2707797,2708754,-,957,Supplementary Table 1,2211,MG1655,2707798,2708754
tatC:4022736-4023512:+,tatC,NC_000913.3,4022735,4023512,+,777,Supplementary Table 1,2212,MG1655,4022736,4023512
ygbF:2878569-2878853:-,ygbF,NC_000913.3,2878568,2878853,-,285,Supplementary Table 1,2213,MG1655,2878569,2878853
menF:2379348-2380643:-,menF,NC_000913.3,2379347,2380643,-,1296,Supplementary Table 1,2214,MG1655,2379348,2380643
cysA:2539717-2540814:-,cysA,NC_000913.3,2539716,2540814,-,1098,Supplementary Table 1,2215,MG1655,2539717,2540814
glnA:4056625-4058034:-,glnA,NC_000913.3,4056624,4058034,-,1410,Supplementary Table 1,2216,MG1655,4056625,4058034
yoaJ:1878874-1878948:+,yoaJ,NC_000913.3,1878873,1878948,+,75,Supplementary Table 1,2217,MG1655,1878874,1878948
yffL:2560257-2560898:+,yffL,NC_000913.3,2560256,2560898,+,642,Supplementary Table 1,2218,MG1655,2560257,2560898
intS:2466545-2467702:+,intS,NC_000913.3,2466544,2467702,+,1158,Supplementary Table 1,2219,MG1655,2466545,2467702
yhcM:3378870-3379997:-,yhcM,NC_000913.3,3378869,3379997,-,1128,Supplementary Table 1,2220,MG1655,3378870,3379997
dnaX:492092-494023:+,dnaX,NC_000913.3,492091,494023,+,1932,Supplementary Table 1,2221,MG1655,492092,494023
dmsB:943414-944031:+,dmsB,NC_000913.3,943413,944031,+,618,Supplementary Table 1,2222,MG1655,943414,944031
rlmE:3327035-3327664:-,rlmE,NC_000913.3,3327034,3327664,-,630,Supplementary Table 1,2223,MG1655,3327035,3327664
yecT:1961972-1962460:+,yecT,NC_000913.3,1961971,1962460,+,489,Supplementary Table 1,2224,MG1655,1961972,1962460
crr:2535834-2536343:+,crr,NC_000913.3,2535833,2536343,+,510,Supplementary Table 1,2225,MG1655,2535834,2536343
serV:2818553-2818645:-,serV,NC_000913.3,2818552,2818645,-,93,Supplementary Table 1,2226,MG1655,2818553,2818645
pheL:2737599-2737646:+,pheL,NC_000913.3,2737598,2737646,+,48,Supplementary Table 1,2227,MG1655,2737599,2737646
trmJ:2662583-2663323:-,trmJ,NC_000913.3,2662582,2663323,-,741,Supplementary Table 1,2228,MG1655,2662583,2663323
hmp:2685835-2687025:+,hmp,NC_000913.3,2685834,2687025,+,1191,Supplementary Table 1,2229,MG1655,2685835,2687025
yehY:2217400-2218557:-,yehY,NC_000913.3,2217399,2218557,-,1158,Supplementary Table 1,2230,MG1655,2217400,2218557
rpsT:20815-21078:-,rpsT,NC_000913.3,20814,21078,-,264,Supplementary Table 1,2231,MG1655,20815,21078
panC:147944-148795:-,panC,NC_000913.3,147943,148795,-,852,Supplementary Table 1,2232,MG1655,147944,148795
yjhB:4504058-4505275:+,yjhB,NC_000913.3,4504057,4505275,+,1218,Supplementary Table 1,2233,MG1655,4504058,4505275
yafU:238746-239102:-,yafU,NC_000913.3,238745,239102,-,357,Supplementary Table 1,2234,MG1655,238746,239102
holA:670574-671605:-,holA,NC_000913.3,670573,671605,-,1032,Supplementary Table 1,2235,MG1655,670574,671605
ygjQ:3236540-3237232:+,ygjQ,NC_000913.3,3236539,3237232,+,693,Supplementary Table 1,2236,MG1655,3236540,3237232
valY:2521173-2521248:+,valY,NC_000913.3,2521172,2521248,+,76,Supplementary Table 1,2237,MG1655,2521173,2521248
cynS:359489-359959:+,cynS,NC_000913.3,359488,359959,+,471,Supplementary Table 1,2238,MG1655,359489,359959
ydjX:1833401-1834111:+,ydjX,NC_000913.3,1833400,1834111,+,711,Supplementary Table 1,2239,MG1655,1833401,1834111
leuC:79464-80864:-,leuC,NC_000913.3,79463,80864,-,1401,Supplementary Table 1,2240,MG1655,79464,80864
agaS:3281976-3283130:+,agaS,NC_000913.3,3281975,3283130,+,1155,Supplementary Table 1,2241,MG1655,3281976,3283130
yceG:1154112-1155134:+,yceG,NC_000913.3,1154111,1155134,+,1023,Supplementary Table 1,2242,MG1655,1154112,1155134
hupA:4200281-4200553:+,hupA,NC_000913.3,4200280,4200553,+,273,Supplementary Table 1,2243,MG1655,4200281,4200553
ralR:1413733-1413927:-,ralR,NC_000913.3,1413732,1413927,-,195,Supplementary Table 1,2244,MG1655,1413733,1413927
lpxD:200971-201996:+,lpxD,NC_000913.3,200970,201996,+,1026,Supplementary Table 1,2245,MG1655,200971,201996
yjfI:4410133-4410534:+,yjfI,NC_000913.3,4410132,4410534,+,402,Supplementary Table 1,2246,MG1655,4410133,4410534
mfd:1170518-1173964:-,mfd,NC_000913.3,1170517,1173964,-,3447,Supplementary Table 1,2247,MG1655,1170518,1173964
dmlA:1881912-1882997:+,dmlA,NC_000913.3,1881911,1882997,+,1086,Supplementary Table 1,2248,MG1655,1881912,1882997
yfaQ:2328148-2329797:-,yfaQ,NC_000913.3,2328147,2329797,-,1650,Supplementary Table 1,2249,MG1655,2328148,2329797
malE:4245229-4246419:-,malE,NC_000913.3,4245228,4246419,-,1191,Supplementary Table 1,2250,MG1655,4245229,4246419
rnk:643557-643967:-,rnk,NC_000913.3,643556,643967,-,411,Supplementary Table 1,2251,MG1655,643557,643967
iscR:2661643-2662131:-,iscR,NC_000913.3,2661642,2662131,-,489,Supplementary Table 1,2252,MG1655,2661643,2662131
gabT:2792735-2794015:+,gabT,NC_000913.3,2792734,2794015,+,1281,Supplementary Table 1,2253,MG1655,2792735,2794015
glnE:3196801-3199641:-,glnE,NC_000913.3,3196800,3199641,-,2841,Supplementary Table 1,2254,MG1655,3196801,3199641
pppA:3113543-3114352:-,pppA,NC_000913.3,3113542,3114352,-,810,Supplementary Table 1,2255,MG1655,3113543,3114352
crl:257829-257907:+,crl,NC_000913.3,257828,257907,+,79,Supplementary Table 1,2256,MG1655,257829,257907
crl:258676-259006:+,crl,NC_000913.3,258675,259006,+,331,Supplementary Table 1,2257,MG1655,258676,259006
tam:1607346-1608104:+,tam,NC_000913.3,1607345,1608104,+,759,Supplementary Table 1,2258,MG1655,1607346,1608104
clcA:175107-176528:+,clcA,NC_000913.3,175106,176528,+,1422,Supplementary Table 1,2259,MG1655,175107,176528
baeR:2164276-2164998:+,baeR,NC_000913.3,2164275,2164998,+,723,Supplementary Table 1,2260,MG1655,2164276,2164998
trpR:4632760-4633086:+,trpR,NC_000913.3,4632759,4633086,+,327,Supplementary Table 1,2261,MG1655,4632760,4633086
yedS:2034051-2035243:+,yedS,NC_000913.3,2034050,2035243,+,1193,Supplementary Table 1,2262,MG1655,2034051,2035243
yncD:1520963-1523065:-,yncD,NC_000913.3,1520962,1523065,-,2103,Supplementary Table 1,2263,MG1655,1520963,1523065
hflK:4402038-4403297:+,hflK,NC_000913.3,4402037,4403297,+,1260,Supplementary Table 1,2264,MG1655,4402038,4403297
rcnR:2185524-2185796:-,rcnR,NC_000913.3,2185523,2185796,-,273,Supplementary Table 1,2265,MG1655,2185524,2185796
cspF:1641855-1642067:+,cspF,NC_000913.3,1641854,1642067,+,213,Supplementary Table 1,2266,MG1655,1641855,1642067
ihfB:963828-964112:+,ihfB,NC_000913.3,963827,964112,+,285,Supplementary Table 1,2267,MG1655,963828,964112
yegE:2143266-2146583:+,yegE,NC_000913.3,2143265,2146583,+,3318,Supplementary Table 1,2268,MG1655,2143266,2146583
secM:107705-108217:+,secM,NC_000913.3,107704,108217,+,513,Supplementary Table 1,2269,MG1655,107705,108217
yihL:4060447-4061157:+,yihL,NC_000913.3,4060446,4061157,+,711,Supplementary Table 1,2270,MG1655,4060447,4061157
amtB:472966-474252:+,amtB,NC_000913.3,472965,474252,+,1287,Supplementary Table 1,2271,MG1655,472966,474252
ydcR:1510003-1511409:+,ydcR,NC_000913.3,1510002,1511409,+,1407,Supplementary Table 1,2272,MG1655,1510003,1511409
adk:497175-497819:+,adk,NC_000913.3,497174,497819,+,645,Supplementary Table 1,2273,MG1655,497175,497819
hfq:4400288-4400596:+,hfq,NC_000913.3,4400287,4400596,+,309,Supplementary Table 1,2274,MG1655,4400288,4400596
yhcC:3353121-3354050:-,yhcC,NC_000913.3,3353120,3354050,-,930,Supplementary Table 1,2275,MG1655,3353121,3354050
yaiI:405764-406222:+,yaiI,NC_000913.3,405763,406222,+,459,Supplementary Table 1,2276,MG1655,405764,406222
hflD:1191990-1192631:-,hflD,NC_000913.3,1191989,1192631,-,642,Supplementary Table 1,2277,MG1655,1191990,1192631
rfaH:4024333-4024821:-,rfaH,NC_000913.3,4024332,4024821,-,489,Supplementary Table 1,2278,MG1655,4024333,4024821
dcrB:3609955-3610512:+,dcrB,NC_000913.3,3609954,3610512,+,558,Supplementary Table 1,2279,MG1655,3609955,3610512
yidK:3858401-3860116:-,yidK,NC_000913.3,3858400,3860116,-,1716,Supplementary Table 1,2280,MG1655,3858401,3860116
ybfB:733776-734102:+,ybfB,NC_000913.3,733775,734102,+,327,Supplementary Table 1,2281,MG1655,733776,734102
yeeA:2079533-2080591:-,yeeA,NC_000913.3,2079532,2080591,-,1059,Supplementary Table 1,2282,MG1655,2079533,2080591
ybdL:633586-634746:+,ybdL,NC_000913.3,633585,634746,+,1161,Supplementary Table 1,2283,MG1655,633586,634746
frlA:3499910-3501247:+,frlA,NC_000913.3,3499909,3501247,+,1338,Supplementary Table 1,2284,MG1655,3499910,3501247
yjbM:4260599-4261306:+,yjbM,NC_000913.3,4260598,4261306,+,708,Supplementary Table 1,2285,MG1655,4260599,4261306
pmrD:2373272-2373538:-,pmrD,NC_000913.3,2373271,2373538,-,267,Supplementary Table 1,2286,MG1655,2373272,2373538
der:2635884-2637356:-,der,NC_000913.3,2635883,2637356,-,1473,Supplementary Table 1,2287,MG1655,2635884,2637356
yhdE:3397785-3398378:-,yhdE,NC_000913.3,3397784,3398378,-,594,Supplementary Table 1,2288,MG1655,3397785,3398378
nrfG:4293543-4294139:+,nrfG,NC_000913.3,4293542,4294139,+,597,Supplementary Table 1,2289,MG1655,4293543,4294139
paoA:301884-302573:-,paoA,NC_000913.3,301883,302573,-,690,Supplementary Table 1,2290,MG1655,301884,302573
yegP:2165189-2165521:+,yegP,NC_000913.3,2165188,2165521,+,333,Supplementary Table 1,2291,MG1655,2165189,2165521
tsaA:218887-219594:-,tsaA,NC_000913.3,218886,219594,-,708,Supplementary Table 1,2292,MG1655,218887,219594
thiG:4191865-4192635:-,thiG,NC_000913.3,4191864,4192635,-,771,Supplementary Table 1,2293,MG1655,4191865,4192635
manA:1688576-1689751:+,manA,NC_000913.3,1688575,1689751,+,1176,Supplementary Table 1,2294,MG1655,1688576,1689751
ydfR:1640054-1640365:-,ydfR,NC_000913.3,1640053,1640365,-,312,Supplementary Table 1,2295,MG1655,1640054,1640365
yjbJ:4259237-4259446:+,yjbJ,NC_000913.3,4259236,4259446,+,210,Supplementary Table 1,2296,MG1655,4259237,4259446
topA:1331048-1333645:+,topA,NC_000913.3,1331047,1333645,+,2598,Supplementary Table 1,2297,MG1655,1331048,1333645
xapB:2522729-2523985:-,xapB,NC_000913.3,2522728,2523985,-,1257,Supplementary Table 1,2298,MG1655,2522729,2523985
yjeH:4369156-4370412:-,yjeH,NC_000913.3,4369155,4370412,-,1257,Supplementary Table 1,2299,MG1655,4369156,4370412
yddM:1552398-1552682:-,yddM,NC_000913.3,1552397,1552682,-,285,Supplementary Table 1,2300,MG1655,1552398,1552682
abgT:1400247-1401773:-,abgT,NC_000913.3,1400246,1401773,-,1527,Supplementary Table 1,2301,MG1655,1400247,1401773
gudD:2918045-2919385:-,gudD,NC_000913.3,2918044,2919385,-,1341,Supplementary Table 1,2302,MG1655,2918045,2919385
yobI:1946115-1946180:-,yobI,NC_000913.3,1946114,1946180,-,66,Supplementary Table 1,2303,MG1655,1946115,1946180
mlaC:3337256-3337891:-,mlaC,NC_000913.3,3337255,3337891,-,636,Supplementary Table 1,2304,MG1655,3337256,3337891
srlR:2829047-2829820:+,srlR,NC_000913.3,2829046,2829820,+,774,Supplementary Table 1,2305,MG1655,2829047,2829820
usg:2435636-2436649:-,usg,NC_000913.3,2435635,2436649,-,1014,Supplementary Table 1,2306,MG1655,2435636,2436649
kdpC:724407-724979:-,kdpC,NC_000913.3,724406,724979,-,573,Supplementary Table 1,2307,MG1655,724407,724979
rtn:2270726-2272282:+,rtn,NC_000913.3,2270725,2272282,+,1557,Supplementary Table 1,2308,MG1655,2270726,2272282
apt:491412-491963:+,apt,NC_000913.3,491411,491963,+,552,Supplementary Table 1,2309,MG1655,491412,491963
glcB:3121634-3123805:-,glcB,NC_000913.3,3121633,3123805,-,2172,Supplementary Table 1,2310,MG1655,3121634,3123805
fadH:3231665-3233683:+,fadH,NC_000913.3,3231664,3233683,+,2019,Supplementary Table 1,2311,MG1655,3231665,3233683
yidQ:3867728-3868060:+,yidQ,NC_000913.3,3867727,3868060,+,333,Supplementary Table 1,2312,MG1655,3867728,3868060
yjjA:4599695-4600189:-,yjjA,NC_000913.3,4599694,4600189,-,495,Supplementary Table 1,2313,MG1655,4599695,4600189
rssB:1290242-1291255:+,rssB,NC_000913.3,1290241,1291255,+,1014,Supplementary Table 1,2314,MG1655,1290242,1291255
kbaZ:3278914-3280194:+,kbaZ,NC_000913.3,3278913,3280194,+,1281,Supplementary Table 1,2315,MG1655,3278914,3280194
tufB:4175944-4177128:+,tufB,NC_000913.3,4175943,4177128,+,1185,Supplementary Table 1,2316,MG1655,4175944,4177128
rdlC:1270393-1270460:+,rdlC,NC_000913.3,1270392,1270460,+,68,Supplementary Table 1,2317,MG1655,1270393,1270460
sapD:1352636-1353628:-,sapD,NC_000913.3,1352635,1353628,-,993,Supplementary Table 1,2318,MG1655,1352636,1353628
creD:4638178-4639530:+,creD,NC_000913.3,4638177,4639530,+,1353,Supplementary Table 1,2319,MG1655,4638178,4639530
ptrB:1926779-1928839:-,ptrB,NC_000913.3,1926778,1928839,-,2061,Supplementary Table 1,2320,MG1655,1926779,1928839
ybjI:885316-886131:-,ybjI,NC_000913.3,885315,886131,-,816,Supplementary Table 1,2321,MG1655,885316,886131
ftsX:3601028-3602086:-,ftsX,NC_000913.3,3601027,3602086,-,1059,Supplementary Table 1,2322,MG1655,3601028,3602086
rhlE:830872-832236:+,rhlE,NC_000913.3,830871,832236,+,1365,Supplementary Table 1,2323,MG1655,830872,832236
insL1:15445-16557:+,insL1,NC_000913.3,15444,16557,+,1113,Supplementary Table 1,2324,MG1655,15445,16557
insL1:608065-609177:+,insL1,NC_000913.3,608064,609177,+,1113,Supplementary Table 1,2325,MG1655,608065,609177
insL1:2514331-2515443:+,insL1,NC_000913.3,2514330,2515443,+,1113,Supplementary Table 1,2326,MG1655,2514331,2515443
yigE:4000292-4001056:-,yigE,NC_000913.3,4000291,4001056,-,765,Supplementary Table 1,2327,MG1655,4000292,4001056
yiaM:3744328-3744801:+,yiaM,NC_000913.3,3744327,3744801,+,474,Supplementary Table 1,2328,MG1655,3744328,3744801
guaC:113444-114487:+,guaC,NC_000913.3,113443,114487,+,1044,Supplementary Table 1,2329,MG1655,113444,114487
ilvM:3952201-3952464:+,ilvM,NC_000913.3,3952200,3952464,+,264,Supplementary Table 1,2330,MG1655,3952201,3952464
azoR:1482255-1482860:-,azoR,NC_000913.3,1482254,1482860,-,606,Supplementary Table 1,2331,MG1655,1482255,1482860
lptD:54755-57109:-,lptD,NC_000913.3,54754,57109,-,2355,Supplementary Table 1,2332,MG1655,54755,57109
yhbT:3300752-3301276:-,yhbT,NC_000913.3,3300751,3301276,-,525,Supplementary Table 1,2333,MG1655,3300752,3301276
torC:1058084-1059256:+,torC,NC_000913.3,1058083,1059256,+,1173,Supplementary Table 1,2334,MG1655,1058084,1059256
yeaM:1874755-1875576:-,yeaM,NC_000913.3,1874754,1875576,-,822,Supplementary Table 1,2335,MG1655,1874755,1875576
acrA:484426-485619:-,acrA,NC_000913.3,484425,485619,-,1194,Supplementary Table 1,2336,MG1655,484426,485619
ybgI:742827-743570:+,ybgI,NC_000913.3,742826,743570,+,744,Supplementary Table 1,2337,MG1655,742827,743570
yfbU:2412100-2412594:-,yfbU,NC_000913.3,2412099,2412594,-,495,Supplementary Table 1,2338,MG1655,2412100,2412594
yqhA:3148977-3149471:-,yqhA,NC_000913.3,3148976,3149471,-,495,Supplementary Table 1,2339,MG1655,3148977,3149471
astA:1829731-1830765:-,astA,NC_000913.3,1829730,1830765,-,1035,Supplementary Table 1,2340,MG1655,1829731,1830765
speF:718262-720460:-,speF,NC_000913.3,718261,720460,-,2199,Supplementary Table 1,2341,MG1655,718262,720460
ycbZ:1016539-1018299:-,ycbZ,NC_000913.3,1016538,1018299,-,1761,Supplementary Table 1,2342,MG1655,1016539,1018299
ycbJ:971752-972645:+,ycbJ,NC_000913.3,971751,972645,+,894,Supplementary Table 1,2343,MG1655,971752,972645
rrlB:4168641-4171544:+,rrlB,NC_000913.3,4168640,4171544,+,2904,Supplementary Table 1,2344,MG1655,4168641,4171544
tonB:1311089-1311808:+,tonB,NC_000913.3,1311088,1311808,+,720,Supplementary Table 1,2345,MG1655,1311089,1311808
ycgR:1243793-1244527:-,ycgR,NC_000913.3,1243792,1244527,-,735,Supplementary Table 1,2346,MG1655,1243793,1244527
zntA:3606451-3608649:+,zntA,NC_000913.3,3606450,3608649,+,2199,Supplementary Table 1,2347,MG1655,3606451,3608649
yacL:134388-134750:+,yacL,NC_000913.3,134387,134750,+,363,Supplementary Table 1,2348,MG1655,134388,134750
entB:627694-628551:+,entB,NC_000913.3,627693,628551,+,858,Supplementary Table 1,2349,MG1655,627694,628551
rpsI:3377815-3378207:-,rpsI,NC_000913.3,3377814,3378207,-,393,Supplementary Table 1,2350,MG1655,3377815,3378207
aas:2973855-2976014:-,aas,NC_000913.3,2973854,2976014,-,2160,Supplementary Table 1,2351,MG1655,2973855,2976014
dnaN:3881221-3882321:-,dnaN,NC_000913.3,3881220,3882321,-,1101,Supplementary Table 1,2352,MG1655,3881221,3882321
ydhJ:1721264-1722121:+,ydhJ,NC_000913.3,1721263,1722121,+,858,Supplementary Table 1,2353,MG1655,1721264,1722121
fdhD:4086016-4086849:+,fdhD,NC_000913.3,4086015,4086849,+,834,Supplementary Table 1,2354,MG1655,4086016,4086849
aroP:120178-121551:-,aroP,NC_000913.3,120177,121551,-,1374,Supplementary Table 1,2355,MG1655,120178,121551
bfd:3466797-3466991:-,bfd,NC_000913.3,3466796,3466991,-,195,Supplementary Table 1,2356,MG1655,3466797,3466991
prlF:3277002-3277337:+,prlF,NC_000913.3,3277001,3277337,+,336,Supplementary Table 1,2357,MG1655,3277002,3277337
ydcL:1502457-1503125:+,ydcL,NC_000913.3,1502456,1503125,+,669,Supplementary Table 1,2358,MG1655,1502457,1503125
ygeK:2994460-2995092:-,ygeK,NC_000913.3,2994459,2995092,-,633,Supplementary Table 1,2359,MG1655,2994460,2995092
fadM:464402-464800:+,fadM,NC_000913.3,464401,464800,+,399,Supplementary Table 1,2360,MG1655,464402,464800
yfjT:2771148-2771615:+,yfjT,NC_000913.3,2771147,2771615,+,468,Supplementary Table 1,2361,MG1655,2771148,2771615
narV:1535937-1536617:-,narV,NC_000913.3,1535936,1536617,-,681,Supplementary Table 1,2362,MG1655,1535937,1536617
moaE:819295-819747:+,moaE,NC_000913.3,819294,819747,+,453,Supplementary Table 1,2363,MG1655,819295,819747
ybeD:662379-662642:-,ybeD,NC_000913.3,662378,662642,-,264,Supplementary Table 1,2364,MG1655,662379,662642
ysaB:3725413-3725712:-,ysaB,NC_000913.3,3725412,3725712,-,300,Supplementary Table 1,2365,MG1655,3725413,3725712
cdd:2231844-2232728:+,cdd,NC_000913.3,2231843,2232728,+,885,Supplementary Table 1,2366,MG1655,2231844,2232728
yhbO:3298974-3299492:+,yhbO,NC_000913.3,3298973,3299492,+,519,Supplementary Table 1,2367,MG1655,3298974,3299492
flhE:1962580-1962972:-,flhE,NC_000913.3,1962579,1962972,-,393,Supplementary Table 1,2368,MG1655,1962580,1962972
prfH:253702-254202:+,prfH,NC_000913.3,253701,254202,+,501,Supplementary Table 1,2369,MG1655,253702,254202
fumA:1686731-1688377:-,fumA,NC_000913.3,1686730,1688377,-,1647,Supplementary Table 1,2370,MG1655,1686731,1688377
galU:1291457-1292365:+,galU,NC_000913.3,1291456,1292365,+,909,Supplementary Table 1,2371,MG1655,1291457,1292365
hydN:2837578-2838105:-,hydN,NC_000913.3,2837577,2838105,-,528,Supplementary Table 1,2372,MG1655,2837578,2838105
araC:70387-71265:+,araC,NC_000913.3,70386,71265,+,879,Supplementary Table 1,2373,MG1655,70387,71265
ltaE:908293-909294:-,ltaE,NC_000913.3,908292,909294,-,1002,Supplementary Table 1,2374,MG1655,908293,909294
chaB:1272119-1272349:+,chaB,NC_000913.3,1272118,1272349,+,231,Supplementary Table 1,2375,MG1655,1272119,1272349
osmF:2218564-2219481:-,osmF,NC_000913.3,2218563,2219481,-,918,Supplementary Table 1,2376,MG1655,2218564,2219481
chaC:1272507-1273202:+,chaC,NC_000913.3,1272506,1273202,+,696,Supplementary Table 1,2377,MG1655,1272507,1273202
yjhZ:4534430-4534675:-,yjhZ,NC_000913.3,4534429,4534675,-,246,Supplementary Table 1,2378,MG1655,4534430,4534675
phnJ:4318761-4319606:-,phnJ,NC_000913.3,4318760,4319606,-,846,Supplementary Table 1,2379,MG1655,4318761,4319606
fixX:45463-45750:+,fixX,NC_000913.3,45462,45750,+,288,Supplementary Table 1,2380,MG1655,45463,45750
cpdA:3176006-3176833:-,cpdA,NC_000913.3,3176005,3176833,-,828,Supplementary Table 1,2381,MG1655,3176006,3176833
pyrE:3815127-3815768:-,pyrE,NC_000913.3,3815126,3815768,-,642,Supplementary Table 1,2382,MG1655,3815127,3815768
ebgR:3221466-3222449:+,ebgR,NC_000913.3,3221465,3222449,+,984,Supplementary Table 1,2383,MG1655,3221466,3222449
prfC:4609414-4611003:+,prfC,NC_000913.3,4609413,4611003,+,1590,Supplementary Table 1,2384,MG1655,4609414,4611003
metA:4214280-4215209:+,metA,NC_000913.3,4214279,4215209,+,930,Supplementary Table 1,2385,MG1655,4214280,4215209
eutS:2575470-2575805:-,eutS,NC_000913.3,2575469,2575805,-,336,Supplementary Table 1,2386,MG1655,2575470,2575805
xdhC:3003489-3003968:+,xdhC,NC_000913.3,3003488,3003968,+,480,Supplementary Table 1,2387,MG1655,3003489,3003968
ybfI:716721-716870:-,ybfI,NC_000913.3,716720,716870,-,150,Supplementary Table 1,2388,MG1655,716721,716870
fucO:2931865-2933013:-,fucO,NC_000913.3,2931864,2933013,-,1149,Supplementary Table 1,2389,MG1655,2931865,2933013
apaH:50380-51222:-,apaH,NC_000913.3,50379,51222,-,843,Supplementary Table 1,2390,MG1655,50380,51222
mukB:976326-980786:+,mukB,NC_000913.3,976325,980786,+,4461,Supplementary Table 1,2391,MG1655,976326,980786
rfbB:2111976-2113061:-,rfbB,NC_000913.3,2111975,2113061,-,1086,Supplementary Table 1,2392,MG1655,2111976,2113061
ispE:1262026-1262877:-,ispE,NC_000913.3,1262025,1262877,-,852,Supplementary Table 1,2393,MG1655,1262026,1262877
rplI:4426108-4426557:+,rplI,NC_000913.3,4426107,4426557,+,450,Supplementary Table 1,2394,MG1655,4426108,4426557
sad:1613315-1614703:-,sad,NC_000913.3,1613314,1614703,-,1389,Supplementary Table 1,2395,MG1655,1613315,1614703
modF:792316-793788:-,modF,NC_000913.3,792315,793788,-,1473,Supplementary Table 1,2396,MG1655,792316,793788
glnL:4055290-4056339:-,glnL,NC_000913.3,4055289,4056339,-,1050,Supplementary Table 1,2397,MG1655,4055290,4056339
ppx:2625115-2626656:+,ppx,NC_000913.3,2625114,2626656,+,1542,Supplementary Table 1,2398,MG1655,2625115,2626656
asnB:697513-699177:-,asnB,NC_000913.3,697512,699177,-,1665,Supplementary Table 1,2399,MG1655,697513,699177
ygeR:2999136-2999891:-,ygeR,NC_000913.3,2999135,2999891,-,756,Supplementary Table 1,2400,MG1655,2999136,2999891
ilvA:3955331-3956875:+,ilvA,NC_000913.3,3955330,3956875,+,1545,Supplementary Table 1,2401,MG1655,3955331,3956875
ymfE:1197533-1198237:-,ymfE,NC_000913.3,1197532,1198237,-,705,Supplementary Table 1,2402,MG1655,1197533,1198237
yeiE:2248737-2249618:-,yeiE,NC_000913.3,2248736,2249618,-,882,Supplementary Table 1,2403,MG1655,2248737,2249618
oweS:2472878-2473585:-,oweS,NC_000913.3,2472877,2473585,-,708,Supplementary Table 1,2404,MG1655,2472878,2473585
metR:4011863-4012816:-,metR,NC_000913.3,4011862,4012816,-,954,Supplementary Table 1,2405,MG1655,4011863,4012816
yfjY:2776386-2776868:+,yfjY,NC_000913.3,2776385,2776868,+,483,Supplementary Table 1,2406,MG1655,2776386,2776868
pabA:3490266-3490829:-,pabA,NC_000913.3,3490265,3490829,-,564,Supplementary Table 1,2407,MG1655,3490266,3490829
yjhP:4532437-4533183:-,yjhP,NC_000913.3,4532436,4533183,-,747,Supplementary Table 1,2408,MG1655,4532437,4533183
ybbA:519733-520419:+,ybbA,NC_000913.3,519732,520419,+,687,Supplementary Table 1,2409,MG1655,519733,520419
rhmA:2358042-2358845:-,rhmA,NC_000913.3,2358041,2358845,-,804,Supplementary Table 1,2410,MG1655,2358042,2358845
yobH:1908925-1909164:+,yobH,NC_000913.3,1908924,1909164,+,240,Supplementary Table 1,2411,MG1655,1908925,1909164
rutA:1072863-1074011:-,rutA,NC_000913.3,1072862,1074011,-,1149,Supplementary Table 1,2412,MG1655,1072863,1074011
yifE:3948086-3948424:+,yifE,NC_000913.3,3948085,3948424,+,339,Supplementary Table 1,2413,MG1655,3948086,3948424
ybiU:857796-859061:-,ybiU,NC_000913.3,857795,859061,-,1266,Supplementary Table 1,2414,MG1655,857796,859061
yfeX:2549646-2550545:-,yfeX,NC_000913.3,2549645,2550545,-,900,Supplementary Table 1,2415,MG1655,2549646,2550545
yheT:3483202-3484224:+,yheT,NC_000913.3,3483201,3484224,+,1023,Supplementary Table 1,2416,MG1655,3483202,3484224
glpA:2352647-2354275:+,glpA,NC_000913.3,2352646,2354275,+,1629,Supplementary Table 1,2417,MG1655,2352647,2354275
ppa:4449122-4449652:-,ppa,NC_000913.3,4449121,4449652,-,531,Supplementary Table 1,2418,MG1655,4449122,4449652
rttR:1287066-1287236:-,rttR,NC_000913.3,1287065,1287236,-,171,Supplementary Table 1,2419,MG1655,1287066,1287236
ypjI:2775545-2775816:+,ypjI,NC_000913.3,2775544,2775816,+,272,Supplementary Table 1,2420,MG1655,2775545,2775816
gltV:4209774-4209849:+,gltV,NC_000913.3,4209773,4209849,+,76,Supplementary Table 1,2421,MG1655,4209774,4209849
mltD:232597-233955:-,mltD,NC_000913.3,232596,233955,-,1359,Supplementary Table 1,2422,MG1655,232597,233955
fadL:2461306-2462646:+,fadL,NC_000913.3,2461305,2462646,+,1341,Supplementary Table 1,2423,MG1655,2461306,2462646
sapF:1351828-1352634:-,sapF,NC_000913.3,1351827,1352634,-,807,Supplementary Table 1,2424,MG1655,1351828,1352634
tolC:3178115-3179596:+,tolC,NC_000913.3,3178114,3179596,+,1482,Supplementary Table 1,2425,MG1655,3178115,3179596
napB:2298269-2298718:-,napB,NC_000913.3,2298268,2298718,-,450,Supplementary Table 1,2426,MG1655,2298269,2298718
proY:420986-422359:+,proY,NC_000913.3,420985,422359,+,1374,Supplementary Table 1,2427,MG1655,420986,422359
ygaM:2800146-2800475:+,ygaM,NC_000913.3,2800145,2800475,+,330,Supplementary Table 1,2428,MG1655,2800146,2800475
lsrA:1601490-1603025:+,lsrA,NC_000913.3,1601489,1603025,+,1536,Supplementary Table 1,2429,MG1655,1601490,1603025
yahK:342884-343933:+,yahK,NC_000913.3,342883,343933,+,1050,Supplementary Table 1,2430,MG1655,342884,343933
agaV:3280217-3280690:+,agaV,NC_000913.3,3280216,3280690,+,474,Supplementary Table 1,2431,MG1655,3280217,3280690
glcF:3124236-3125459:-,glcF,NC_000913.3,3124235,3125459,-,1224,Supplementary Table 1,2432,MG1655,3124236,3125459
mobB:4040906-4041433:-,mobB,NC_000913.3,4040905,4041433,-,528,Supplementary Table 1,2433,MG1655,4040906,4041433
yjjI:4615515-4617065:-,yjjI,NC_000913.3,4615514,4617065,-,1551,Supplementary Table 1,2434,MG1655,4615515,4617065
pepA:4484440-4485951:-,pepA,NC_000913.3,4484439,4485951,-,1512,Supplementary Table 1,2435,MG1655,4484440,4485951
recG:3825210-3827291:+,recG,NC_000913.3,3825209,3827291,+,2082,Supplementary Table 1,2436,MG1655,3825210,3827291
serB:4624895-4625863:+,serB,NC_000913.3,4624894,4625863,+,969,Supplementary Table 1,2437,MG1655,4624895,4625863
yijD:4161771-4162130:+,yijD,NC_000913.3,4161770,4162130,+,360,Supplementary Table 1,2438,MG1655,4161771,4162130
acpH:424337-424918:-,acpH,NC_000913.3,424336,424918,-,582,Supplementary Table 1,2439,MG1655,424337,424918
ileX:3215598-3215673:+,ileX,NC_000913.3,3215597,3215673,+,76,Supplementary Table 1,2440,MG1655,3215598,3215673
fliC:2002110-2003606:-,fliC,NC_000913.3,2002109,2003606,-,1497,Supplementary Table 1,2441,MG1655,2002110,2003606
paaF:1457497-1458264:+,paaF,NC_000913.3,1457496,1458264,+,768,Supplementary Table 1,2442,MG1655,1457497,1458264
yffS:2564523-2565332:+,yffS,NC_000913.3,2564522,2565332,+,810,Supplementary Table 1,2443,MG1655,2564523,2565332
yjiJ:4561497-4562675:-,yjiJ,NC_000913.3,4561496,4562675,-,1179,Supplementary Table 1,2444,MG1655,4561497,4562675
macB:920347-922293:+,macB,NC_000913.3,920346,922293,+,1947,Supplementary Table 1,2445,MG1655,920347,922293
yecE:1951395-1952213:+,yecE,NC_000913.3,1951394,1952213,+,819,Supplementary Table 1,2446,MG1655,1951395,1952213
fadJ:2457015-2459159:-,fadJ,NC_000913.3,2457014,2459159,-,2145,Supplementary Table 1,2447,MG1655,2457015,2459159
leuP:4606200-4606286:-,leuP,NC_000913.3,4606199,4606286,-,87,Supplementary Table 1,2448,MG1655,4606200,4606286
yhfG:3491453-3491620:-,yhfG,NC_000913.3,3491452,3491620,-,168,Supplementary Table 1,2449,MG1655,3491453,3491620
yiaF:3718334-3719044:-,yiaF,NC_000913.3,3718333,3719044,-,711,Supplementary Table 1,2450,MG1655,3718334,3719044
ybiA:832468-832950:-,ybiA,NC_000913.3,832467,832950,-,483,Supplementary Table 1,2451,MG1655,832468,832950
yciU:1306821-1307150:-,yciU,NC_000913.3,1306820,1307150,-,330,Supplementary Table 1,2452,MG1655,1306821,1307150
ymcE:1051847-1052077:+,ymcE,NC_000913.3,1051846,1052077,+,231,Supplementary Table 1,2453,MG1655,1051847,1052077
yafY:266110-266553:-,yafY,NC_000913.3,266109,266553,-,444,Supplementary Table 1,2454,MG1655,266110,266553
zapD:111856-112599:-,zapD,NC_000913.3,111855,112599,-,744,Supplementary Table 1,2455,MG1655,111856,112599
ybfE:711605-711898:-,ybfE,NC_000913.3,711604,711898,-,294,Supplementary Table 1,2456,MG1655,711605,711898
yedE:2008277-2009482:+,yedE,NC_000913.3,2008276,2009482,+,1206,Supplementary Table 1,2457,MG1655,2008277,2009482
nudF:3177281-3177910:-,nudF,NC_000913.3,3177280,3177910,-,630,Supplementary Table 1,2458,MG1655,3177281,3177910
omrA:2976102-2976189:-,omrA,NC_000913.3,2976101,2976189,-,88,Supplementary Table 1,2459,MG1655,2976102,2976189
vsr:2030448-2030918:-,vsr,NC_000913.3,2030447,2030918,-,471,Supplementary Table 1,2460,MG1655,2030448,2030918
tufA:3470145-3471329:-,tufA,NC_000913.3,3470144,3471329,-,1185,Supplementary Table 1,2461,MG1655,3470145,3471329
rsxA:1705767-1706348:+,rsxA,NC_000913.3,1705766,1706348,+,582,Supplementary Table 1,2462,MG1655,1705767,1706348
gltL:684530-685255:-,gltL,NC_000913.3,684529,685255,-,726,Supplementary Table 1,2463,MG1655,684530,685255
ydfA:1648508-1648663:+,ydfA,NC_000913.3,1648507,1648663,+,156,Supplementary Table 1,2464,MG1655,1648508,1648663
pdxH:1717351-1718007:-,pdxH,NC_000913.3,1717350,1718007,-,657,Supplementary Table 1,2465,MG1655,1717351,1718007
araG:1983555-1985069:-,araG,NC_000913.3,1983554,1985069,-,1515,Supplementary Table 1,2466,MG1655,1983555,1985069
metI:220968-221621:-,metI,NC_000913.3,220967,221621,-,654,Supplementary Table 1,2467,MG1655,220968,221621
ygjR:3237311-3238297:+,ygjR,NC_000913.3,3237310,3238297,+,987,Supplementary Table 1,2468,MG1655,3237311,3238297
smpB:2754896-2755378:+,smpB,NC_000913.3,2754895,2755378,+,483,Supplementary Table 1,2469,MG1655,2754896,2755378
menI:1765222-1765632:-,menI,NC_000913.3,1765221,1765632,-,411,Supplementary Table 1,2470,MG1655,1765222,1765632
asmA:2139759-2141612:-,asmA,NC_000913.3,2139758,2141612,-,1854,Supplementary Table 1,2471,MG1655,2139759,2141612
yebB:1946251-1946853:+,yebB,NC_000913.3,1946250,1946853,+,603,Supplementary Table 1,2472,MG1655,1946251,1946853
yhjH:3678420-3679187:-,yhjH,NC_000913.3,3678419,3679187,-,768,Supplementary Table 1,2473,MG1655,3678420,3679187
rpe:3514382-3515059:-,rpe,NC_000913.3,3514381,3515059,-,678,Supplementary Table 1,2474,MG1655,3514382,3515059
ybaM:490110-490271:-,ybaM,NC_000913.3,490109,490271,-,162,Supplementary Table 1,2475,MG1655,490110,490271
pspA:1368079-1368747:+,pspA,NC_000913.3,1368078,1368747,+,669,Supplementary Table 1,2476,MG1655,1368079,1368747
insN:270278-270535:+,insN,NC_000913.3,270277,270535,+,258,Supplementary Table 1,2477,MG1655,270278,270535
insN:271764-272189:+,insN,NC_000913.3,271763,272189,+,426,Supplementary Table 1,2478,MG1655,271764,272189
purF:2428721-2430238:-,purF,NC_000913.3,2428720,2430238,-,1518,Supplementary Table 1,2479,MG1655,2428721,2430238
glnX:696430-696504:-,glnX,NC_000913.3,696429,696504,-,75,Supplementary Table 1,2480,MG1655,696430,696504
ycbV:1003439-1003954:+,ycbV,NC_000913.3,1003438,1003954,+,516,Supplementary Table 1,2481,MG1655,1003439,1003954
yigI:4004230-4004697:-,yigI,NC_000913.3,4004229,4004697,-,468,Supplementary Table 1,2482,MG1655,4004230,4004697
nusG:4177743-4178288:+,nusG,NC_000913.3,4177742,4178288,+,546,Supplementary Table 1,2483,MG1655,4177743,4178288
pheV:3110366-3110441:+,pheV,NC_000913.3,3110365,3110441,+,76,Supplementary Table 1,2484,MG1655,3110366,3110441
tauC:386971-387798:+,tauC,NC_000913.3,386970,387798,+,828,Supplementary Table 1,2485,MG1655,386971,387798
yheV:3478592-3478792:-,yheV,NC_000913.3,3478591,3478792,-,201,Supplementary Table 1,2486,MG1655,3478592,3478792
ychA:1267320-1268129:+,ychA,NC_000913.3,1267319,1268129,+,810,Supplementary Table 1,2487,MG1655,1267320,1268129
argZ:2818059-2818135:-,argZ,NC_000913.3,2818058,2818135,-,77,Supplementary Table 1,2488,MG1655,2818059,2818135
ygjV:3241193-3241744:-,ygjV,NC_000913.3,3241192,3241744,-,552,Supplementary Table 1,2489,MG1655,3241193,3241744
yihI:4051347-4051856:+,yihI,NC_000913.3,4051346,4051856,+,510,Supplementary Table 1,2490,MG1655,4051347,4051856
pabC:1153300-1154109:+,pabC,NC_000913.3,1153299,1154109,+,810,Supplementary Table 1,2491,MG1655,1153300,1154109
thiH:4190735-4191868:-,thiH,NC_000913.3,4190734,4191868,-,1134,Supplementary Table 1,2492,MG1655,4190735,4191868
ydfB:1648665-1648793:+,ydfB,NC_000913.3,1648664,1648793,+,129,Supplementary Table 1,2493,MG1655,1648665,1648793
aspS:1948750-1950522:-,aspS,NC_000913.3,1948749,1950522,-,1773,Supplementary Table 1,2494,MG1655,1948750,1950522
lsrD:1604047-1605039:+,lsrD,NC_000913.3,1604046,1605039,+,993,Supplementary Table 1,2495,MG1655,1604047,1605039
ompW:1314020-1314658:+,ompW,NC_000913.3,1314019,1314658,+,639,Supplementary Table 1,2496,MG1655,1314020,1314658
yqgC:3086187-3086402:+,yqgC,NC_000913.3,3086186,3086402,+,216,Supplementary Table 1,2497,MG1655,3086187,3086402
rspR:1628352-1629038:+,rspR,NC_000913.3,1628351,1629038,+,687,Supplementary Table 1,2498,MG1655,1628352,1629038
torT:1056261-1057289:+,torT,NC_000913.3,1056260,1057289,+,1029,Supplementary Table 1,2499,MG1655,1056261,1057289
degQ:3380743-3382110:+,degQ,NC_000913.3,3380742,3382110,+,1368,Supplementary Table 1,2500,MG1655,3380743,3382110
ahpC:638945-639508:+,ahpC,NC_000913.3,638944,639508,+,564,Supplementary Table 1,2501,MG1655,638945,639508
murR:2544752-2545609:-,murR,NC_000913.3,2544751,2545609,-,858,Supplementary Table 1,2502,MG1655,2544752,2545609
ycjD:1351407-1351760:-,ycjD,NC_000913.3,1351406,1351760,-,354,Supplementary Table 1,2503,MG1655,1351407,1351760
ydaT:1420684-1421106:+,ydaT,NC_000913.3,1420683,1421106,+,423,Supplementary Table 1,2504,MG1655,1420684,1421106
fsr:503476-504696:-,fsr,NC_000913.3,503475,504696,-,1221,Supplementary Table 1,2505,MG1655,503476,504696
ulaC:4421708-4422172:+,ulaC,NC_000913.3,4421707,4422172,+,465,Supplementary Table 1,2506,MG1655,4421708,4422172
glnU:696865-696939:-,glnU,NC_000913.3,696864,696939,-,75,Supplementary Table 1,2507,MG1655,696865,696939
hscC:681723-683393:-,hscC,NC_000913.3,681722,683393,-,1671,Supplementary Table 1,2508,MG1655,681723,683393
yhfY:3511060-3511422:-,yhfY,NC_000913.3,3511059,3511422,-,363,Supplementary Table 1,2509,MG1655,3511060,3511422
ykgO:312374-312514:-,ykgO,NC_000913.3,312373,312514,-,141,Supplementary Table 1,2510,MG1655,312374,312514
yehW:2215745-2216476:-,yehW,NC_000913.3,2215744,2216476,-,732,Supplementary Table 1,2511,MG1655,2215745,2216476
yfgM:2638663-2639283:-,yfgM,NC_000913.3,2638662,2639283,-,621,Supplementary Table 1,2512,MG1655,2638663,2639283
glyT:4175673-4175747:+,glyT,NC_000913.3,4175672,4175747,+,75,Supplementary Table 1,2513,MG1655,4175673,4175747
rhsE:1527902-1529938:+,rhsE,NC_000913.3,1527901,1529938,+,2037,Supplementary Table 1,2514,MG1655,1527902,1529938
alpA:2758644-2758856:+,alpA,NC_000913.3,2758643,2758856,+,213,Supplementary Table 1,2515,MG1655,2758644,2758856
yjjV:4613481-4614260:+,yjjV,NC_000913.3,4613480,4614260,+,780,Supplementary Table 1,2516,MG1655,4613481,4614260
yagI:288404-289162:-,yagI,NC_000913.3,288403,289162,-,759,Supplementary Table 1,2517,MG1655,288404,289162
exbD:3150818-3151243:-,exbD,NC_000913.3,3150817,3151243,-,426,Supplementary Table 1,2518,MG1655,3150818,3151243
ycbL:983650-984297:+,ycbL,NC_000913.3,983649,984297,+,648,Supplementary Table 1,2519,MG1655,983650,984297
ftsE:3602079-3602747:-,ftsE,NC_000913.3,3602078,3602747,-,669,Supplementary Table 1,2520,MG1655,3602079,3602747
sapA:1355467-1357110:-,sapA,NC_000913.3,1355466,1357110,-,1644,Supplementary Table 1,2521,MG1655,1355467,1357110
yjdC:4362733-4363308:-,yjdC,NC_000913.3,4362732,4363308,-,576,Supplementary Table 1,2522,MG1655,4362733,4363308
argD:3488960-3490180:-,argD,NC_000913.3,3488959,3490180,-,1221,Supplementary Table 1,2523,MG1655,3488960,3490180
deaD:3305971-3307860:-,deaD,NC_000913.3,3305970,3307860,-,1890,Supplementary Table 1,2524,MG1655,3305971,3307860
yeeP:2070660-2071211:+,yeeP,NC_000913.3,2070659,2071211,+,552,Supplementary Table 1,2525,MG1655,2070660,2071211
gmr:1344757-1346742:-,gmr,NC_000913.3,1344756,1346742,-,1986,Supplementary Table 1,2526,MG1655,1344757,1346742
nikB:3615241-3616185:+,nikB,NC_000913.3,3615240,3616185,+,945,Supplementary Table 1,2527,MG1655,3615241,3616185
yqeK:2989935-2990360:-,yqeK,NC_000913.3,2989934,2990360,-,426,Supplementary Table 1,2528,MG1655,2989935,2990360
bcr:2278570-2279760:-,bcr,NC_000913.3,2278569,2279760,-,1191,Supplementary Table 1,2529,MG1655,2278570,2279760
yfdT:2475873-2476178:+,yfdT,NC_000913.3,2475872,2476178,+,306,Supplementary Table 1,2530,MG1655,2475873,2476178
gshA:2814883-2816439:-,gshA,NC_000913.3,2814882,2816439,-,1557,Supplementary Table 1,2531,MG1655,2814883,2816439
yddL:1545750-1546028:-,yddL,NC_000913.3,1545749,1546028,-,279,Supplementary Table 1,2532,MG1655,1545750,1546028
pgpB:1339330-1340094:+,pgpB,NC_000913.3,1339329,1340094,+,765,Supplementary Table 1,2533,MG1655,1339330,1340094
ldcA:1242166-1243080:-,ldcA,NC_000913.3,1242165,1243080,-,915,Supplementary Table 1,2534,MG1655,1242166,1243080
dhaL:1249125-1249757:-,dhaL,NC_000913.3,1249124,1249757,-,633,Supplementary Table 1,2535,MG1655,1249125,1249757
yjdI:4351843-4352073:+,yjdI,NC_000913.3,4351842,4352073,+,231,Supplementary Table 1,2536,MG1655,4351843,4352073
wcaB:2132067-2132555:-,wcaB,NC_000913.3,2132066,2132555,-,489,Supplementary Table 1,2537,MG1655,2132067,2132555
ydiL:1770615-1770971:+,ydiL,NC_000913.3,1770614,1770971,+,357,Supplementary Table 1,2538,MG1655,1770615,1770971
ptsA:4139720-4142221:-,ptsA,NC_000913.3,4139719,4142221,-,2502,Supplementary Table 1,2539,MG1655,4139720,4142221
sbcB:2082756-2084183:+,sbcB,NC_000913.3,2082755,2084183,+,1428,Supplementary Table 1,2540,MG1655,2082756,2084183
yceK:1113579-1113806:+,yceK,NC_000913.3,1113578,1113806,+,228,Supplementary Table 1,2541,MG1655,1113579,1113806
yihT:4071773-4072651:-,yihT,NC_000913.3,4071772,4072651,-,879,Supplementary Table 1,2542,MG1655,4071773,4072651
aroA:958812-960095:+,aroA,NC_000913.3,958811,960095,+,1284,Supplementary Table 1,2543,MG1655,958812,960095
asnV:2062260-2062335:+,asnV,NC_000913.3,2062259,2062335,+,76,Supplementary Table 1,2544,MG1655,2062260,2062335
ilvY:3956927-3957820:-,ilvY,NC_000913.3,3956926,3957820,-,894,Supplementary Table 1,2545,MG1655,3956927,3957820
tsr:4591657-4593312:+,tsr,NC_000913.3,4591656,4593312,+,1656,Supplementary Table 1,2546,MG1655,4591657,4593312
fes:612815-613939:+,fes,NC_000913.3,612814,613939,+,1125,Supplementary Table 1,2547,MG1655,612815,613939
dpiB:652235-653893:+,dpiB,NC_000913.3,652234,653893,+,1659,Supplementary Table 1,2548,MG1655,652235,653893
yfcE:2419234-2419788:-,yfcE,NC_000913.3,2419233,2419788,-,555,Supplementary Table 1,2549,MG1655,2419234,2419788
ddlA:399829-400923:-,ddlA,NC_000913.3,399828,400923,-,1095,Supplementary Table 1,2550,MG1655,399829,400923
aer:3217556-3219076:-,aer,NC_000913.3,3217555,3219076,-,1521,Supplementary Table 1,2551,MG1655,3217556,3219076
dapB:28374-29195:+,dapB,NC_000913.3,28373,29195,+,822,Supplementary Table 1,2552,MG1655,28374,29195
cheB:1967452-1968501:-,cheB,NC_000913.3,1967451,1968501,-,1050,Supplementary Table 1,2553,MG1655,1967452,1968501
dtpC:4354954-4356411:-,dtpC,NC_000913.3,4354953,4356411,-,1458,Supplementary Table 1,2554,MG1655,4354954,4356411
hflC:4403300-4404304:+,hflC,NC_000913.3,4403299,4404304,+,1005,Supplementary Table 1,2555,MG1655,4403300,4404304
sspB:3376279-3376776:-,sspB,NC_000913.3,3376278,3376776,-,498,Supplementary Table 1,2556,MG1655,3376279,3376776
pgm:713558-715198:+,pgm,NC_000913.3,713557,715198,+,1641,Supplementary Table 1,2557,MG1655,713558,715198
araD:65855-66550:-,araD,NC_000913.3,65854,66550,-,696,Supplementary Table 1,2558,MG1655,65855,66550
yjcH:4284899-4285213:-,yjcH,NC_000913.3,4284898,4285213,-,315,Supplementary Table 1,2559,MG1655,4284899,4285213
cstA:629894-631999:+,cstA,NC_000913.3,629893,631999,+,2106,Supplementary Table 1,2560,MG1655,629894,631999
pyrB:4471460-4472395:-,pyrB,NC_000913.3,4471459,4472395,-,936,Supplementary Table 1,2561,MG1655,4471460,4472395
yfhM:2647326-2652287:-,yfhM,NC_000913.3,2647325,2652287,-,4962,Supplementary Table 1,2562,MG1655,2647326,2652287
yidE:3864612-3866273:-,yidE,NC_000913.3,3864611,3866273,-,1662,Supplementary Table 1,2563,MG1655,3864612,3866273
yaaA:5683-6459:-,yaaA,NC_000913.3,5682,6459,-,777,Supplementary Table 1,2564,MG1655,5683,6459
ykgM:312514-312777:-,ykgM,NC_000913.3,312513,312777,-,264,Supplementary Table 1,2565,MG1655,312514,312777
nrdI:2800965-2801375:+,nrdI,NC_000913.3,2800964,2801375,+,411,Supplementary Table 1,2566,MG1655,2800965,2801375
ppdB:2963153-2963716:-,ppdB,NC_000913.3,2963152,2963716,-,564,Supplementary Table 1,2567,MG1655,2963153,2963716
hcaB:2671225-2672037:+,hcaB,NC_000913.3,2671224,2672037,+,813,Supplementary Table 1,2568,MG1655,2671225,2672037
ynhG:1757721-1758725:-,ynhG,NC_000913.3,1757720,1758725,-,1005,Supplementary Table 1,2569,MG1655,1757721,1758725
galE:791039-792055:-,galE,NC_000913.3,791038,792055,-,1017,Supplementary Table 1,2570,MG1655,791039,792055
yeaR:1879589-1879948:-,yeaR,NC_000913.3,1879588,1879948,-,360,Supplementary Table 1,2571,MG1655,1879589,1879948
malM:4249554-4250474:+,malM,NC_000913.3,4249553,4250474,+,921,Supplementary Table 1,2572,MG1655,4249554,4250474
yhaV:3277337-3277801:+,yhaV,NC_000913.3,3277336,3277801,+,465,Supplementary Table 1,2573,MG1655,3277337,3277801
cspB:1641339-1641554:-,cspB,NC_000913.3,1641338,1641554,-,216,Supplementary Table 1,2574,MG1655,1641339,1641554
ybgE:774309-774602:+,ybgE,NC_000913.3,774308,774602,+,294,Supplementary Table 1,2575,MG1655,774309,774602
yafO:252301-252699:+,yafO,NC_000913.3,252300,252699,+,399,Supplementary Table 1,2576,MG1655,252301,252699
ryjB:4527977-4528066:+,ryjB,NC_000913.3,4527976,4528066,+,90,Supplementary Table 1,2577,MG1655,4527977,4528066
ydjL:1860256-1861332:-,ydjL,NC_000913.3,1860255,1861332,-,1077,Supplementary Table 1,2578,MG1655,1860256,1861332
yehD:2191680-2192222:-,yehD,NC_000913.3,2191679,2192222,-,543,Supplementary Table 1,2579,MG1655,2191680,2192222
ppk:2623044-2625110:+,ppk,NC_000913.3,2623043,2625110,+,2067,Supplementary Table 1,2580,MG1655,2623044,2625110
malF:4243531-4245075:-,malF,NC_000913.3,4243530,4245075,-,1545,Supplementary Table 1,2581,MG1655,4243531,4245075
cydC:927474-929195:-,cydC,NC_000913.3,927473,929195,-,1722,Supplementary Table 1,2582,MG1655,927474,929195
glsB:1612325-1613251:-,glsB,NC_000913.3,1612324,1613251,-,927,Supplementary Table 1,2583,MG1655,1612325,1613251
plsY:3204694-3205311:+,plsY,NC_000913.3,3204693,3205311,+,618,Supplementary Table 1,2584,MG1655,3204694,3205311
hycA:2849974-2850435:-,hycA,NC_000913.3,2849973,2850435,-,462,Supplementary Table 1,2585,MG1655,2849974,2850435
rplB:3450543-3451364:-,rplB,NC_000913.3,3450542,3451364,-,822,Supplementary Table 1,2586,MG1655,3450543,3451364
yciI:1310569-1310865:-,yciI,NC_000913.3,1310568,1310865,-,297,Supplementary Table 1,2587,MG1655,1310569,1310865
accD:2433012-2433926:-,accD,NC_000913.3,2433011,2433926,-,915,Supplementary Table 1,2588,MG1655,2433012,2433926
cysZ:2531463-2532224:+,cysZ,NC_000913.3,2531462,2532224,+,762,Supplementary Table 1,2589,MG1655,2531463,2532224
pdxB:2436715-2437851:-,pdxB,NC_000913.3,2436714,2437851,-,1137,Supplementary Table 1,2590,MG1655,2436715,2437851
rhaS:4097736-4098572:+,rhaS,NC_000913.3,4097735,4098572,+,837,Supplementary Table 1,2591,MG1655,4097736,4098572
rpsB:189874-190599:+,rpsB,NC_000913.3,189873,190599,+,726,Supplementary Table 1,2592,MG1655,189874,190599
yafS:234816-235538:+,yafS,NC_000913.3,234815,235538,+,723,Supplementary Table 1,2593,MG1655,234816,235538
ygiW:3169284-3169676:-,ygiW,NC_000913.3,3169283,3169676,-,393,Supplementary Table 1,2594,MG1655,3169284,3169676
gtrB:2468214-2469134:+,gtrB,NC_000913.3,2468213,2469134,+,921,Supplementary Table 1,2595,MG1655,2468214,2469134
cvrA:1240335-1242071:-,cvrA,NC_000913.3,1240334,1242071,-,1737,Supplementary Table 1,2596,MG1655,1240335,1242071
qorA:4263248-4264231:-,qorA,NC_000913.3,4263247,4264231,-,984,Supplementary Table 1,2597,MG1655,4263248,4264231
nfi:4198790-4199461:+,nfi,NC_000913.3,4198789,4199461,+,672,Supplementary Table 1,2598,MG1655,4198790,4199461
pheM:1799226-1799270:-,pheM,NC_000913.3,1799225,1799270,-,45,Supplementary Table 1,2599,MG1655,1799226,1799270
ycgZ:1215789-1216025:+,ycgZ,NC_000913.3,1215788,1216025,+,237,Supplementary Table 1,2600,MG1655,1215789,1216025
yrdF:3404495-3404637:+,yrdF,NC_000913.3,3404494,3404637,+,143,Supplementary Table 1,2601,MG1655,3404495,3404637
mrcB:164730-167264:+,mrcB,NC_000913.3,164729,167264,+,2535,Supplementary Table 1,2602,MG1655,164730,167264
hypF:2835173-2837425:-,hypF,NC_000913.3,2835172,2837425,-,2253,Supplementary Table 1,2603,MG1655,2835173,2837425
miaB:693531-694955:-,miaB,NC_000913.3,693530,694955,-,1425,Supplementary Table 1,2604,MG1655,693531,694955
dnaT:4600978-4601517:-,dnaT,NC_000913.3,4600977,4601517,-,540,Supplementary Table 1,2605,MG1655,4600978,4601517
rlmG:3234739-3235875:-,rlmG,NC_000913.3,3234738,3235875,-,1137,Supplementary Table 1,2606,MG1655,3234739,3235875
nuoG:2397439-2400165:-,nuoG,NC_000913.3,2397438,2400165,-,2727,Supplementary Table 1,2607,MG1655,2397439,2400165
cptA:3040416-3040823:-,cptA,NC_000913.3,3040415,3040823,-,408,Supplementary Table 1,2608,MG1655,3040416,3040823
hyfI:2610706-2611464:+,hyfI,NC_000913.3,2610705,2611464,+,759,Supplementary Table 1,2609,MG1655,2610706,2611464
ybiR:853647-854765:+,ybiR,NC_000913.3,853646,854765,+,1119,Supplementary Table 1,2610,MG1655,853647,854765
yidX:3875438-3876094:+,yidX,NC_000913.3,3875437,3876094,+,657,Supplementary Table 1,2611,MG1655,3875438,3876094
frr:192872-193429:+,frr,NC_000913.3,192871,193429,+,558,Supplementary Table 1,2612,MG1655,192872,193429
yegL:2152469-2153128:-,yegL,NC_000913.3,2152468,2153128,-,660,Supplementary Table 1,2613,MG1655,2152469,2153128
cyoD:447717-448046:-,cyoD,NC_000913.3,447716,448046,-,330,Supplementary Table 1,2614,MG1655,447717,448046
yibN:3784584-3785015:-,yibN,NC_000913.3,3784583,3785015,-,432,Supplementary Table 1,2615,MG1655,3784584,3785015
ybdM:634747-635376:-,ybdM,NC_000913.3,634746,635376,-,630,Supplementary Table 1,2616,MG1655,634747,635376
yjiL:4563922-4564689:-,yjiL,NC_000913.3,4563921,4564689,-,768,Supplementary Table 1,2617,MG1655,4563922,4564689
yjjJ:4621769-4623100:+,yjjJ,NC_000913.3,4621768,4623100,+,1332,Supplementary Table 1,2618,MG1655,4621769,4623100
ssnA:3019161-3020489:+,ssnA,NC_000913.3,3019160,3020489,+,1329,Supplementary Table 1,2619,MG1655,3019161,3020489
ydaM:1406563-1407795:-,ydaM,NC_000913.3,1406562,1407795,-,1233,Supplementary Table 1,2620,MG1655,1406563,1407795
yodD:2024986-2025213:+,yodD,NC_000913.3,2024985,2025213,+,228,Supplementary Table 1,2621,MG1655,2024986,2025213
tolA:776342-777607:+,tolA,NC_000913.3,776341,777607,+,1266,Supplementary Table 1,2622,MG1655,776342,777607
modB:795862-796551:+,modB,NC_000913.3,795861,796551,+,690,Supplementary Table 1,2623,MG1655,795862,796551
yfaA:2334956-2336644:-,yfaA,NC_000913.3,2334955,2336644,-,1689,Supplementary Table 1,2624,MG1655,2334956,2336644
rtcB:3556853-3558079:-,rtcB,NC_000913.3,3556852,3558079,-,1227,Supplementary Table 1,2625,MG1655,3556853,3558079
bisC:3714061-3716394:-,bisC,NC_000913.3,3714060,3716394,-,2334,Supplementary Table 1,2626,MG1655,3714061,3716394
astC:1830762-1831982:-,astC,NC_000913.3,1830761,1831982,-,1221,Supplementary Table 1,2627,MG1655,1830762,1831982
dacB:3328963-3330396:+,dacB,NC_000913.3,3328962,3330396,+,1434,Supplementary Table 1,2628,MG1655,3328963,3330396
yqfE:3059381-3059701:-,yqfE,NC_000913.3,3059380,3059701,-,321,Supplementary Table 1,2629,MG1655,3059381,3059701
hybA:3144154-3145140:-,hybA,NC_000913.3,3144153,3145140,-,987,Supplementary Table 1,2630,MG1655,3144154,3145140
pfkA:4107552-4108514:+,pfkA,NC_000913.3,4107551,4108514,+,963,Supplementary Table 1,2631,MG1655,4107552,4108514
yagN:295139-295579:-,yagN,NC_000913.3,295138,295579,-,441,Supplementary Table 1,2632,MG1655,295139,295579
pspE:1369689-1370003:+,pspE,NC_000913.3,1369688,1370003,+,315,Supplementary Table 1,2633,MG1655,1369689,1370003
yjdM:4326399-4326734:-,yjdM,NC_000913.3,4326398,4326734,-,336,Supplementary Table 1,2634,MG1655,4326399,4326734
glnK:472598-472936:+,glnK,NC_000913.3,472597,472936,+,339,Supplementary Table 1,2635,MG1655,472598,472936
hofM:3521972-3522751:-,hofM,NC_000913.3,3521971,3522751,-,780,Supplementary Table 1,2636,MG1655,3521972,3522751
uxaA:3241827-3243314:-,uxaA,NC_000913.3,3241826,3243314,-,1488,Supplementary Table 1,2637,MG1655,3241827,3243314
fldA:710935-711465:-,fldA,NC_000913.3,710934,711465,-,531,Supplementary Table 1,2638,MG1655,710935,711465
ynaE:1433991-1434224:-,ynaE,NC_000913.3,1433990,1434224,-,234,Supplementary Table 1,2639,MG1655,1433991,1434224
glcG:3123827-3124231:-,glcG,NC_000913.3,3123826,3124231,-,405,Supplementary Table 1,2640,MG1655,3123827,3124231
gntK:3577065-3577592:-,gntK,NC_000913.3,3577064,3577592,-,528,Supplementary Table 1,2641,MG1655,3577065,3577592
epmA:4382643-4383620:+,epmA,NC_000913.3,4382642,4383620,+,978,Supplementary Table 1,2642,MG1655,4382643,4383620
lit:1198695-1199588:+,lit,NC_000913.3,1198694,1199588,+,894,Supplementary Table 1,2643,MG1655,1198695,1199588
ycgI:1223564-1223907:+,ycgI,NC_000913.3,1223563,1223907,+,344,Supplementary Table 1,2644,MG1655,1223564,1223907
yffR:2563980-2564372:+,yffR,NC_000913.3,2563979,2564372,+,393,Supplementary Table 1,2645,MG1655,2563980,2564372
yhhN:3605751-3606377:+,yhhN,NC_000913.3,3605750,3606377,+,627,Supplementary Table 1,2646,MG1655,3605751,3606377
safA:1583762-1583959:-,safA,NC_000913.3,1583761,1583959,-,198,Supplementary Table 1,2647,MG1655,1583762,1583959
zupT:3182550-3183323:+,zupT,NC_000913.3,3182549,3183323,+,774,Supplementary Table 1,2648,MG1655,3182550,3183323
yhjG:3676290-3678350:-,yhjG,NC_000913.3,3676289,3678350,-,2061,Supplementary Table 1,2649,MG1655,3676290,3678350
menB:2375962-2376819:-,menB,NC_000913.3,2375961,2376819,-,858,Supplementary Table 1,2650,MG1655,2375962,2376819
bhsA:1169073-1169330:+,bhsA,NC_000913.3,1169072,1169330,+,258,Supplementary Table 1,2651,MG1655,1169073,1169330
pqiB:1013259-1014899:+,pqiB,NC_000913.3,1013258,1014899,+,1641,Supplementary Table 1,2652,MG1655,1013259,1014899
yeeT:2076817-2077038:+,yeeT,NC_000913.3,2076816,2077038,+,222,Supplementary Table 1,2653,MG1655,2076817,2077038
mglB:2239350-2240348:-,mglB,NC_000913.3,2239349,2240348,-,999,Supplementary Table 1,2654,MG1655,2239350,2240348
ybhF:827245-828981:-,ybhF,NC_000913.3,827244,828981,-,1737,Supplementary Table 1,2655,MG1655,827245,828981
garR:3271867-3272751:-,garR,NC_000913.3,3271866,3272751,-,885,Supplementary Table 1,2656,MG1655,3271867,3272751
fabA:1015952-1016470:-,fabA,NC_000913.3,1015951,1016470,-,519,Supplementary Table 1,2657,MG1655,1015952,1016470
secA:108279-110984:+,secA,NC_000913.3,108278,110984,+,2706,Supplementary Table 1,2658,MG1655,108279,110984
beeE:1205731-1206142:+,beeE,NC_000913.3,1205730,1206142,+,412,Supplementary Table 1,2659,MG1655,1205731,1206142
yafN:252005-252298:+,yafN,NC_000913.3,252004,252298,+,294,Supplementary Table 1,2660,MG1655,252005,252298
hycB:2849238-2849849:-,hycB,NC_000913.3,2849237,2849849,-,612,Supplementary Table 1,2661,MG1655,2849238,2849849
yfhL:2699663-2699923:+,yfhL,NC_000913.3,2699662,2699923,+,261,Supplementary Table 1,2662,MG1655,2699663,2699923
yejL:2284129-2284356:+,yejL,NC_000913.3,2284128,2284356,+,228,Supplementary Table 1,2663,MG1655,2284129,2284356
nadA:782085-783128:+,nadA,NC_000913.3,782084,783128,+,1044,Supplementary Table 1,2664,MG1655,782085,783128
rlmI:1028779-1029969:-,rlmI,NC_000913.3,1028778,1029969,-,1191,Supplementary Table 1,2665,MG1655,1028779,1029969
yiiM:4102822-4103496:+,yiiM,NC_000913.3,4102821,4103496,+,675,Supplementary Table 1,2666,MG1655,4102822,4103496
afuB:278814-279161:-,afuB,NC_000913.3,278813,279161,-,348,Supplementary Table 1,2667,MG1655,278814,279161
hisL:2089996-2090046:+,hisL,NC_000913.3,2089995,2090046,+,51,Supplementary Table 1,2668,MG1655,2089996,2090046
serS:939428-940720:+,serS,NC_000913.3,939427,940720,+,1293,Supplementary Table 1,2669,MG1655,939428,940720
sroH:4190327-4190487:-,sroH,NC_000913.3,4190326,4190487,-,161,Supplementary Table 1,2670,MG1655,4190327,4190487
ispD:2871780-2872490:-,ispD,NC_000913.3,2871779,2872490,-,711,Supplementary Table 1,2671,MG1655,2871780,2872490
dapA:2598882-2599760:-,dapA,NC_000913.3,2598881,2599760,-,879,Supplementary Table 1,2672,MG1655,2598882,2599760
trkA:3436518-3437894:+,trkA,NC_000913.3,3436517,3437894,+,1377,Supplementary Table 1,2673,MG1655,3436518,3437894
ydhC:1739911-1741122:+,ydhC,NC_000913.3,1739910,1741122,+,1212,Supplementary Table 1,2674,MG1655,1739911,1741122
yhbU:3301485-3302480:+,yhbU,NC_000913.3,3301484,3302480,+,996,Supplementary Table 1,2675,MG1655,3301485,3302480
yijE:4136108-4137013:+,yijE,NC_000913.3,4136107,4137013,+,906,Supplementary Table 1,2676,MG1655,4136108,4137013
yeiB:2241810-2242967:-,yeiB,NC_000913.3,2241809,2242967,-,1158,Supplementary Table 1,2677,MG1655,2241810,2242967
ybhG:828974-829972:-,ybhG,NC_000913.3,828973,829972,-,999,Supplementary Table 1,2678,MG1655,828974,829972
purT:1930881-1932059:+,purT,NC_000913.3,1930880,1932059,+,1179,Supplementary Table 1,2679,MG1655,1930881,1932059
waaF:3794929-3795975:+,waaF,NC_000913.3,3794928,3795975,+,1047,Supplementary Table 1,2680,MG1655,3794929,3795975
allS:531295-532221:-,allS,NC_000913.3,531294,532221,-,927,Supplementary Table 1,2681,MG1655,531295,532221
ydhQ:1744871-1746127:-,ydhQ,NC_000913.3,1744870,1746127,-,1257,Supplementary Table 1,2682,MG1655,1744871,1746127
chiX:507204-507287:+,chiX,NC_000913.3,507203,507287,+,84,Supplementary Table 1,2683,MG1655,507204,507287
mrr:4586949-4587863:+,mrr,NC_000913.3,4586948,4587863,+,915,Supplementary Table 1,2684,MG1655,4586949,4587863
uhpT:3845776-3847167:-,uhpT,NC_000913.3,3845775,3847167,-,1392,Supplementary Table 1,2685,MG1655,3845776,3847167
glyA:2684254-2685507:-,glyA,NC_000913.3,2684253,2685507,-,1254,Supplementary Table 1,2686,MG1655,2684254,2685507
ybaL:501562-503238:-,ybaL,NC_000913.3,501561,503238,-,1677,Supplementary Table 1,2687,MG1655,501562,503238
yqiC:3184840-3185130:+,yqiC,NC_000913.3,3184839,3185130,+,291,Supplementary Table 1,2688,MG1655,3184840,3185130
yfaT:2334336-2334959:-,yfaT,NC_000913.3,2334335,2334959,-,624,Supplementary Table 1,2689,MG1655,2334336,2334959
yggL:3101807-3102133:-,yggL,NC_000913.3,3101806,3102133,-,327,Supplementary Table 1,2690,MG1655,3101807,3102133
yieP:3940635-3941327:-,yieP,NC_000913.3,3940634,3941327,-,693,Supplementary Table 1,2691,MG1655,3940635,3941327
nfo:2250840-2251697:+,nfo,NC_000913.3,2250839,2251697,+,858,Supplementary Table 1,2692,MG1655,2250840,2251697
sfsB:3334909-3335187:+,sfsB,NC_000913.3,3334908,3335187,+,279,Supplementary Table 1,2693,MG1655,3334909,3335187
ygcS:2896533-2897870:-,ygcS,NC_000913.3,2896532,2897870,-,1338,Supplementary Table 1,2694,MG1655,2896533,2897870
astD:1828256-1829734:-,astD,NC_000913.3,1828255,1829734,-,1479,Supplementary Table 1,2695,MG1655,1828256,1829734
dinJ:246242-246502:-,dinJ,NC_000913.3,246241,246502,-,261,Supplementary Table 1,2696,MG1655,246242,246502
rpiR:4312101-4312991:-,rpiR,NC_000913.3,4312100,4312991,-,891,Supplementary Table 1,2697,MG1655,4312101,4312991
clpX:457426-458700:+,clpX,NC_000913.3,457425,458700,+,1275,Supplementary Table 1,2698,MG1655,457426,458700
thrS:1800642-1802570:-,thrS,NC_000913.3,1800641,1802570,-,1929,Supplementary Table 1,2699,MG1655,1800642,1802570
yecS:1997811-1998479:-,yecS,NC_000913.3,1997810,1998479,-,669,Supplementary Table 1,2700,MG1655,1997811,1998479
dppB:3704771-3705790:-,dppB,NC_000913.3,3704770,3705790,-,1020,Supplementary Table 1,2701,MG1655,3704771,3705790
yceB:1122713-1123273:-,yceB,NC_000913.3,1122712,1123273,-,561,Supplementary Table 1,2702,MG1655,1122713,1123273
rplS:2744183-2744530:-,rplS,NC_000913.3,2744182,2744530,-,348,Supplementary Table 1,2703,MG1655,2744183,2744530
yjdJ:4352085-4352357:+,yjdJ,NC_000913.3,4352084,4352357,+,273,Supplementary Table 1,2704,MG1655,4352085,4352357
tyrT:1287538-1287622:-,tyrT,NC_000913.3,1287537,1287622,-,85,Supplementary Table 1,2705,MG1655,1287538,1287622
ydfZ:1629215-1629418:+,ydfZ,NC_000913.3,1629214,1629418,+,204,Supplementary Table 1,2706,MG1655,1629215,1629418
trpA:1316416-1317222:-,trpA,NC_000913.3,1316415,1317222,-,807,Supplementary Table 1,2707,MG1655,1316416,1317222
yghJ:3114550-3119112:-,yghJ,NC_000913.3,3114549,3119112,-,4563,Supplementary Table 1,2708,MG1655,3114550,3119112
cbpM:1062550-1062855:-,cbpM,NC_000913.3,1062549,1062855,-,306,Supplementary Table 1,2709,MG1655,1062550,1062855
lsrC:1603019-1604047:+,lsrC,NC_000913.3,1603018,1604047,+,1029,Supplementary Table 1,2710,MG1655,1603019,1604047
psd:4389392-4390360:-,psd,NC_000913.3,4389391,4390360,-,969,Supplementary Table 1,2711,MG1655,4389392,4390360
ssrA:2755593-2755955:+,ssrA,NC_000913.3,2755592,2755955,+,363,Supplementary Table 1,2712,MG1655,2755593,2755955
yicJ:3834547-3835929:-,yicJ,NC_000913.3,3834546,3835929,-,1383,Supplementary Table 1,2713,MG1655,3834547,3835929
frsA:256527-257771:+,frsA,NC_000913.3,256526,257771,+,1245,Supplementary Table 1,2714,MG1655,256527,257771
rof:213678-213932:-,rof,NC_000913.3,213677,213932,-,255,Supplementary Table 1,2715,MG1655,213678,213932
rplF:3445607-3446140:-,rplF,NC_000913.3,3445606,3446140,-,534,Supplementary Table 1,2716,MG1655,3445607,3446140
intD:564815-565978:-,intD,NC_000913.3,564814,565978,-,1164,Supplementary Table 1,2717,MG1655,564815,565978
purE:552591-553100:-,purE,NC_000913.3,552590,553100,-,510,Supplementary Table 1,2718,MG1655,552591,553100
can:142008-142670:-,can,NC_000913.3,142007,142670,-,663,Supplementary Table 1,2719,MG1655,142008,142670
frdA:4380510-4382318:-,frdA,NC_000913.3,4380509,4382318,-,1809,Supplementary Table 1,2720,MG1655,4380510,4382318
ndk:2644433-2644864:-,ndk,NC_000913.3,2644432,2644864,-,432,Supplementary Table 1,2721,MG1655,2644433,2644864
trpL:1323038-1323082:-,trpL,NC_000913.3,1323037,1323082,-,45,Supplementary Table 1,2722,MG1655,1323038,1323082
ugpQ:3587370-3588113:-,ugpQ,NC_000913.3,3587369,3588113,-,744,Supplementary Table 1,2723,MG1655,3587370,3588113
nupX:2252895-2254145:-,nupX,NC_000913.3,2252894,2254145,-,1251,Supplementary Table 1,2724,MG1655,2252895,2254145
fbp:4454611-4455609:-,fbp,NC_000913.3,4454610,4455609,-,999,Supplementary Table 1,2725,MG1655,4454611,4455609
cueO:137083-138633:+,cueO,NC_000913.3,137082,138633,+,1551,Supplementary Table 1,2726,MG1655,137083,138633
rrlH:225759-228662:+,rrlH,NC_000913.3,225758,228662,+,2904,Supplementary Table 1,2727,MG1655,225759,228662
yfcH:2421708-2422601:+,yfcH,NC_000913.3,2421707,2422601,+,894,Supplementary Table 1,2728,MG1655,2421708,2422601
rplT:1799393-1799749:-,rplT,NC_000913.3,1799392,1799749,-,357,Supplementary Table 1,2729,MG1655,1799393,1799749
yeiP:2265450-2266022:+,yeiP,NC_000913.3,2265449,2266022,+,573,Supplementary Table 1,2730,MG1655,2265450,2266022
ygcE:2901896-2903374:+,ygcE,NC_000913.3,2901895,2903374,+,1479,Supplementary Table 1,2731,MG1655,2901896,2903374
rhsB:3619192-3623427:+,rhsB,NC_000913.3,3619191,3623427,+,4236,Supplementary Table 1,2732,MG1655,3619192,3623427
ydaQ:1413237-1413452:-,ydaQ,NC_000913.3,1413236,1413452,-,216,Supplementary Table 1,2733,MG1655,1413237,1413452
lhr:1729087-1733703:+,lhr,NC_000913.3,1729086,1733703,+,4617,Supplementary Table 1,2734,MG1655,1729087,1733703
nuoL:2393205-2395046:-,nuoL,NC_000913.3,2393204,2395046,-,1842,Supplementary Table 1,2735,MG1655,2393205,2395046
allR:533011-533826:+,allR,NC_000913.3,533010,533826,+,816,Supplementary Table 1,2736,MG1655,533011,533826
mnmA:1192667-1193773:-,mnmA,NC_000913.3,1192666,1193773,-,1107,Supplementary Table 1,2737,MG1655,1192667,1193773
ytcA:4304128-4304403:-,ytcA,NC_000913.3,4304127,4304403,-,276,Supplementary Table 1,2738,MG1655,4304128,4304403
ytfQ:4449962-4450918:+,ytfQ,NC_000913.3,4449961,4450918,+,957,Supplementary Table 1,2739,MG1655,4449962,4450918
sgcX:4530530-4531651:-,sgcX,NC_000913.3,4530529,4531651,-,1122,Supplementary Table 1,2740,MG1655,4530530,4531651
omrB:2976304-2976385:-,omrB,NC_000913.3,2976303,2976385,-,82,Supplementary Table 1,2741,MG1655,2976304,2976385
ydiE:1789613-1789804:+,ydiE,NC_000913.3,1789612,1789804,+,192,Supplementary Table 1,2742,MG1655,1789613,1789804
yfeD:2518813-2519205:+,yfeD,NC_000913.3,2518812,2519205,+,393,Supplementary Table 1,2743,MG1655,2518813,2519205
yhdJ:3411653-3412537:+,yhdJ,NC_000913.3,3411652,3412537,+,885,Supplementary Table 1,2744,MG1655,3411653,3412537
ybhS:826119-827252:-,ybhS,NC_000913.3,826118,827252,-,1134,Supplementary Table 1,2745,MG1655,826119,827252
yedP:2025511-2026326:+,yedP,NC_000913.3,2025510,2026326,+,816,Supplementary Table 1,2746,MG1655,2025511,2026326
fepA:610254-612494:-,fepA,NC_000913.3,610253,612494,-,2241,Supplementary Table 1,2747,MG1655,610254,612494
mhpB:370277-371221:+,mhpB,NC_000913.3,370276,371221,+,945,Supplementary Table 1,2748,MG1655,370277,371221
ypdI:2494698-2494973:+,ypdI,NC_000913.3,2494697,2494973,+,276,Supplementary Table 1,2749,MG1655,2494698,2494973
sufC:1761766-1762512:-,sufC,NC_000913.3,1761765,1762512,-,747,Supplementary Table 1,2750,MG1655,1761766,1762512
ydcD:1529922-1530404:+,ydcD,NC_000913.3,1529921,1530404,+,483,Supplementary Table 1,2751,MG1655,1529922,1530404
abgB:1401810-1403255:-,abgB,NC_000913.3,1401809,1403255,-,1446,Supplementary Table 1,2752,MG1655,1401810,1403255
glnV:696542-696616:-,glnV,NC_000913.3,696541,696616,-,75,Supplementary Table 1,2753,MG1655,696542,696616
yffP:2562524-2563117:+,yffP,NC_000913.3,2562523,2563117,+,594,Supplementary Table 1,2754,MG1655,2562524,2563117
gudP:2920748-2922100:-,gudP,NC_000913.3,2920747,2922100,-,1353,Supplementary Table 1,2755,MG1655,2920748,2922100
xthA:1832428-1833234:+,xthA,NC_000913.3,1832427,1833234,+,807,Supplementary Table 1,2756,MG1655,1832428,1833234
yohK:2231019-2231714:+,yohK,NC_000913.3,2231018,2231714,+,696,Supplementary Table 1,2757,MG1655,2231019,2231714
eutG:2568324-2569511:-,eutG,NC_000913.3,2568323,2569511,-,1188,Supplementary Table 1,2758,MG1655,2568324,2569511
zwf:1934839-1936314:-,zwf,NC_000913.3,1934838,1936314,-,1476,Supplementary Table 1,2759,MG1655,1934839,1936314
rrsE:4208147-4209688:+,rrsE,NC_000913.3,4208146,4209688,+,1542,Supplementary Table 1,2760,MG1655,4208147,4209688
ypjF:2777453-2777782:+,ypjF,NC_000913.3,2777452,2777782,+,330,Supplementary Table 1,2761,MG1655,2777453,2777782
yecR:1988222-1988545:+,yecR,NC_000913.3,1988221,1988545,+,324,Supplementary Table 1,2762,MG1655,1988222,1988545
kdpD:721730-724414:-,kdpD,NC_000913.3,721729,724414,-,2685,Supplementary Table 1,2763,MG1655,721730,724414
fnrS:1409129-1409250:+,fnrS,NC_000913.3,1409128,1409250,+,122,Supplementary Table 1,2764,MG1655,1409129,1409250
jayE:1206143-1206922:+,jayE,NC_000913.3,1206142,1206922,+,780,Supplementary Table 1,2765,MG1655,1206143,1206922
nuoN:2390048-2391505:-,nuoN,NC_000913.3,2390047,2391505,-,1458,Supplementary Table 1,2766,MG1655,2390048,2391505
ybaE:465612-467312:-,ybaE,NC_000913.3,465611,467312,-,1701,Supplementary Table 1,2767,MG1655,465612,467312
efeB:1083376-1084647:+,efeB,NC_000913.3,1083375,1084647,+,1272,Supplementary Table 1,2768,MG1655,1083376,1084647
ychJ:1288674-1289132:-,ychJ,NC_000913.3,1288673,1289132,-,459,Supplementary Table 1,2769,MG1655,1288674,1289132
ybaK:506603-507082:-,ybaK,NC_000913.3,506602,507082,-,480,Supplementary Table 1,2770,MG1655,506603,507082
nagE:703944-705890:+,nagE,NC_000913.3,703943,705890,+,1947,Supplementary Table 1,2771,MG1655,703944,705890
yeaX:1885845-1886810:+,yeaX,NC_000913.3,1885844,1886810,+,966,Supplementary Table 1,2772,MG1655,1885845,1886810
yeiR:2267829-2268815:+,yeiR,NC_000913.3,2267828,2268815,+,987,Supplementary Table 1,2773,MG1655,2267829,2268815
ygaQ:2786397-2788649:+,ygaQ,NC_000913.3,2786396,2788649,+,2253,Supplementary Table 1,2774,MG1655,2786397,2788649
yoeB:2089211-2089465:-,yoeB,NC_000913.3,2089210,2089465,-,255,Supplementary Table 1,2775,MG1655,2089211,2089465
ppiA:3491725-3492297:-,ppiA,NC_000913.3,3491724,3492297,-,573,Supplementary Table 1,2776,MG1655,3491725,3492297
ampG:452070-453545:-,ampG,NC_000913.3,452069,453545,-,1476,Supplementary Table 1,2777,MG1655,452070,453545
malI:1698152-1699180:-,malI,NC_000913.3,1698151,1699180,-,1029,Supplementary Table 1,2778,MG1655,1698152,1699180
lysT:780554-780629:+,lysT,NC_000913.3,780553,780629,+,76,Supplementary Table 1,2779,MG1655,780554,780629
rcsC:2317027-2319876:-,rcsC,NC_000913.3,2317026,2319876,-,2850,Supplementary Table 1,2780,MG1655,2317027,2319876
yfjU:2772002-2772154:-,yfjU,NC_000913.3,2772001,2772154,-,153,Supplementary Table 1,2781,MG1655,2772002,2772154
seqA:712987-713532:+,seqA,NC_000913.3,712986,713532,+,546,Supplementary Table 1,2782,MG1655,712987,713532
yfcS:2451584-2452336:-,yfcS,NC_000913.3,2451583,2452336,-,753,Supplementary Table 1,2783,MG1655,2451584,2452336
yaeF:216179-217003:-,yaeF,NC_000913.3,216178,217003,-,825,Supplementary Table 1,2784,MG1655,216179,217003
mdtO:4301027-4303078:-,mdtO,NC_000913.3,4301026,4303078,-,2052,Supplementary Table 1,2785,MG1655,4301027,4303078
sgcQ:4528111-4528917:-,sgcQ,NC_000913.3,4528110,4528917,-,807,Supplementary Table 1,2786,MG1655,4528111,4528917
nemR:1726023-1726622:+,nemR,NC_000913.3,1726022,1726622,+,600,Supplementary Table 1,2787,MG1655,1726023,1726622
priC:490285-490812:-,priC,NC_000913.3,490284,490812,-,528,Supplementary Table 1,2788,MG1655,490285,490812
yjbR:4270658-4271014:+,yjbR,NC_000913.3,4270657,4271014,+,357,Supplementary Table 1,2789,MG1655,4270658,4271014
btuE:1793558-1794109:-,btuE,NC_000913.3,1793557,1794109,-,552,Supplementary Table 1,2790,MG1655,1793558,1794109
entA:628551-629297:+,entA,NC_000913.3,628550,629297,+,747,Supplementary Table 1,2791,MG1655,628551,629297
sdhC:755177-755566:+,sdhC,NC_000913.3,755176,755566,+,390,Supplementary Table 1,2792,MG1655,755177,755566
sstT:3239944-3241188:+,sstT,NC_000913.3,3239943,3241188,+,1245,Supplementary Table 1,2793,MG1655,3239944,3241188
thiI:441549-442997:+,thiI,NC_000913.3,441548,442997,+,1449,Supplementary Table 1,2794,MG1655,441549,442997
ycgL:1227714-1228007:+,ycgL,NC_000913.3,1227713,1228007,+,294,Supplementary Table 1,2795,MG1655,1227714,1228007
potE:716946-718265:-,potE,NC_000913.3,716945,718265,-,1320,Supplementary Table 1,2796,MG1655,716946,718265
glrR:2687469-2688803:-,glrR,NC_000913.3,2687468,2688803,-,1335,Supplementary Table 1,2797,MG1655,2687469,2688803
yfeS:2537749-2538483:+,yfeS,NC_000913.3,2537748,2538483,+,735,Supplementary Table 1,2798,MG1655,2537749,2538483
glgC:3568033-3569328:-,glgC,NC_000913.3,3568032,3569328,-,1296,Supplementary Table 1,2799,MG1655,3568033,3569328
yciS:1340243-1340551:+,yciS,NC_000913.3,1340242,1340551,+,309,Supplementary Table 1,2800,MG1655,1340243,1340551
phoP:1189776-1190447:-,phoP,NC_000913.3,1189775,1190447,-,672,Supplementary Table 1,2801,MG1655,1189776,1190447
yaiE:408177-408461:+,yaiE,NC_000913.3,408176,408461,+,285,Supplementary Table 1,2802,MG1655,408177,408461
gutM:2828621-2828980:+,gutM,NC_000913.3,2828620,2828980,+,360,Supplementary Table 1,2803,MG1655,2828621,2828980
yhgN:3575071-3575664:+,yhgN,NC_000913.3,3575070,3575664,+,594,Supplementary Table 1,2804,MG1655,3575071,3575664
hypA:2850647-2850997:+,hypA,NC_000913.3,2850646,2850997,+,351,Supplementary Table 1,2805,MG1655,2850647,2850997
yjaA:4213234-4213617:+,yjaA,NC_000913.3,4213233,4213617,+,384,Supplementary Table 1,2806,MG1655,4213234,4213617
ydcT:1512817-1513830:+,ydcT,NC_000913.3,1512816,1513830,+,1014,Supplementary Table 1,2807,MG1655,1512817,1513830
ybjX:918128-919120:-,ybjX,NC_000913.3,918127,919120,-,993,Supplementary Table 1,2808,MG1655,918128,919120
minC:1225385-1226080:-,minC,NC_000913.3,1225384,1226080,-,696,Supplementary Table 1,2809,MG1655,1225385,1226080
nusA:3316039-3317526:-,nusA,NC_000913.3,3316038,3317526,-,1488,Supplementary Table 1,2810,MG1655,3316039,3317526
rpsE:3444726-3445229:-,rpsE,NC_000913.3,3444725,3445229,-,504,Supplementary Table 1,2811,MG1655,3444726,3445229
argV:2818473-2818549:-,argV,NC_000913.3,2818472,2818549,-,77,Supplementary Table 1,2812,MG1655,2818473,2818549
frmR:379606-379881:-,frmR,NC_000913.3,379605,379881,-,276,Supplementary Table 1,2813,MG1655,379606,379881
paaI:1460471-1460893:+,paaI,NC_000913.3,1460470,1460893,+,423,Supplementary Table 1,2814,MG1655,1460471,1460893
cyaR:2167114-2167200:+,cyaR,NC_000913.3,2167113,2167200,+,87,Supplementary Table 1,2815,MG1655,2167114,2167200
torR:1057262-1057954:-,torR,NC_000913.3,1057261,1057954,-,693,Supplementary Table 1,2816,MG1655,1057262,1057954
metL:4129835-4132267:+,metL,NC_000913.3,4129834,4132267,+,2433,Supplementary Table 1,2817,MG1655,4129835,4132267
frwB:4143624-4143944:+,frwB,NC_000913.3,4143623,4143944,+,321,Supplementary Table 1,2818,MG1655,4143624,4143944
rrlG:2726281-2729184:-,rrlG,NC_000913.3,2726280,2729184,-,2904,Supplementary Table 1,2819,MG1655,2726281,2729184
cysG:3497828-3499201:+,cysG,NC_000913.3,3497827,3499201,+,1374,Supplementary Table 1,2820,MG1655,3497828,3499201
folA:49823-50302:+,folA,NC_000913.3,49822,50302,+,480,Supplementary Table 1,2821,MG1655,49823,50302
ulaA:4419980-4421377:+,ulaA,NC_000913.3,4419979,4421377,+,1398,Supplementary Table 1,2822,MG1655,4419980,4421377
cutC:1958520-1959266:-,cutC,NC_000913.3,1958519,1959266,-,747,Supplementary Table 1,2823,MG1655,1958520,1959266
sgcC:4528930-4530243:-,sgcC,NC_000913.3,4528929,4530243,-,1314,Supplementary Table 1,2824,MG1655,4528930,4530243
rutR:1074242-1074880:+,rutR,NC_000913.3,1074241,1074880,+,639,Supplementary Table 1,2825,MG1655,1074242,1074880
yahM:345404-345649:+,yahM,NC_000913.3,345403,345649,+,246,Supplementary Table 1,2826,MG1655,345404,345649
cysC:2873387-2873992:-,cysC,NC_000913.3,2873386,2873992,-,606,Supplementary Table 1,2827,MG1655,2873387,2873992
eptA:4333947-4335590:-,eptA,NC_000913.3,4333946,4335590,-,1644,Supplementary Table 1,2828,MG1655,4333947,4335590
eyeA:272580-272654:+,eyeA,NC_000913.3,272579,272654,+,75,Supplementary Table 1,2829,MG1655,272580,272654
gpmM:3785260-3786804:+,gpmM,NC_000913.3,3785259,3786804,+,1545,Supplementary Table 1,2830,MG1655,3785260,3786804
ymiA:1335160-1335288:+,ymiA,NC_000913.3,1335159,1335288,+,129,Supplementary Table 1,2831,MG1655,1335160,1335288
yciZ:1344436-1344609:-,yciZ,NC_000913.3,1344435,1344609,-,174,Supplementary Table 1,2832,MG1655,1344436,1344609
ynfC:1656747-1657457:-,ynfC,NC_000913.3,1656746,1657457,-,711,Supplementary Table 1,2833,MG1655,1656747,1657457
erfK:2062391-2063323:-,erfK,NC_000913.3,2062390,2063323,-,933,Supplementary Table 1,2834,MG1655,2062391,2063323
ydaG:1419322-1419456:-,ydaG,NC_000913.3,1419321,1419456,-,135,Supplementary Table 1,2835,MG1655,1419322,1419456
yhdV:3418390-3418611:+,yhdV,NC_000913.3,3418389,3418611,+,222,Supplementary Table 1,2836,MG1655,3418390,3418611
ybgT:774196-774309:+,ybgT,NC_000913.3,774195,774309,+,114,Supplementary Table 1,2837,MG1655,774196,774309
ibsC:3056890-3056949:-,ibsC,NC_000913.3,3056889,3056949,-,60,Supplementary Table 1,2838,MG1655,3056890,3056949
cobU:2065219-2065764:-,cobU,NC_000913.3,2065218,2065764,-,546,Supplementary Table 1,2839,MG1655,2065219,2065764
phnK:4318006-4318764:-,phnK,NC_000913.3,4318005,4318764,-,759,Supplementary Table 1,2840,MG1655,4318006,4318764
ydgA:1689852-1691360:+,ydgA,NC_000913.3,1689851,1691360,+,1509,Supplementary Table 1,2841,MG1655,1689852,1691360
yhhQ:3609217-3609882:+,yhhQ,NC_000913.3,3609216,3609882,+,666,Supplementary Table 1,2842,MG1655,3609217,3609882
azuC:1987873-1987959:-,azuC,NC_000913.3,1987872,1987959,-,87,Supplementary Table 1,2843,MG1655,1987873,1987959
lysW:780843-780918:+,lysW,NC_000913.3,780842,780918,+,76,Supplementary Table 1,2844,MG1655,780843,780918
ycjY:1390933-1391853:-,ycjY,NC_000913.3,1390932,1391853,-,921,Supplementary Table 1,2845,MG1655,1390933,1391853
yiaJ:3741684-3742532:-,yiaJ,NC_000913.3,3741683,3742532,-,849,Supplementary Table 1,2846,MG1655,3741684,3742532
ybdF:605518-605886:-,ybdF,NC_000913.3,605517,605886,-,369,Supplementary Table 1,2847,MG1655,605518,605886
citG:646631-647509:-,citG,NC_000913.3,646630,647509,-,879,Supplementary Table 1,2848,MG1655,646631,647509
tatE:658947-659150:+,tatE,NC_000913.3,658946,659150,+,204,Supplementary Table 1,2849,MG1655,658947,659150
yijO:4147466-4148317:-,yijO,NC_000913.3,4147465,4148317,-,852,Supplementary Table 1,2850,MG1655,4147466,4148317
ymfQ:1206913-1207497:+,ymfQ,NC_000913.3,1206912,1207497,+,585,Supplementary Table 1,2851,MG1655,1206913,1207497
phnE:4322443-4323230:-,phnE,NC_000913.3,4322442,4323230,-,788,Supplementary Table 1,2852,MG1655,4322443,4323230
ymgE:1244728-1244982:+,ymgE,NC_000913.3,1244727,1244982,+,255,Supplementary Table 1,2853,MG1655,1244728,1244982
mgrR:1622817-1622914:-,mgrR,NC_000913.3,1622816,1622914,-,98,Supplementary Table 1,2854,MG1655,1622817,1622914
iscU:2659903-2660289:-,iscU,NC_000913.3,2659902,2660289,-,387,Supplementary Table 1,2855,MG1655,2659903,2660289
napF:2303003-2303497:-,napF,NC_000913.3,2303002,2303497,-,495,Supplementary Table 1,2856,MG1655,2303003,2303497
mnmH:530132-531226:-,mnmH,NC_000913.3,530131,531226,-,1095,Supplementary Table 1,2857,MG1655,530132,531226
ydbJ:1441058-1441324:+,ydbJ,NC_000913.3,1441057,1441324,+,267,Supplementary Table 1,2858,MG1655,1441058,1441324
ygeO:2995962-2996360:-,ygeO,NC_000913.3,2995961,2996360,-,399,Supplementary Table 1,2859,MG1655,2995962,2996360
ybfA:729134-729340:+,ybfA,NC_000913.3,729133,729340,+,207,Supplementary Table 1,2860,MG1655,729134,729340
yghG:3113067-3113477:-,yghG,NC_000913.3,3113066,3113477,-,411,Supplementary Table 1,2861,MG1655,3113067,3113477
ytfH:4434113-4434493:+,ytfH,NC_000913.3,4434112,4434493,+,381,Supplementary Table 1,2862,MG1655,4434113,4434493
ruvA:1945365-1945976:-,ruvA,NC_000913.3,1945364,1945976,-,612,Supplementary Table 1,2863,MG1655,1945365,1945976
tilS:212331-213629:+,tilS,NC_000913.3,212330,213629,+,1299,Supplementary Table 1,2864,MG1655,212331,213629
lysV:2521253-2521328:+,lysV,NC_000913.3,2521252,2521328,+,76,Supplementary Table 1,2865,MG1655,2521253,2521328
mzrA:3248439-3248822:+,mzrA,NC_000913.3,3248438,3248822,+,384,Supplementary Table 1,2866,MG1655,3248439,3248822
rfbA:2110138-2111019:-,rfbA,NC_000913.3,2110137,2111019,-,882,Supplementary Table 1,2867,MG1655,2110138,2111019
priB:4425520-4425834:+,priB,NC_000913.3,4425519,4425834,+,315,Supplementary Table 1,2868,MG1655,4425520,4425834
pmbA:4457959-4459311:+,pmbA,NC_000913.3,4457958,4459311,+,1353,Supplementary Table 1,2869,MG1655,4457959,4459311
dacA:662752-663963:-,dacA,NC_000913.3,662751,663963,-,1212,Supplementary Table 1,2870,MG1655,662752,663963
ydhB:1738866-1739798:-,ydhB,NC_000913.3,1738865,1739798,-,933,Supplementary Table 1,2871,MG1655,1738866,1739798
symE:4579499-4579840:-,symE,NC_000913.3,4579498,4579840,-,342,Supplementary Table 1,2872,MG1655,4579499,4579840
yeaY:1889951-1890532:-,yeaY,NC_000913.3,1889950,1890532,-,582,Supplementary Table 1,2873,MG1655,1889951,1890532
insH1:274101-275117:-,insH1,NC_000913.3,274100,275117,-,1017,Supplementary Table 1,2874,MG1655,274101,275117
insH1:574737-575753:-,insH1,NC_000913.3,574736,575753,-,1017,Supplementary Table 1,2875,MG1655,574737,575753
insH1:687997-689013:-,insH1,NC_000913.3,687996,689013,-,1017,Supplementary Table 1,2876,MG1655,687997,689013
insH1:1396076-1397092:+,insH1,NC_000913.3,1396075,1397092,+,1017,Supplementary Table 1,2877,MG1655,1396076,1397092
insH1:1427746-1428726:-,insH1,NC_000913.3,1427745,1428726,-,981,Supplementary Table 1,2878,MG1655,1427746,1428726
insH1:2066305-2067321:-,insH1,NC_000913.3,2066304,2067321,-,1017,Supplementary Table 1,2879,MG1655,2066305,2067321
insH1:2101895-2102911:-,insH1,NC_000913.3,2101894,2102911,-,1017,Supplementary Table 1,2880,MG1655,2101895,2102911
insH1:2289065-2290081:-,insH1,NC_000913.3,2289064,2290081,-,1017,Supplementary Table 1,2881,MG1655,2289065,2290081
insH1:3130178-3131194:+,insH1,NC_000913.3,3130177,3131194,+,1017,Supplementary Table 1,2882,MG1655,3130178,3131194
insH1:3365702-3366718:-,insH1,NC_000913.3,3365701,3366718,-,1017,Supplementary Table 1,2883,MG1655,3365702,3366718
insH1:3652182-3653198:-,insH1,NC_000913.3,3652181,3653198,-,1017,Supplementary Table 1,2884,MG1655,3652182,3653198
ynjD:1838747-1839400:+,ynjD,NC_000913.3,1838746,1839400,+,654,Supplementary Table 1,2885,MG1655,1838747,1839400
ynfD:1657565-1657870:+,ynfD,NC_000913.3,1657564,1657870,+,306,Supplementary Table 1,2886,MG1655,1657565,1657870
yghO:3129043-3130143:-,yghO,NC_000913.3,3129042,3130143,-,1101,Supplementary Table 1,2887,MG1655,3129043,3130143
bglF:3903720-3905597:-,bglF,NC_000913.3,3903719,3905597,-,1878,Supplementary Table 1,2888,MG1655,3903720,3905597
sucB:761522-762739:+,sucB,NC_000913.3,761521,762739,+,1218,Supplementary Table 1,2889,MG1655,761522,762739
yoeD:2078549-2078677:-,yoeD,NC_000913.3,2078548,2078677,-,129,Supplementary Table 1,2890,MG1655,2078549,2078677
mdlA:468871-470643:+,mdlA,NC_000913.3,468870,470643,+,1773,Supplementary Table 1,2891,MG1655,468871,470643
nuoM:2391512-2393041:-,nuoM,NC_000913.3,2391511,2393041,-,1530,Supplementary Table 1,2892,MG1655,2391512,2393041
yigP:4019624-4020229:+,yigP,NC_000913.3,4019623,4020229,+,606,Supplementary Table 1,2893,MG1655,4019624,4020229
selB:3758017-3759861:-,selB,NC_000913.3,3758016,3759861,-,1845,Supplementary Table 1,2894,MG1655,3758017,3759861
yghQ:3131341-3132408:-,yghQ,NC_000913.3,3131340,3132408,-,1068,Supplementary Table 1,2895,MG1655,3131341,3132408
moeA:865129-866364:-,moeA,NC_000913.3,865128,866364,-,1236,Supplementary Table 1,2896,MG1655,865129,866364
yedD:2007677-2008090:-,yedD,NC_000913.3,2007676,2008090,-,414,Supplementary Table 1,2897,MG1655,2007677,2008090
gcvP:3046168-3049041:-,gcvP,NC_000913.3,3046167,3049041,-,2874,Supplementary Table 1,2898,MG1655,3046168,3049041
lhgO:2789982-2791250:+,lhgO,NC_000913.3,2789981,2791250,+,1269,Supplementary Table 1,2899,MG1655,2789982,2791250
ygiB:3179744-3180415:+,ygiB,NC_000913.3,3179743,3180415,+,672,Supplementary Table 1,2900,MG1655,3179744,3180415
nikE:3617776-3618582:+,nikE,NC_000913.3,3617775,3618582,+,807,Supplementary Table 1,2901,MG1655,3617776,3618582
emrD:3853922-3855106:+,emrD,NC_000913.3,3853921,3855106,+,1185,Supplementary Table 1,2902,MG1655,3853922,3855106
nuoC:2402055-2403845:-,nuoC,NC_000913.3,2402054,2403845,-,1791,Supplementary Table 1,2903,MG1655,2402055,2403845
rpsF:4425118-4425513:+,rpsF,NC_000913.3,4425117,4425513,+,396,Supplementary Table 1,2904,MG1655,4425118,4425513
ybaQ:508218-508559:+,ybaQ,NC_000913.3,508217,508559,+,342,Supplementary Table 1,2905,MG1655,508218,508559
greA:3328239-3328715:-,greA,NC_000913.3,3328238,3328715,-,477,Supplementary Table 1,2906,MG1655,3328239,3328715
argA:2949242-2950573:+,argA,NC_000913.3,2949241,2950573,+,1332,Supplementary Table 1,2907,MG1655,2949242,2950573
eutN:2571763-2572050:-,eutN,NC_000913.3,2571762,2572050,-,288,Supplementary Table 1,2908,MG1655,2571763,2572050
cynT:358799-359458:+,cynT,NC_000913.3,358798,359458,+,660,Supplementary Table 1,2909,MG1655,358799,359458
sbmC:2080789-2081262:-,sbmC,NC_000913.3,2080788,2081262,-,474,Supplementary Table 1,2910,MG1655,2080789,2081262
lon:458888-461242:+,lon,NC_000913.3,458887,461242,+,2355,Supplementary Table 1,2911,MG1655,458888,461242
ydcY:1517648-1517881:+,ydcY,NC_000913.3,1517647,1517881,+,234,Supplementary Table 1,2912,MG1655,1517648,1517881
mliC:1718066-1718395:-,mliC,NC_000913.3,1718065,1718395,-,330,Supplementary Table 1,2913,MG1655,1718066,1718395
mobA:4041415-4041999:-,mobA,NC_000913.3,4041414,4041999,-,585,Supplementary Table 1,2914,MG1655,4041415,4041999
pheA:2737745-2738905:+,pheA,NC_000913.3,2737744,2738905,+,1161,Supplementary Table 1,2915,MG1655,2737745,2738905
secY:3442766-3444097:-,secY,NC_000913.3,3442765,3444097,-,1332,Supplementary Table 1,2916,MG1655,3442766,3444097
holB:1155762-1156766:+,holB,NC_000913.3,1155761,1156766,+,1005,Supplementary Table 1,2917,MG1655,1155762,1156766
yahJ:341125-342507:+,yahJ,NC_000913.3,341124,342507,+,1383,Supplementary Table 1,2918,MG1655,341125,342507
rstB:1682882-1684183:+,rstB,NC_000913.3,1682881,1684183,+,1302,Supplementary Table 1,2919,MG1655,1682882,1684183
yfiL:2741360-2741725:+,yfiL,NC_000913.3,2741359,2741725,+,366,Supplementary Table 1,2920,MG1655,2741360,2741725
hofB:115714-117099:-,hofB,NC_000913.3,115713,117099,-,1386,Supplementary Table 1,2921,MG1655,115714,117099
dicA:1647934-1648341:+,dicA,NC_000913.3,1647933,1648341,+,408,Supplementary Table 1,2922,MG1655,1647934,1648341
rspB:1652896-1653915:-,rspB,NC_000913.3,1652895,1653915,-,1020,Supplementary Table 1,2923,MG1655,1652896,1653915
ygiD:3181619-3182407:-,ygiD,NC_000913.3,3181618,3182407,-,789,Supplementary Table 1,2924,MG1655,3181619,3182407
cbrC:3898022-3898609:+,cbrC,NC_000913.3,3898021,3898609,+,588,Supplementary Table 1,2925,MG1655,3898022,3898609
yghD:3110590-3111126:-,yghD,NC_000913.3,3110589,3111126,-,537,Supplementary Table 1,2926,MG1655,3110590,3111126
aes:499014-499973:-,aes,NC_000913.3,499013,499973,-,960,Supplementary Table 1,2927,MG1655,499014,499973
ohsC:2700520-2700596:+,ohsC,NC_000913.3,2700519,2700596,+,77,Supplementary Table 1,2928,MG1655,2700520,2700596
trxB:931085-932050:-,trxB,NC_000913.3,931084,932050,-,966,Supplementary Table 1,2929,MG1655,931085,932050
yecJ:1987507-1987758:-,yecJ,NC_000913.3,1987506,1987758,-,252,Supplementary Table 1,2930,MG1655,1987507,1987758
yibU:3769948-3770146:+,yibU,NC_000913.3,3769947,3770146,+,199,Supplementary Table 1,2931,MG1655,3769948,3770146
sdhB:757689-758405:+,sdhB,NC_000913.3,757688,758405,+,717,Supplementary Table 1,2932,MG1655,757689,758405
nagA:701603-702751:-,nagA,NC_000913.3,701602,702751,-,1149,Supplementary Table 1,2933,MG1655,701603,702751
yafW:263690-264007:-,yafW,NC_000913.3,263689,264007,-,318,Supplementary Table 1,2934,MG1655,263690,264007
atpE:3920950-3921189:-,atpE,NC_000913.3,3920949,3921189,-,240,Supplementary Table 1,2935,MG1655,3920950,3921189
slyB:1719876-1720343:+,slyB,NC_000913.3,1719875,1720343,+,468,Supplementary Table 1,2936,MG1655,1719876,1720343
tig:455133-456431:+,tig,NC_000913.3,455132,456431,+,1299,Supplementary Table 1,2937,MG1655,455133,456431
ycgB:1235709-1237241:-,ycgB,NC_000913.3,1235708,1237241,-,1533,Supplementary Table 1,2938,MG1655,1235709,1237241
yehX:2216481-2217407:-,yehX,NC_000913.3,2216480,2217407,-,927,Supplementary Table 1,2939,MG1655,2216481,2217407
hycG:2843443-2844210:-,hycG,NC_000913.3,2843442,2844210,-,768,Supplementary Table 1,2940,MG1655,2843443,2844210
acrD:2587595-2590708:+,acrD,NC_000913.3,2587594,2590708,+,3114,Supplementary Table 1,2941,MG1655,2587595,2590708
ydhZ:1754932-1755141:-,ydhZ,NC_000913.3,1754931,1755141,-,210,Supplementary Table 1,2942,MG1655,1754932,1755141
yghB:3153563-3154222:+,yghB,NC_000913.3,3153562,3154222,+,660,Supplementary Table 1,2943,MG1655,3153563,3154222
yfeC:2518467-2518811:+,yfeC,NC_000913.3,2518466,2518811,+,345,Supplementary Table 1,2944,MG1655,2518467,2518811
lspA:25207-25701:+,lspA,NC_000913.3,25206,25701,+,495,Supplementary Table 1,2945,MG1655,25207,25701
ybdZ:613942-614160:+,ybdZ,NC_000913.3,613941,614160,+,219,Supplementary Table 1,2946,MG1655,613942,614160
ligB:3819488-3821170:-,ligB,NC_000913.3,3819487,3821170,-,1683,Supplementary Table 1,2947,MG1655,3819488,3821170
ylbG:529595-530016:-,ylbG,NC_000913.3,529594,530016,-,422,Supplementary Table 1,2948,MG1655,529595,530016
pncA:1851887-1852528:+,pncA,NC_000913.3,1851886,1852528,+,642,Supplementary Table 1,2949,MG1655,1851887,1852528
setB:2263863-2265044:+,setB,NC_000913.3,2263862,2265044,+,1182,Supplementary Table 1,2950,MG1655,2263863,2265044
nupC:2513042-2514244:+,nupC,NC_000913.3,2513041,2514244,+,1203,Supplementary Table 1,2951,MG1655,2513042,2514244
mlaF:3339256-3340065:-,mlaF,NC_000913.3,3339255,3340065,-,810,Supplementary Table 1,2952,MG1655,3339256,3340065
yoaD:1898427-1900025:+,yoaD,NC_000913.3,1898426,1900025,+,1599,Supplementary Table 1,2953,MG1655,1898427,1900025
infB:3313342-3316014:-,infB,NC_000913.3,3313341,3316014,-,2673,Supplementary Table 1,2954,MG1655,3313342,3316014
yfcZ:2460650-2460934:-,yfcZ,NC_000913.3,2460649,2460934,-,285,Supplementary Table 1,2955,MG1655,2460650,2460934
qorB:4433164-4434024:-,qorB,NC_000913.3,4433163,4434024,-,861,Supplementary Table 1,2956,MG1655,4433164,4434024
yaaY:21181-21399:+,yaaY,NC_000913.3,21180,21399,+,219,Supplementary Table 1,2957,MG1655,21181,21399
kbl:3791355-3792551:-,kbl,NC_000913.3,3791354,3792551,-,1197,Supplementary Table 1,2958,MG1655,3791355,3792551
murJ:1127839-1129374:+,murJ,NC_000913.3,1127838,1129374,+,1536,Supplementary Table 1,2959,MG1655,1127839,1129374
hcaD:2672047-2673249:+,hcaD,NC_000913.3,2672046,2673249,+,1203,Supplementary Table 1,2960,MG1655,2672047,2673249
napD:2302750-2303013:-,napD,NC_000913.3,2302749,2303013,-,264,Supplementary Table 1,2961,MG1655,2302750,2303013
rhmR:2361429-2362211:-,rhmR,NC_000913.3,2361428,2362211,-,783,Supplementary Table 1,2962,MG1655,2361429,2362211
yiaL:3743743-3744210:+,yiaL,NC_000913.3,3743742,3744210,+,468,Supplementary Table 1,2963,MG1655,3743743,3744210
ligA:2528161-2530176:-,ligA,NC_000913.3,2528160,2530176,-,2016,Supplementary Table 1,2964,MG1655,2528161,2530176
yfjX:2775919-2776377:+,yfjX,NC_000913.3,2775918,2776377,+,459,Supplementary Table 1,2965,MG1655,2775919,2776377
glvG:3861173-3861987:-,glvG,NC_000913.3,3861172,3861987,-,815,Supplementary Table 1,2966,MG1655,3861173,3861987
trxC:2718735-2719154:+,trxC,NC_000913.3,2718734,2719154,+,420,Supplementary Table 1,2967,MG1655,2718735,2719154
yghE:3111128-3112090:-,yghE,NC_000913.3,3111127,3112090,-,963,Supplementary Table 1,2968,MG1655,3111128,3112090
kup:3931316-3933184:+,kup,NC_000913.3,3931315,3933184,+,1869,Supplementary Table 1,2969,MG1655,3931316,3933184
yabP:58474-59269:+,yabP,NC_000913.3,58473,59269,+,796,Supplementary Table 1,2970,MG1655,58474,59269
yfcO:2449228-2450049:-,yfcO,NC_000913.3,2449227,2450049,-,822,Supplementary Table 1,2971,MG1655,2449228,2450049
sgcB:4530255-4530533:-,sgcB,NC_000913.3,4530254,4530533,-,279,Supplementary Table 1,2972,MG1655,4530255,4530533
yjbS:4268809-4269012:-,yjbS,NC_000913.3,4268808,4269012,-,204,Supplementary Table 1,2973,MG1655,4268809,4269012
yliI:878742-879857:+,yliI,NC_000913.3,878741,879857,+,1116,Supplementary Table 1,2974,MG1655,878742,879857
corA:4001426-4002376:+,corA,NC_000913.3,4001425,4002376,+,951,Supplementary Table 1,2975,MG1655,4001426,4002376
rhsC:729583-733776:+,rhsC,NC_000913.3,729582,733776,+,4194,Supplementary Table 1,2976,MG1655,729583,733776
glcC:3128272-3129036:+,glcC,NC_000913.3,3128271,3129036,+,765,Supplementary Table 1,2977,MG1655,3128272,3129036
fepB:623554-624510:-,fepB,NC_000913.3,623553,624510,-,957,Supplementary Table 1,2978,MG1655,623554,624510
hipB:1592176-1592442:-,hipB,NC_000913.3,1592175,1592442,-,267,Supplementary Table 1,2979,MG1655,1592176,1592442
gspI:3461974-3462351:+,gspI,NC_000913.3,3461973,3462351,+,378,Supplementary Table 1,2980,MG1655,3461974,3462351
speE:135598-136464:-,speE,NC_000913.3,135597,136464,-,867,Supplementary Table 1,2981,MG1655,135598,136464
yncG:1526247-1526864:+,yncG,NC_000913.3,1526246,1526864,+,618,Supplementary Table 1,2982,MG1655,1526247,1526864
sucA:758706-761507:+,sucA,NC_000913.3,758705,761507,+,2802,Supplementary Table 1,2983,MG1655,758706,761507
ychH:1258791-1259069:+,ychH,NC_000913.3,1258790,1259069,+,279,Supplementary Table 1,2984,MG1655,1258791,1259069
ybiT:855963-857555:+,ybiT,NC_000913.3,855962,857555,+,1593,Supplementary Table 1,2985,MG1655,855963,857555
ytjB:4624145-4624789:-,ytjB,NC_000913.3,4624144,4624789,-,645,Supplementary Table 1,2986,MG1655,4624145,4624789
yciY:1308788-1308961:+,yciY,NC_000913.3,1308787,1308961,+,174,Supplementary Table 1,2987,MG1655,1308788,1308961
ytfF:4432091-4433056:-,ytfF,NC_000913.3,4432090,4433056,-,966,Supplementary Table 1,2988,MG1655,4432091,4433056
elfD:998490-999191:+,elfD,NC_000913.3,998489,999191,+,702,Supplementary Table 1,2989,MG1655,998490,999191
nohQ:1635840-1636367:-,nohQ,NC_000913.3,1635839,1636367,-,528,Supplementary Table 1,2990,MG1655,1635840,1636367
thiS:4192637-4192837:-,thiS,NC_000913.3,4192636,4192837,-,201,Supplementary Table 1,2991,MG1655,4192637,4192837
narL:1275179-1275829:-,narL,NC_000913.3,1275178,1275829,-,651,Supplementary Table 1,2992,MG1655,1275179,1275829
prpC:350012-351181:+,prpC,NC_000913.3,350011,351181,+,1170,Supplementary Table 1,2993,MG1655,350012,351181
cho:1823515-1824402:+,cho,NC_000913.3,1823514,1824402,+,888,Supplementary Table 1,2994,MG1655,1823515,1824402
ynjA:1835515-1836063:+,ynjA,NC_000913.3,1835514,1836063,+,549,Supplementary Table 1,2995,MG1655,1835515,1836063
ybhK:815739-816647:-,ybhK,NC_000913.3,815738,816647,-,909,Supplementary Table 1,2996,MG1655,815739,816647
pepP:3053515-3054840:-,pepP,NC_000913.3,3053514,3054840,-,1326,Supplementary Table 1,2997,MG1655,3053515,3054840
bolA:454472-454789:+,bolA,NC_000913.3,454471,454789,+,318,Supplementary Table 1,2998,MG1655,454472,454789
gapA:1862771-1863766:+,gapA,NC_000913.3,1862770,1863766,+,996,Supplementary Table 1,2999,MG1655,1862771,1863766
sppA:1848837-1850693:+,sppA,NC_000913.3,1848836,1850693,+,1857,Supplementary Table 1,3000,MG1655,1848837,1850693
paaE:1456430-1457500:+,paaE,NC_000913.3,1456429,1457500,+,1071,Supplementary Table 1,3001,MG1655,1456430,1457500
croE:1203024-1203224:+,croE,NC_000913.3,1203023,1203224,+,201,Supplementary Table 1,3002,MG1655,1203024,1203224
yajG:453589-454167:-,yajG,NC_000913.3,453588,454167,-,579,Supplementary Table 1,3003,MG1655,453589,454167
yeaN:1875673-1876854:+,yeaN,NC_000913.3,1875672,1876854,+,1182,Supplementary Table 1,3004,MG1655,1875673,1876854
ycfS:1169412-1170374:-,ycfS,NC_000913.3,1169411,1170374,-,963,Supplementary Table 1,3005,MG1655,1169412,1170374
yiiR:4112315-4112755:+,yiiR,NC_000913.3,4112314,4112755,+,441,Supplementary Table 1,3006,MG1655,4112315,4112755
cysP:2542512-2543528:-,cysP,NC_000913.3,2542511,2543528,-,1017,Supplementary Table 1,3007,MG1655,2542512,2543528
phnP:4314344-4315102:-,phnP,NC_000913.3,4314343,4315102,-,759,Supplementary Table 1,3008,MG1655,4314344,4315102
yadH:143702-144472:+,yadH,NC_000913.3,143701,144472,+,771,Supplementary Table 1,3009,MG1655,143702,144472
sdaA:1896932-1898296:+,sdaA,NC_000913.3,1896931,1898296,+,1365,Supplementary Table 1,3010,MG1655,1896932,1898296
yoeI:2087052-2087114:-,yoeI,NC_000913.3,2087051,2087114,-,63,Supplementary Table 1,3011,MG1655,2087052,2087114
basR:4333282-4333950:-,basR,NC_000913.3,4333281,4333950,-,669,Supplementary Table 1,3012,MG1655,4333282,4333950
feoC:3542728-3542964:+,feoC,NC_000913.3,3542727,3542964,+,237,Supplementary Table 1,3013,MG1655,3542728,3542964
stfE:1209119-1209619:-,stfE,NC_000913.3,1209118,1209619,-,501,Supplementary Table 1,3014,MG1655,1209119,1209619
ydfG:1627517-1628263:+,ydfG,NC_000913.3,1627516,1628263,+,747,Supplementary Table 1,3015,MG1655,1627517,1628263
ytfE:4431321-4431983:-,ytfE,NC_000913.3,4431320,4431983,-,663,Supplementary Table 1,3016,MG1655,4431321,4431983
ybiP:851014-852597:-,ybiP,NC_000913.3,851013,852597,-,1584,Supplementary Table 1,3017,MG1655,851014,852597
yobF:1907448-1907591:-,yobF,NC_000913.3,1907447,1907591,-,144,Supplementary Table 1,3018,MG1655,1907448,1907591
rlmN:2643129-2644283:-,rlmN,NC_000913.3,2643128,2644283,-,1155,Supplementary Table 1,3019,MG1655,2643129,2644283
ybhB:807433-807909:-,ybhB,NC_000913.3,807432,807909,-,477,Supplementary Table 1,3020,MG1655,807433,807909
ygiN:3173142-3173456:+,ygiN,NC_000913.3,3173141,3173456,+,315,Supplementary Table 1,3021,MG1655,3173142,3173456
patA:3219494-3220873:+,patA,NC_000913.3,3219493,3220873,+,1380,Supplementary Table 1,3022,MG1655,3219494,3220873
kefF:47246-47776:+,kefF,NC_000913.3,47245,47776,+,531,Supplementary Table 1,3023,MG1655,47246,47776
ribB:3183813-3184466:-,ribB,NC_000913.3,3183812,3184466,-,654,Supplementary Table 1,3024,MG1655,3183813,3184466
ttdB:3207371-3207976:+,ttdB,NC_000913.3,3207370,3207976,+,606,Supplementary Table 1,3025,MG1655,3207371,3207976
ymgC:1216748-1216996:+,ymgC,NC_000913.3,1216747,1216996,+,249,Supplementary Table 1,3026,MG1655,1216748,1216996
chpB:4448692-4449042:+,chpB,NC_000913.3,4448691,4449042,+,351,Supplementary Table 1,3027,MG1655,4448692,4449042
gcvR:2599906-2600478:+,gcvR,NC_000913.3,2599905,2600478,+,573,Supplementary Table 1,3028,MG1655,2599906,2600478
rseC:2707322-2707801:-,rseC,NC_000913.3,2707321,2707801,-,480,Supplementary Table 1,3029,MG1655,2707322,2707801
yhaB:3267854-3268393:+,yhaB,NC_000913.3,3267853,3268393,+,540,Supplementary Table 1,3030,MG1655,3267854,3268393
aaeA:3388194-3389126:-,aaeA,NC_000913.3,3388193,3389126,-,933,Supplementary Table 1,3031,MG1655,3388194,3389126
potH:896134-897087:+,potH,NC_000913.3,896133,897087,+,954,Supplementary Table 1,3032,MG1655,896134,897087
lgt:2965162-2966037:-,lgt,NC_000913.3,2965161,2966037,-,876,Supplementary Table 1,3033,MG1655,2965162,2966037
galM:787797-788837:-,galM,NC_000913.3,787796,788837,-,1041,Supplementary Table 1,3034,MG1655,787797,788837
gspK:3462924-3463907:+,gspK,NC_000913.3,3462923,3463907,+,984,Supplementary Table 1,3035,MG1655,3462924,3463907
ydiJ:1765629-1768685:-,ydiJ,NC_000913.3,1765628,1768685,-,3057,Supplementary Table 1,3036,MG1655,1765629,1768685
mutH:2969662-2970351:+,mutH,NC_000913.3,2969661,2970351,+,690,Supplementary Table 1,3037,MG1655,2969662,2970351
ykfF:265304-265543:-,ykfF,NC_000913.3,265303,265543,-,240,Supplementary Table 1,3038,MG1655,265304,265543
hipA:1590854-1592176:-,hipA,NC_000913.3,1590853,1592176,-,1323,Supplementary Table 1,3039,MG1655,1590854,1592176
lpoA:3293400-3295436:+,lpoA,NC_000913.3,3293399,3295436,+,2037,Supplementary Table 1,3040,MG1655,3293400,3295436
nuoH:2396465-2397442:-,nuoH,NC_000913.3,2396464,2397442,-,978,Supplementary Table 1,3041,MG1655,2396465,2397442
frdB:4379783-4380517:-,frdB,NC_000913.3,4379782,4380517,-,735,Supplementary Table 1,3042,MG1655,4379783,4380517
ynfK:1666524-1667219:-,ynfK,NC_000913.3,1666523,1667219,-,696,Supplementary Table 1,3043,MG1655,1666524,1667219
norV:2832476-2833915:+,norV,NC_000913.3,2832475,2833915,+,1440,Supplementary Table 1,3044,MG1655,2832476,2833915
caiT:40417-41931:-,caiT,NC_000913.3,40416,41931,-,1515,Supplementary Table 1,3045,MG1655,40417,41931
ccmD:2295377-2295586:-,ccmD,NC_000913.3,2295376,2295586,-,210,Supplementary Table 1,3046,MG1655,2295377,2295586
entS:622300-623550:+,entS,NC_000913.3,622299,623550,+,1251,Supplementary Table 1,3047,MG1655,622300,623550
yiaD:3716547-3717206:+,yiaD,NC_000913.3,3716546,3717206,+,660,Supplementary Table 1,3048,MG1655,3716547,3717206
phoR:417889-419184:+,phoR,NC_000913.3,417888,419184,+,1296,Supplementary Table 1,3049,MG1655,417889,419184
ygbM:2864236-2865012:+,ygbM,NC_000913.3,2864235,2865012,+,777,Supplementary Table 1,3050,MG1655,2864236,2865012
prmB:2447508-2448440:-,prmB,NC_000913.3,2447507,2448440,-,933,Supplementary Table 1,3051,MG1655,2447508,2448440
lsrR:1600288-1601241:-,lsrR,NC_000913.3,1600287,1601241,-,954,Supplementary Table 1,3052,MG1655,1600288,1601241
valS:4480982-4483837:-,valS,NC_000913.3,4480981,4483837,-,2856,Supplementary Table 1,3053,MG1655,4480982,4483837
iadA:4558354-4559526:-,iadA,NC_000913.3,4558353,4559526,-,1173,Supplementary Table 1,3054,MG1655,4558354,4559526
nrfC:4289808-4290479:+,nrfC,NC_000913.3,4289807,4290479,+,672,Supplementary Table 1,3055,MG1655,4289808,4290479
eutA:2565481-2566884:-,eutA,NC_000913.3,2565480,2566884,-,1404,Supplementary Table 1,3056,MG1655,2565481,2566884
hokD:1645119-1645274:-,hokD,NC_000913.3,1645118,1645274,-,156,Supplementary Table 1,3057,MG1655,1645119,1645274
ulaF:4423700-4424386:+,ulaF,NC_000913.3,4423699,4424386,+,687,Supplementary Table 1,3058,MG1655,4423700,4424386
metC:3152236-3153423:+,metC,NC_000913.3,3152235,3153423,+,1188,Supplementary Table 1,3059,MG1655,3152236,3153423
ybiV:859213-860028:-,ybiV,NC_000913.3,859212,860028,-,816,Supplementary Table 1,3060,MG1655,859213,860028
hemL:173602-174882:-,hemL,NC_000913.3,173601,174882,-,1281,Supplementary Table 1,3061,MG1655,173602,174882
djlA:57364-58179:+,djlA,NC_000913.3,57363,58179,+,816,Supplementary Table 1,3062,MG1655,57364,58179
luxS:2814218-2814733:-,luxS,NC_000913.3,2814217,2814733,-,516,Supplementary Table 1,3063,MG1655,2814218,2814733
gltD:3359198-3360616:+,gltD,NC_000913.3,3359197,3360616,+,1419,Supplementary Table 1,3064,MG1655,3359198,3360616
yaiL:376772-377311:+,yaiL,NC_000913.3,376771,377311,+,540,Supplementary Table 1,3065,MG1655,376772,377311
pth:1257929-1258513:-,pth,NC_000913.3,1257928,1258513,-,585,Supplementary Table 1,3066,MG1655,1257929,1258513
cheW:1972836-1973339:-,cheW,NC_000913.3,1972835,1973339,-,504,Supplementary Table 1,3067,MG1655,1972836,1973339
folC:2431674-2432942:-,folC,NC_000913.3,2431673,2432942,-,1269,Supplementary Table 1,3068,MG1655,2431674,2432942
pspG:4262840-4263082:+,pspG,NC_000913.3,4262839,4263082,+,243,Supplementary Table 1,3069,MG1655,4262840,4263082
yagJ:291404-292231:+,yagJ,NC_000913.3,291403,292231,+,828,Supplementary Table 1,3070,MG1655,291404,292231
kbaY:3283143-3284003:+,kbaY,NC_000913.3,3283142,3284003,+,861,Supplementary Table 1,3071,MG1655,3283143,3284003
paaY:1464471-1465061:+,paaY,NC_000913.3,1464470,1465061,+,591,Supplementary Table 1,3072,MG1655,1464471,1465061
perR:269289-270182:-,perR,NC_000913.3,269288,270182,-,894,Supplementary Table 1,3073,MG1655,269289,270182
ptsG:1157869-1159302:+,ptsG,NC_000913.3,1157868,1159302,+,1434,Supplementary Table 1,3074,MG1655,1157869,1159302
yecC:1997062-1997814:-,yecC,NC_000913.3,1997061,1997814,-,753,Supplementary Table 1,3075,MG1655,1997062,1997814
yafX:264748-265206:-,yafX,NC_000913.3,264747,265206,-,459,Supplementary Table 1,3076,MG1655,264748,265206
abgR:1404741-1405649:+,abgR,NC_000913.3,1404740,1405649,+,909,Supplementary Table 1,3077,MG1655,1404741,1405649
cheY:1967048-1967437:-,cheY,NC_000913.3,1967047,1967437,-,390,Supplementary Table 1,3078,MG1655,1967048,1967437
ilvX:3950507-3950557:+,ilvX,NC_000913.3,3950506,3950557,+,51,Supplementary Table 1,3079,MG1655,3950507,3950557
nhoA:1534024-1534869:+,nhoA,NC_000913.3,1534023,1534869,+,846,Supplementary Table 1,3080,MG1655,1534024,1534869
rimL:1498938-1499477:+,rimL,NC_000913.3,1498937,1499477,+,540,Supplementary Table 1,3081,MG1655,1498938,1499477
gnsB:1637609-1637782:-,gnsB,NC_000913.3,1637608,1637782,-,174,Supplementary Table 1,3082,MG1655,1637609,1637782
ttdA:3206463-3207374:+,ttdA,NC_000913.3,3206462,3207374,+,912,Supplementary Table 1,3083,MG1655,3206463,3207374
frmB:377535-378368:-,frmB,NC_000913.3,377534,378368,-,834,Supplementary Table 1,3084,MG1655,377535,378368
hisI:2096614-2097225:+,hisI,NC_000913.3,2096613,2097225,+,612,Supplementary Table 1,3085,MG1655,2096614,2097225
otsB:1981587-1982387:-,otsB,NC_000913.3,1981586,1982387,-,801,Supplementary Table 1,3086,MG1655,1981587,1982387
aaaD:581354-581662:+,aaaD,NC_000913.3,581353,581662,+,309,Supplementary Table 1,3087,MG1655,581354,581662
yoaF:1877278-1877532:-,yoaF,NC_000913.3,1877277,1877532,-,255,Supplementary Table 1,3088,MG1655,1877278,1877532
yhbP:3299472-3299915:-,yhbP,NC_000913.3,3299471,3299915,-,444,Supplementary Table 1,3089,MG1655,3299472,3299915
paaX:1463539-1464489:+,paaX,NC_000913.3,1463538,1464489,+,951,Supplementary Table 1,3090,MG1655,1463539,1464489
pdxY:1715026-1715889:-,pdxY,NC_000913.3,1715025,1715889,-,864,Supplementary Table 1,3091,MG1655,1715026,1715889
yjiE:4557378-4558289:-,yjiE,NC_000913.3,4557377,4558289,-,912,Supplementary Table 1,3092,MG1655,4557378,4558289
hybB:3142986-3144164:-,hybB,NC_000913.3,3142985,3144164,-,1179,Supplementary Table 1,3093,MG1655,3142986,3144164
narW:1536614-1537309:-,narW,NC_000913.3,1536613,1537309,-,696,Supplementary Table 1,3094,MG1655,1536614,1537309
hybO:3145143-3146261:-,hybO,NC_000913.3,3145142,3146261,-,1119,Supplementary Table 1,3095,MG1655,3145143,3146261
nuoF:2400218-2401555:-,nuoF,NC_000913.3,2400217,2401555,-,1338,Supplementary Table 1,3096,MG1655,2400218,2401555
ybdJ:605951-606199:-,ybdJ,NC_000913.3,605950,606199,-,249,Supplementary Table 1,3097,MG1655,605951,606199
rpsC:3449182-3449883:-,rpsC,NC_000913.3,3449181,3449883,-,702,Supplementary Table 1,3098,MG1655,3449182,3449883
gldA:4137932-4139035:-,gldA,NC_000913.3,4137931,4139035,-,1104,Supplementary Table 1,3099,MG1655,4137932,4139035
acuI:3403484-3404458:+,acuI,NC_000913.3,3403483,3404458,+,975,Supplementary Table 1,3100,MG1655,3403484,3404458
alaU:3426958-3427033:-,alaU,NC_000913.3,3426957,3427033,-,76,Supplementary Table 1,3101,MG1655,3426958,3427033
yciT:1343597-1344346:-,yciT,NC_000913.3,1343596,1344346,-,750,Supplementary Table 1,3102,MG1655,1343597,1344346
lpxT:2268854-2269567:+,lpxT,NC_000913.3,2268853,2269567,+,714,Supplementary Table 1,3103,MG1655,2268854,2269567
eutM:2572157-2572450:-,eutM,NC_000913.3,2572156,2572450,-,294,Supplementary Table 1,3104,MG1655,2572157,2572450
nmpC:575786-576825:-,nmpC,NC_000913.3,575785,576825,-,1040,Supplementary Table 1,3105,MG1655,575786,576825
nmpC:574529-574586:-,nmpC,NC_000913.3,574528,574586,-,58,Supplementary Table 1,3106,MG1655,574529,574586
ytjC:4633797-4634444:+,ytjC,NC_000913.3,4633796,4634444,+,648,Supplementary Table 1,3107,MG1655,4633797,4634444
mepA:2445560-2446384:-,mepA,NC_000913.3,2445559,2446384,-,825,Supplementary Table 1,3108,MG1655,2445560,2446384
rybB:887976-888054:-,rybB,NC_000913.3,887975,888054,-,79,Supplementary Table 1,3109,MG1655,887976,888054
dbpA:1409511-1410884:+,dbpA,NC_000913.3,1409510,1410884,+,1374,Supplementary Table 1,3110,MG1655,1409511,1410884
gph:3513631-3514389:-,gph,NC_000913.3,3513630,3514389,-,759,Supplementary Table 1,3111,MG1655,3513631,3514389
metF:4132616-4133506:+,metF,NC_000913.3,4132615,4133506,+,891,Supplementary Table 1,3112,MG1655,4132616,4133506
yajI:432312-432851:-,yajI,NC_000913.3,432311,432851,-,540,Supplementary Table 1,3113,MG1655,432312,432851
yjcO:4296436-4297125:-,yjcO,NC_000913.3,4296435,4297125,-,690,Supplementary Table 1,3114,MG1655,4296436,4297125
ykfC:272847-273954:+,ykfC,NC_000913.3,272846,273954,+,1108,Supplementary Table 1,3115,MG1655,272847,273954
slyA:1720390-1720824:-,slyA,NC_000913.3,1720389,1720824,-,435,Supplementary Table 1,3116,MG1655,1720390,1720824
insM:4508676-4508942:-,insM,NC_000913.3,4508675,4508942,-,267,Supplementary Table 1,3117,MG1655,4508676,4508942
yedN:2011223-2012351:-,yedN,NC_000913.3,2011222,2012351,-,1129,Supplementary Table 1,3118,MG1655,2011223,2012351
fur:710200-710646:-,fur,NC_000913.3,710199,710646,-,447,Supplementary Table 1,3119,MG1655,710200,710646
ygdI:2942918-2943145:-,ygdI,NC_000913.3,2942917,2943145,-,228,Supplementary Table 1,3120,MG1655,2942918,2943145
rlpA:664102-665190:-,rlpA,NC_000913.3,664101,665190,-,1089,Supplementary Table 1,3121,MG1655,664102,665190
lysS:3033657-3035174:-,lysS,NC_000913.3,3033656,3035174,-,1518,Supplementary Table 1,3122,MG1655,3033657,3035174
rutC:1071773-1072159:-,rutC,NC_000913.3,1071772,1072159,-,387,Supplementary Table 1,3123,MG1655,1071773,1072159
yabI:71351-72115:+,yabI,NC_000913.3,71350,72115,+,765,Supplementary Table 1,3124,MG1655,71351,72115
feaB:1447519-1449018:+,feaB,NC_000913.3,1447518,1449018,+,1500,Supplementary Table 1,3125,MG1655,1447519,1449018
ugpE:3589182-3590027:-,ugpE,NC_000913.3,3589181,3590027,-,846,Supplementary Table 1,3126,MG1655,3589182,3590027
matP:1018485-1018937:+,matP,NC_000913.3,1018484,1018937,+,453,Supplementary Table 1,3127,MG1655,1018485,1018937
marC:1618243-1618908:-,marC,NC_000913.3,1618242,1618908,-,666,Supplementary Table 1,3128,MG1655,1618243,1618908
ampC:4377811-4378944:-,ampC,NC_000913.3,4377810,4378944,-,1134,Supplementary Table 1,3129,MG1655,4377811,4378944
envZ:3534516-3535868:-,envZ,NC_000913.3,3534515,3535868,-,1353,Supplementary Table 1,3130,MG1655,3534516,3535868
bfr:3466249-3466725:-,bfr,NC_000913.3,3466248,3466725,-,477,Supplementary Table 1,3131,MG1655,3466249,3466725
fryA:2501990-2504485:-,fryA,NC_000913.3,2501989,2504485,-,2496,Supplementary Table 1,3132,MG1655,2501990,2504485
ypdC:2501130-2501987:+,ypdC,NC_000913.3,2501129,2501987,+,858,Supplementary Table 1,3133,MG1655,2501130,2501987
nikD:3617015-3617779:+,nikD,NC_000913.3,3617014,3617779,+,765,Supplementary Table 1,3134,MG1655,3617015,3617779
yoaH:1894552-1894731:-,yoaH,NC_000913.3,1894551,1894731,-,180,Supplementary Table 1,3135,MG1655,1894552,1894731
pdxJ:2700998-2701729:-,pdxJ,NC_000913.3,2700997,2701729,-,732,Supplementary Table 1,3136,MG1655,2700998,2701729
ycgN:1228815-1229276:+,ycgN,NC_000913.3,1228814,1229276,+,462,Supplementary Table 1,3137,MG1655,1228815,1229276
ghrB:3717310-3718284:+,ghrB,NC_000913.3,3717309,3718284,+,975,Supplementary Table 1,3138,MG1655,3717310,3718284
ycbK:983075-983623:+,ycbK,NC_000913.3,983074,983623,+,549,Supplementary Table 1,3139,MG1655,983075,983623
yfbS:2409520-2411352:-,yfbS,NC_000913.3,2409519,2411352,-,1833,Supplementary Table 1,3140,MG1655,2409520,2411352
ygiF:3199664-3200965:-,ygiF,NC_000913.3,3199663,3200965,-,1302,Supplementary Table 1,3141,MG1655,3199664,3200965
dcuD:3374869-3376236:+,dcuD,NC_000913.3,3374868,3376236,+,1368,Supplementary Table 1,3142,MG1655,3374869,3376236
yfdC:2465301-2466233:+,yfdC,NC_000913.3,2465300,2466233,+,933,Supplementary Table 1,3143,MG1655,2465301,2466233
yhgE:3530715-3532439:-,yhgE,NC_000913.3,3530714,3532439,-,1725,Supplementary Table 1,3144,MG1655,3530715,3532439
phnD:4323336-4324352:-,phnD,NC_000913.3,4323335,4324352,-,1017,Supplementary Table 1,3145,MG1655,4323336,4324352
tdcR:3267380-3267598:+,tdcR,NC_000913.3,3267379,3267598,+,219,Supplementary Table 1,3146,MG1655,3267380,3267598
yejA:2272364-2274178:+,yejA,NC_000913.3,2272363,2274178,+,1815,Supplementary Table 1,3147,MG1655,2272364,2274178
hyaF:1036749-1037606:+,hyaF,NC_000913.3,1036748,1037606,+,858,Supplementary Table 1,3148,MG1655,1036749,1037606
pliG:1227071-1227472:-,pliG,NC_000913.3,1227070,1227472,-,402,Supplementary Table 1,3149,MG1655,1227071,1227472
ybfP:715412-715906:+,ybfP,NC_000913.3,715411,715906,+,495,Supplementary Table 1,3150,MG1655,715412,715906
tar:1971030-1972691:-,tar,NC_000913.3,1971029,1972691,-,1662,Supplementary Table 1,3151,MG1655,1971030,1972691
sdhA:755907-757673:+,sdhA,NC_000913.3,755906,757673,+,1767,Supplementary Table 1,3152,MG1655,755907,757673
ycjG:1388930-1389895:+,ycjG,NC_000913.3,1388929,1389895,+,966,Supplementary Table 1,3153,MG1655,1388930,1389895
yhhH:3623399-3623782:+,yhhH,NC_000913.3,3623398,3623782,+,384,Supplementary Table 1,3154,MG1655,3623399,3623782
phnM:4316082-4317218:-,phnM,NC_000913.3,4316081,4317218,-,1137,Supplementary Table 1,3155,MG1655,4316082,4317218
murC:100765-102240:+,murC,NC_000913.3,100764,102240,+,1476,Supplementary Table 1,3156,MG1655,100765,102240
yahN:345666-346337:-,yahN,NC_000913.3,345665,346337,-,672,Supplementary Table 1,3157,MG1655,345666,346337
ybhL:819884-820588:+,ybhL,NC_000913.3,819883,820588,+,705,Supplementary Table 1,3158,MG1655,819884,820588
thiP:72911-74521:-,thiP,NC_000913.3,72910,74521,-,1611,Supplementary Table 1,3159,MG1655,72911,74521
yedK:2009821-2010489:+,yedK,NC_000913.3,2009820,2010489,+,669,Supplementary Table 1,3160,MG1655,2009821,2010489
cysW:2540804-2541679:-,cysW,NC_000913.3,2540803,2541679,-,876,Supplementary Table 1,3161,MG1655,2540804,2541679
frlR:3504052-3504783:+,frlR,NC_000913.3,3504051,3504783,+,732,Supplementary Table 1,3162,MG1655,3504052,3504783
ydcH:1498651-1498875:+,ydcH,NC_000913.3,1498650,1498875,+,225,Supplementary Table 1,3163,MG1655,1498651,1498875
ygcQ:2894919-2895779:-,ygcQ,NC_000913.3,2894918,2895779,-,861,Supplementary Table 1,3164,MG1655,2894919,2895779
hinT:1161885-1162244:+,hinT,NC_000913.3,1161884,1162244,+,360,Supplementary Table 1,3165,MG1655,1161885,1162244
ydaE:1417838-1418008:-,ydaE,NC_000913.3,1417837,1418008,-,171,Supplementary Table 1,3166,MG1655,1417838,1418008
frwD:4147138-4147479:+,frwD,NC_000913.3,4147137,4147479,+,342,Supplementary Table 1,3167,MG1655,4147138,4147479
dcp:1625335-1627380:-,dcp,NC_000913.3,1625334,1627380,-,2046,Supplementary Table 1,3168,MG1655,1625335,1627380
nuoB:2403951-2404613:-,nuoB,NC_000913.3,2403950,2404613,-,663,Supplementary Table 1,3169,MG1655,2403951,2404613
ynjB:1836073-1837239:+,ynjB,NC_000913.3,1836072,1837239,+,1167,Supplementary Table 1,3170,MG1655,1836073,1837239
exuT:3245104-3246522:+,exuT,NC_000913.3,3245103,3246522,+,1419,Supplementary Table 1,3171,MG1655,3245104,3246522
fsaA:863642-864304:+,fsaA,NC_000913.3,863641,864304,+,663,Supplementary Table 1,3172,MG1655,863642,864304
uspE:1397672-1398622:-,uspE,NC_000913.3,1397671,1398622,-,951,Supplementary Table 1,3173,MG1655,1397672,1398622
hypB:2851001-2851873:+,hypB,NC_000913.3,2851000,2851873,+,873,Supplementary Table 1,3174,MG1655,2851001,2851873
lpp:1757421-1757657:+,lpp,NC_000913.3,1757420,1757657,+,237,Supplementary Table 1,3175,MG1655,1757421,1757657
uidR:1696462-1697052:-,uidR,NC_000913.3,1696461,1697052,-,591,Supplementary Table 1,3176,MG1655,1696462,1697052
ydaS:1420365-1420661:+,ydaS,NC_000913.3,1420364,1420661,+,297,Supplementary Table 1,3177,MG1655,1420365,1420661
rspA:1653927-1655141:-,rspA,NC_000913.3,1653926,1655141,-,1215,Supplementary Table 1,3178,MG1655,1653927,1655141
rtcR:3558268-3559866:+,rtcR,NC_000913.3,3558267,3559866,+,1599,Supplementary Table 1,3179,MG1655,3558268,3559866
yijF:4137040-4137657:-,yijF,NC_000913.3,4137039,4137657,-,618,Supplementary Table 1,3180,MG1655,4137040,4137657
yqjE:3249683-3250087:+,yqjE,NC_000913.3,3249682,3250087,+,405,Supplementary Table 1,3181,MG1655,3249683,3250087
hyfJ:2611457-2611870:+,hyfJ,NC_000913.3,2611456,2611870,+,414,Supplementary Table 1,3182,MG1655,2611457,2611870
mhpC:371239-372105:+,mhpC,NC_000913.3,371238,372105,+,867,Supplementary Table 1,3183,MG1655,371239,372105
yciQ:1324746-1326641:+,yciQ,NC_000913.3,1324745,1326641,+,1896,Supplementary Table 1,3184,MG1655,1324746,1326641
yfcD:2418634-2419176:-,yfcD,NC_000913.3,2418633,2419176,-,543,Supplementary Table 1,3185,MG1655,2418634,2419176
lolC:1175427-1176626:+,lolC,NC_000913.3,1175426,1176626,+,1200,Supplementary Table 1,3186,MG1655,1175427,1176626
pstB:3907593-3908366:-,pstB,NC_000913.3,3907592,3908366,-,774,Supplementary Table 1,3187,MG1655,3907593,3908366
aroG:785633-786685:+,aroG,NC_000913.3,785632,786685,+,1053,Supplementary Table 1,3188,MG1655,785633,786685
kduI:2983288-2984124:-,kduI,NC_000913.3,2983287,2984124,-,837,Supplementary Table 1,3189,MG1655,2983288,2984124
mepH:1734435-1735250:+,mepH,NC_000913.3,1734434,1735250,+,816,Supplementary Table 1,3190,MG1655,1734435,1735250
ssuE:996937-997512:-,ssuE,NC_000913.3,996936,997512,-,576,Supplementary Table 1,3191,MG1655,996937,997512
tus:1684259-1685188:+,tus,NC_000913.3,1684258,1685188,+,930,Supplementary Table 1,3192,MG1655,1684259,1685188
insG:4502103-4503431:-,insG,NC_000913.3,4502102,4503431,-,1329,Supplementary Table 1,3193,MG1655,4502103,4503431
yfdN:2472387-2472881:-,yfdN,NC_000913.3,2472386,2472881,-,495,Supplementary Table 1,3194,MG1655,2472387,2472881
hycD:2846489-2847412:-,hycD,NC_000913.3,2846488,2847412,-,924,Supplementary Table 1,3195,MG1655,2846489,2847412
rrlA:4037519-4040423:+,rrlA,NC_000913.3,4037518,4040423,+,2905,Supplementary Table 1,3196,MG1655,4037519,4040423
rydB:1764713-1764780:-,rydB,NC_000913.3,1764712,1764780,-,68,Supplementary Table 1,3197,MG1655,1764713,1764780
dsdX:2477847-2479184:+,dsdX,NC_000913.3,2477846,2479184,+,1338,Supplementary Table 1,3198,MG1655,2477847,2479184
uxaB:1609229-1610680:-,uxaB,NC_000913.3,1609228,1610680,-,1452,Supplementary Table 1,3199,MG1655,1609229,1610680
ruvC:1946855-1947376:-,ruvC,NC_000913.3,1946854,1947376,-,522,Supplementary Table 1,3200,MG1655,1946855,1947376
rrfB:4171637-4171756:+,rrfB,NC_000913.3,4171636,4171756,+,120,Supplementary Table 1,3201,MG1655,4171637,4171756
sanA:2232878-2233597:+,sanA,NC_000913.3,2232877,2233597,+,720,Supplementary Table 1,3202,MG1655,2232878,2233597
hscB:2658952-2659467:-,hscB,NC_000913.3,2658951,2659467,-,516,Supplementary Table 1,3203,MG1655,2658952,2659467
fkpA:3476607-3477419:-,fkpA,NC_000913.3,3476606,3477419,-,813,Supplementary Table 1,3204,MG1655,3476607,3477419
yjjZ:4605804-4606040:+,yjjZ,NC_000913.3,4605803,4606040,+,237,Supplementary Table 1,3205,MG1655,4605804,4606040
loiP:3081913-3082671:+,loiP,NC_000913.3,3081912,3082671,+,759,Supplementary Table 1,3206,MG1655,3081913,3082671
ykfA:268097-268960:-,ykfA,NC_000913.3,268096,268960,-,864,Supplementary Table 1,3207,MG1655,268097,268960
hemF:2553225-2554124:+,hemF,NC_000913.3,2553224,2554124,+,900,Supplementary Table 1,3208,MG1655,2553225,2554124
yqaE:2796870-2797028:-,yqaE,NC_000913.3,2796869,2797028,-,159,Supplementary Table 1,3209,MG1655,2796870,2797028
dnaC:4600238-4600975:-,dnaC,NC_000913.3,4600237,4600975,-,738,Supplementary Table 1,3210,MG1655,4600238,4600975
argR:3384703-3385173:+,argR,NC_000913.3,3384702,3385173,+,471,Supplementary Table 1,3211,MG1655,3384703,3385173
dicF:1649382-1649434:+,dicF,NC_000913.3,1649381,1649434,+,53,Supplementary Table 1,3212,MG1655,1649382,1649434
ybeM:658031-658818:+,ybeM,NC_000913.3,658030,658818,+,788,Supplementary Table 1,3213,MG1655,658031,658818
yfjZ:2777115-2777432:+,yfjZ,NC_000913.3,2777114,2777432,+,318,Supplementary Table 1,3214,MG1655,2777115,2777432
waaC:3795979-3796938:+,waaC,NC_000913.3,3795978,3796938,+,960,Supplementary Table 1,3215,MG1655,3795979,3796938
pgl:798586-799581:+,pgl,NC_000913.3,798585,799581,+,996,Supplementary Table 1,3216,MG1655,798586,799581
ykfH:264026-264247:-,ykfH,NC_000913.3,264025,264247,-,222,Supplementary Table 1,3217,MG1655,264026,264247
micA:2814802-2814879:+,micA,NC_000913.3,2814801,2814879,+,78,Supplementary Table 1,3218,MG1655,2814802,2814879
sspA:3376782-3377420:-,sspA,NC_000913.3,3376781,3377420,-,639,Supplementary Table 1,3219,MG1655,3376782,3377420
yegD:2147674-2149026:+,yegD,NC_000913.3,2147673,2149026,+,1353,Supplementary Table 1,3220,MG1655,2147674,2149026
rrsD:3427221-3428762:-,rrsD,NC_000913.3,3427220,3428762,-,1542,Supplementary Table 1,3221,MG1655,3427221,3428762
tolR:775849-776277:+,tolR,NC_000913.3,775848,776277,+,429,Supplementary Table 1,3222,MG1655,775849,776277
dinF:4257742-4259121:+,dinF,NC_000913.3,4257741,4259121,+,1380,Supplementary Table 1,3223,MG1655,4257742,4259121
xdhA:3000345-3002603:+,xdhA,NC_000913.3,3000344,3002603,+,2259,Supplementary Table 1,3224,MG1655,3000345,3002603
yhhW:3578950-3579645:-,yhhW,NC_000913.3,3578949,3579645,-,696,Supplementary Table 1,3225,MG1655,3578950,3579645
accC:3405917-3407266:+,accC,NC_000913.3,3405916,3407266,+,1350,Supplementary Table 1,3226,MG1655,3405917,3407266
mltA:2946081-2947178:-,mltA,NC_000913.3,2946080,2947178,-,1098,Supplementary Table 1,3227,MG1655,2946081,2947178
phnG:4321244-4321696:-,phnG,NC_000913.3,4321243,4321696,-,453,Supplementary Table 1,3228,MG1655,4321244,4321696
yebV:1921780-1922016:+,yebV,NC_000913.3,1921779,1922016,+,237,Supplementary Table 1,3229,MG1655,1921780,1922016
yfgF:2626695-2628938:-,yfgF,NC_000913.3,2626694,2628938,-,2244,Supplementary Table 1,3230,MG1655,2626695,2628938
yfiF:2717491-2718528:-,yfiF,NC_000913.3,2717490,2718528,-,1038,Supplementary Table 1,3231,MG1655,2717491,2718528
ynfO:1636756-1636989:+,ynfO,NC_000913.3,1636755,1636989,+,234,Supplementary Table 1,3232,MG1655,1636756,1636989
yhaH:3252304-3252669:+,yhaH,NC_000913.3,3252303,3252669,+,366,Supplementary Table 1,3233,MG1655,3252304,3252669
cysS:554611-555996:+,cysS,NC_000913.3,554610,555996,+,1386,Supplementary Table 1,3234,MG1655,554611,555996
dcuA:4365472-4366773:-,dcuA,NC_000913.3,4365471,4366773,-,1302,Supplementary Table 1,3235,MG1655,4365472,4366773
hldE:3195320-3196753:-,hldE,NC_000913.3,3195319,3196753,-,1434,Supplementary Table 1,3236,MG1655,3195320,3196753
mdtA:2154016-2155263:+,mdtA,NC_000913.3,2154015,2155263,+,1248,Supplementary Table 1,3237,MG1655,2154016,2155263
phnN:4315525-4316082:-,phnN,NC_000913.3,4315524,4316082,-,558,Supplementary Table 1,3238,MG1655,4315525,4316082
hyfC:2603847-2604794:+,hyfC,NC_000913.3,2603846,2604794,+,948,Supplementary Table 1,3239,MG1655,2603847,2604794
malZ:422518-424332:+,malZ,NC_000913.3,422517,424332,+,1815,Supplementary Table 1,3240,MG1655,422518,424332
paaK:1462125-1463438:+,paaK,NC_000913.3,1462124,1463438,+,1314,Supplementary Table 1,3241,MG1655,1462125,1463438
ddpB:1559907-1560929:-,ddpB,NC_000913.3,1559906,1560929,-,1023,Supplementary Table 1,3242,MG1655,1559907,1560929
dhaR:1251066-1252985:+,dhaR,NC_000913.3,1251065,1252985,+,1920,Supplementary Table 1,3243,MG1655,1251066,1252985
yjhY:4532050-4532310:-,yjhY,NC_000913.3,4532049,4532310,-,261,Supplementary Table 1,3244,MG1655,4532050,4532310
fusA:3471400-3473514:-,fusA,NC_000913.3,3471399,3473514,-,2115,Supplementary Table 1,3245,MG1655,3471400,3473514
ydcZ:1517882-1518331:-,ydcZ,NC_000913.3,1517881,1518331,-,450,Supplementary Table 1,3246,MG1655,1517882,1518331
acrR:485761-486408:+,acrR,NC_000913.3,485760,486408,+,648,Supplementary Table 1,3247,MG1655,485761,486408
rrsH:223771-225312:+,rrsH,NC_000913.3,223770,225312,+,1542,Supplementary Table 1,3248,MG1655,223771,225312
ygaV:2797211-2797510:+,ygaV,NC_000913.3,2797210,2797510,+,300,Supplementary Table 1,3249,MG1655,2797211,2797510
aidB:4414275-4415900:+,aidB,NC_000913.3,4414274,4415900,+,1626,Supplementary Table 1,3250,MG1655,4414275,4415900
cybB:1490902-1491432:+,cybB,NC_000913.3,1490901,1491432,+,531,Supplementary Table 1,3251,MG1655,1490902,1491432
yjdF:4344929-4345558:-,yjdF,NC_000913.3,4344928,4345558,-,630,Supplementary Table 1,3252,MG1655,4344929,4345558
rimK:891967-892869:+,rimK,NC_000913.3,891966,892869,+,903,Supplementary Table 1,3253,MG1655,891967,892869
yjbL:4260321-4260575:+,yjbL,NC_000913.3,4260320,4260575,+,255,Supplementary Table 1,3254,MG1655,4260321,4260575
wzxB:2108337-2109584:-,wzxB,NC_000913.3,2108336,2109584,-,1248,Supplementary Table 1,3255,MG1655,2108337,2109584
selD:1846965-1848008:-,selD,NC_000913.3,1846964,1848008,-,1044,Supplementary Table 1,3256,MG1655,1846965,1848008
tfaQ:1634310-1634885:-,tfaQ,NC_000913.3,1634309,1634885,-,576,Supplementary Table 1,3257,MG1655,1634310,1634885
ycdX:1098879-1099616:+,ycdX,NC_000913.3,1098878,1099616,+,738,Supplementary Table 1,3258,MG1655,1098879,1099616
aroM:407428-408105:+,aroM,NC_000913.3,407427,408105,+,678,Supplementary Table 1,3259,MG1655,407428,408105
lacI:366428-367510:-,lacI,NC_000913.3,366427,367510,-,1083,Supplementary Table 1,3260,MG1655,366428,367510
yhaO:3256679-3258010:-,yhaO,NC_000913.3,3256678,3258010,-,1332,Supplementary Table 1,3261,MG1655,3256679,3258010
guaB:2632604-2634070:-,guaB,NC_000913.3,2632603,2634070,-,1467,Supplementary Table 1,3262,MG1655,2632604,2634070
hspQ:1028404-1028721:-,hspQ,NC_000913.3,1028403,1028721,-,318,Supplementary Table 1,3263,MG1655,1028404,1028721
rlmH:668248-668715:-,rlmH,NC_000913.3,668247,668715,-,468,Supplementary Table 1,3264,MG1655,668248,668715
ygbL:2863593-2864231:+,ygbL,NC_000913.3,2863592,2864231,+,639,Supplementary Table 1,3265,MG1655,2863593,2864231
fucU:2938888-2939310:+,fucU,NC_000913.3,2938887,2939310,+,423,Supplementary Table 1,3266,MG1655,2938888,2939310
fadD:1888061-1889746:-,fadD,NC_000913.3,1888060,1889746,-,1686,Supplementary Table 1,3267,MG1655,1888061,1889746
yqeA:3011461-3012393:+,yqeA,NC_000913.3,3011460,3012393,+,933,Supplementary Table 1,3268,MG1655,3011461,3012393
aroK:3518543-3519064:-,aroK,NC_000913.3,3518542,3519064,-,522,Supplementary Table 1,3269,MG1655,3518543,3519064
uspB:3639385-3639720:-,uspB,NC_000913.3,3639384,3639720,-,336,Supplementary Table 1,3270,MG1655,3639385,3639720
lpxC:106557-107474:+,lpxC,NC_000913.3,106556,107474,+,918,Supplementary Table 1,3271,MG1655,106557,107474
sdhD:755560-755907:+,sdhD,NC_000913.3,755559,755907,+,348,Supplementary Table 1,3272,MG1655,755560,755907
mrdB:665201-666313:-,mrdB,NC_000913.3,665200,666313,-,1113,Supplementary Table 1,3273,MG1655,665201,666313
fepC:619384-620199:-,fepC,NC_000913.3,619383,620199,-,816,Supplementary Table 1,3274,MG1655,619384,620199
gltP:4294481-4295794:+,gltP,NC_000913.3,4294480,4295794,+,1314,Supplementary Table 1,3275,MG1655,4294481,4295794
ycaO:954872-956632:-,ycaO,NC_000913.3,954871,956632,-,1761,Supplementary Table 1,3276,MG1655,954872,956632
ptwF:297206-297254:+,ptwF,NC_000913.3,297205,297254,+,49,Supplementary Table 1,3277,MG1655,297206,297254
ydhK:1722121-1724133:+,ydhK,NC_000913.3,1722120,1724133,+,2013,Supplementary Table 1,3278,MG1655,1722121,1724133
lplT:2972669-2973862:-,lplT,NC_000913.3,2972668,2973862,-,1194,Supplementary Table 1,3279,MG1655,2972669,2973862
ybiI:838190-838456:-,ybiI,NC_000913.3,838189,838456,-,267,Supplementary Table 1,3280,MG1655,838190,838456
gltI:686839-687747:-,gltI,NC_000913.3,686838,687747,-,909,Supplementary Table 1,3281,MG1655,686839,687747
yecM:1959280-1959846:-,yecM,NC_000913.3,1959279,1959846,-,567,Supplementary Table 1,3282,MG1655,1959280,1959846
mreC:3398875-3399978:-,mreC,NC_000913.3,3398874,3399978,-,1104,Supplementary Table 1,3283,MG1655,3398875,3399978
ybhR:825002-826108:-,ybhR,NC_000913.3,825001,826108,-,1107,Supplementary Table 1,3284,MG1655,825002,826108
yjjY:4640402-4640542:+,yjjY,NC_000913.3,4640401,4640542,+,141,Supplementary Table 1,3285,MG1655,4640402,4640542
yghX:3146856-3147691:-,yghX,NC_000913.3,3146855,3147691,-,836,Supplementary Table 1,3286,MG1655,3146856,3147691
moaA:817044-818033:+,moaA,NC_000913.3,817043,818033,+,990,Supplementary Table 1,3287,MG1655,817044,818033
efeU:1081356-1082185:+,efeU,NC_000913.3,1081355,1082185,+,830,Supplementary Table 1,3288,MG1655,1081356,1082185
tehA:1500573-1501565:+,tehA,NC_000913.3,1500572,1501565,+,993,Supplementary Table 1,3289,MG1655,1500573,1501565
yraH:3287426-3288010:+,yraH,NC_000913.3,3287425,3288010,+,585,Supplementary Table 1,3290,MG1655,3287426,3288010
fucP:2934235-2935551:+,fucP,NC_000913.3,2934234,2935551,+,1317,Supplementary Table 1,3291,MG1655,2934235,2935551
ddpX:1562495-1563076:-,ddpX,NC_000913.3,1562494,1563076,-,582,Supplementary Table 1,3292,MG1655,1562495,1563076
rplE:3446899-3447438:-,rplE,NC_000913.3,3446898,3447438,-,540,Supplementary Table 1,3293,MG1655,3446899,3447438
ymjA:1357423-1357668:-,ymjA,NC_000913.3,1357422,1357668,-,246,Supplementary Table 1,3294,MG1655,1357423,1357668
ytfT:4452571-4453596:+,ytfT,NC_000913.3,4452570,4453596,+,1026,Supplementary Table 1,3295,MG1655,4452571,4453596
rluB:1326852-1327727:+,rluB,NC_000913.3,1326851,1327727,+,876,Supplementary Table 1,3296,MG1655,1326852,1327727
ogt:1399721-1400236:-,ogt,NC_000913.3,1399720,1400236,-,516,Supplementary Table 1,3297,MG1655,1399721,1400236
yecD:1950832-1951398:+,yecD,NC_000913.3,1950831,1951398,+,567,Supplementary Table 1,3298,MG1655,1950832,1951398
asnS:987585-988985:-,asnS,NC_000913.3,987584,988985,-,1401,Supplementary Table 1,3299,MG1655,987585,988985
pbpC:2645013-2647325:-,pbpC,NC_000913.3,2645012,2647325,-,2313,Supplementary Table 1,3300,MG1655,2645013,2647325
fabB:2440385-2441605:-,fabB,NC_000913.3,2440384,2441605,-,1221,Supplementary Table 1,3301,MG1655,2440385,2441605
yjbQ:4270238-4270654:+,yjbQ,NC_000913.3,4270237,4270654,+,417,Supplementary Table 1,3302,MG1655,4270238,4270654
rrlC:3943704-3946607:+,rrlC,NC_000913.3,3943703,3946607,+,2904,Supplementary Table 1,3303,MG1655,3943704,3946607
ddpA:1560931-1562481:-,ddpA,NC_000913.3,1560930,1562481,-,1551,Supplementary Table 1,3304,MG1655,1560931,1562481
yfbV:2412677-2413132:-,yfbV,NC_000913.3,2412676,2413132,-,456,Supplementary Table 1,3305,MG1655,2412677,2413132
udk:2142307-2142948:-,udk,NC_000913.3,2142306,2142948,-,642,Supplementary Table 1,3306,MG1655,2142307,2142948
nudG:1841490-1841897:+,nudG,NC_000913.3,1841489,1841897,+,408,Supplementary Table 1,3307,MG1655,1841490,1841897
yehC:2190926-2191645:-,yehC,NC_000913.3,2190925,2191645,-,720,Supplementary Table 1,3308,MG1655,2190926,2191645
caiC:36271-37824:-,caiC,NC_000913.3,36270,37824,-,1554,Supplementary Table 1,3309,MG1655,36271,37824
msrA:4441538-4442176:-,msrA,NC_000913.3,4441537,4442176,-,639,Supplementary Table 1,3310,MG1655,4441538,4442176
yhhA:3586943-3587383:+,yhhA,NC_000913.3,3586942,3587383,+,441,Supplementary Table 1,3311,MG1655,3586943,3587383
yfjM:2765513-2765776:-,yfjM,NC_000913.3,2765512,2765776,-,264,Supplementary Table 1,3312,MG1655,2765513,2765776
narJ:1285139-1285849:+,narJ,NC_000913.3,1285138,1285849,+,711,Supplementary Table 1,3313,MG1655,1285139,1285849
yfaH:2349651-2349893:+,yfaH,NC_000913.3,2349650,2349893,+,243,Supplementary Table 1,3314,MG1655,2349651,2349893
ldrA:1269168-1269275:-,ldrA,NC_000913.3,1269167,1269275,-,108,Supplementary Table 1,3315,MG1655,1269168,1269275
yjgR:4488561-4490063:-,yjgR,NC_000913.3,4488560,4490063,-,1503,Supplementary Table 1,3316,MG1655,4488561,4490063
hyuA:3010028-3011413:+,hyuA,NC_000913.3,3010027,3011413,+,1386,Supplementary Table 1,3317,MG1655,3010028,3011413
ygbA:2856453-2856806:-,ygbA,NC_000913.3,2856452,2856806,-,354,Supplementary Table 1,3318,MG1655,2856453,2856806
rsd:4196332-4196808:-,rsd,NC_000913.3,4196331,4196808,-,477,Supplementary Table 1,3319,MG1655,4196332,4196808
exbB:3151250-3151984:-,exbB,NC_000913.3,3151249,3151984,-,735,Supplementary Table 1,3320,MG1655,3151250,3151984
yjcF:4281783-4283075:-,yjcF,NC_000913.3,4281782,4283075,-,1293,Supplementary Table 1,3321,MG1655,4281783,4283075
bioF:810381-811535:+,bioF,NC_000913.3,810380,811535,+,1155,Supplementary Table 1,3322,MG1655,810381,811535
ygeX:3007510-3008706:+,ygeX,NC_000913.3,3007509,3008706,+,1197,Supplementary Table 1,3323,MG1655,3007510,3008706
ydfC:1648823-1649041:+,ydfC,NC_000913.3,1648822,1649041,+,219,Supplementary Table 1,3324,MG1655,1648823,1649041
yncE:1523307-1524368:+,yncE,NC_000913.3,1523306,1524368,+,1062,Supplementary Table 1,3325,MG1655,1523307,1524368
rpoH:3599929-3600783:-,rpoH,NC_000913.3,3599928,3600783,-,855,Supplementary Table 1,3326,MG1655,3599929,3600783
tas:2971597-2972637:+,tas,NC_000913.3,2971596,2972637,+,1041,Supplementary Table 1,3327,MG1655,2971597,2972637
ybjS:905740-906753:-,ybjS,NC_000913.3,905739,906753,-,1014,Supplementary Table 1,3328,MG1655,905740,906753
argB:4156013-4156789:+,argB,NC_000913.3,4156012,4156789,+,777,Supplementary Table 1,3329,MG1655,4156013,4156789
rhaR:4098646-4099494:+,rhaR,NC_000913.3,4098645,4099494,+,849,Supplementary Table 1,3330,MG1655,4098646,4099494
yajQ:444683-445174:+,yajQ,NC_000913.3,444682,445174,+,492,Supplementary Table 1,3331,MG1655,444683,445174
rplP:3448759-3449169:-,rplP,NC_000913.3,3448758,3449169,-,411,Supplementary Table 1,3332,MG1655,3448759,3449169
nagK:1178593-1179504:+,nagK,NC_000913.3,1178592,1179504,+,912,Supplementary Table 1,3333,MG1655,1178593,1179504
dppC:3703859-3704761:-,dppC,NC_000913.3,3703858,3704761,-,903,Supplementary Table 1,3334,MG1655,3703859,3704761
yfhG:2688793-2689506:-,yfhG,NC_000913.3,2688792,2689506,-,714,Supplementary Table 1,3335,MG1655,2688793,2689506
hyfR:2611900-2613912:+,hyfR,NC_000913.3,2611899,2613912,+,2013,Supplementary Table 1,3336,MG1655,2611900,2613912
ttcA:1411013-1411948:-,ttcA,NC_000913.3,1411012,1411948,-,936,Supplementary Table 1,3337,MG1655,1411013,1411948
ydhF:1724736-1725632:-,ydhF,NC_000913.3,1724735,1725632,-,897,Supplementary Table 1,3338,MG1655,1724736,1725632
ccmC:2295583-2296320:-,ccmC,NC_000913.3,2295582,2296320,-,738,Supplementary Table 1,3339,MG1655,2295583,2296320
ygiM:3201207-3201827:+,ygiM,NC_000913.3,3201206,3201827,+,621,Supplementary Table 1,3340,MG1655,3201207,3201827
yicT:3836425-3836556:+,yicT,NC_000913.3,3836424,3836556,+,132,Supplementary Table 1,3341,MG1655,3836425,3836556
ygjP:3235960-3236463:+,ygjP,NC_000913.3,3235959,3236463,+,504,Supplementary Table 1,3342,MG1655,3235960,3236463
ldrD:3699980-3700087:-,ldrD,NC_000913.3,3699979,3700087,-,108,Supplementary Table 1,3343,MG1655,3699980,3700087
ybcI:556032-556553:-,ybcI,NC_000913.3,556031,556553,-,522,Supplementary Table 1,3344,MG1655,556032,556553
yeaQ:1879007-1879255:-,yeaQ,NC_000913.3,1879006,1879255,-,249,Supplementary Table 1,3345,MG1655,1879007,1879255
yhcE:3365185-3365551:+,yhcE,NC_000913.3,3365184,3365551,+,367,Supplementary Table 1,3346,MG1655,3365185,3365551
yhcE:3366751-3366929:+,yhcE,NC_000913.3,3366750,3366929,+,179,Supplementary Table 1,3347,MG1655,3366751,3366929
phnL:4317215-4317895:-,phnL,NC_000913.3,4317214,4317895,-,681,Supplementary Table 1,3348,MG1655,4317215,4317895
yidH:3855960-3856307:-,yidH,NC_000913.3,3855959,3856307,-,348,Supplementary Table 1,3349,MG1655,3855960,3856307
emrB:2812616-2814154:+,emrB,NC_000913.3,2812615,2814154,+,1539,Supplementary Table 1,3350,MG1655,2812616,2814154
gspO:3465543-3466220:+,gspO,NC_000913.3,3465542,3466220,+,678,Supplementary Table 1,3351,MG1655,3465543,3466220
fadB:4028782-4030971:-,fadB,NC_000913.3,4028781,4030971,-,2190,Supplementary Table 1,3352,MG1655,4028782,4030971
yibH:3770243-3771379:-,yibH,NC_000913.3,3770242,3771379,-,1137,Supplementary Table 1,3353,MG1655,3770243,3771379
hofN:3521433-3521972:-,hofN,NC_000913.3,3521432,3521972,-,540,Supplementary Table 1,3354,MG1655,3521433,3521972
peaD:566376-566687:+,peaD,NC_000913.3,566375,566687,+,312,Supplementary Table 1,3355,MG1655,566376,566687
yidF:3855114-3855611:-,yidF,NC_000913.3,3855113,3855611,-,498,Supplementary Table 1,3356,MG1655,3855114,3855611
soxS:4277060-4277383:-,soxS,NC_000913.3,4277059,4277383,-,324,Supplementary Table 1,3357,MG1655,4277060,4277383
panF:3407607-3409058:+,panF,NC_000913.3,3407606,3409058,+,1452,Supplementary Table 1,3358,MG1655,3407607,3409058
ryjA:4277927-4278066:-,ryjA,NC_000913.3,4277926,4278066,-,140,Supplementary Table 1,3359,MG1655,4277927,4278066
btuR:1327767-1328357:-,btuR,NC_000913.3,1327766,1328357,-,591,Supplementary Table 1,3360,MG1655,1327767,1328357
ybgO:747921-748982:-,ybgO,NC_000913.3,747920,748982,-,1062,Supplementary Table 1,3361,MG1655,747921,748982
yjjU:4612411-4613484:+,yjjU,NC_000913.3,4612410,4613484,+,1074,Supplementary Table 1,3362,MG1655,4612411,4613484
ykfM:238257-238736:-,ykfM,NC_000913.3,238256,238736,-,480,Supplementary Table 1,3363,MG1655,238257,238736
pflC:4146258-4147136:+,pflC,NC_000913.3,4146257,4147136,+,879,Supplementary Table 1,3364,MG1655,4146258,4147136
lysY:781147-781222:+,lysY,NC_000913.3,781146,781222,+,76,Supplementary Table 1,3365,MG1655,781147,781222
minE:1224279-1224545:-,minE,NC_000913.3,1224278,1224545,-,267,Supplementary Table 1,3366,MG1655,1224279,1224545
nrfE:4291512-4293170:+,nrfE,NC_000913.3,4291511,4293170,+,1659,Supplementary Table 1,3367,MG1655,4291512,4293170
stfP:1207501-1208130:+,stfP,NC_000913.3,1207500,1208130,+,630,Supplementary Table 1,3368,MG1655,1207501,1208130
ydiU:1789808-1791244:-,ydiU,NC_000913.3,1789807,1791244,-,1437,Supplementary Table 1,3369,MG1655,1789808,1791244
yjiS:4571751-4571915:+,yjiS,NC_000913.3,4571750,4571915,+,165,Supplementary Table 1,3370,MG1655,4571751,4571915
ymdE:1095505-1095846:+,ymdE,NC_000913.3,1095504,1095846,+,342,Supplementary Table 1,3371,MG1655,1095505,1095846
yneF:1610907-1611854:-,yneF,NC_000913.3,1610906,1611854,-,948,Supplementary Table 1,3372,MG1655,1610907,1611854
hisA:2095125-2095862:+,hisA,NC_000913.3,2095124,2095862,+,738,Supplementary Table 1,3373,MG1655,2095125,2095862
purB:1190616-1191986:-,purB,NC_000913.3,1190615,1191986,-,1371,Supplementary Table 1,3374,MG1655,1190616,1191986
mlrA:2214866-2215597:+,mlrA,NC_000913.3,2214865,2215597,+,732,Supplementary Table 1,3375,MG1655,2214866,2215597
nirB:3494011-3496554:+,nirB,NC_000913.3,3494010,3496554,+,2544,Supplementary Table 1,3376,MG1655,3494011,3496554
nuoJ:2395342-2395896:-,nuoJ,NC_000913.3,2395341,2395896,-,555,Supplementary Table 1,3377,MG1655,2395342,2395896
yoaE:1900029-1901585:-,yoaE,NC_000913.3,1900028,1901585,-,1557,Supplementary Table 1,3378,MG1655,1900029,1901585
entC:624885-626060:+,entC,NC_000913.3,624884,626060,+,1176,Supplementary Table 1,3379,MG1655,624885,626060
phnF:4321697-4322422:-,phnF,NC_000913.3,4321696,4322422,-,726,Supplementary Table 1,3380,MG1655,4321697,4322422
ydjF:1854096-1854854:-,ydjF,NC_000913.3,1854095,1854854,-,759,Supplementary Table 1,3381,MG1655,1854096,1854854
yfhH:2698759-2699607:+,yfhH,NC_000913.3,2698758,2699607,+,849,Supplementary Table 1,3382,MG1655,2698759,2699607
ykfK:266776-266967:-,ykfK,NC_000913.3,266775,266967,-,192,Supplementary Table 1,3383,MG1655,266776,266967
yphG:2679464-2682745:-,yphG,NC_000913.3,2679463,2682745,-,3282,Supplementary Table 1,3384,MG1655,2679464,2682745
hyaD:1035770-1036357:+,hyaD,NC_000913.3,1035769,1036357,+,588,Supplementary Table 1,3385,MG1655,1035770,1036357
suhB:2663442-2664245:+,suhB,NC_000913.3,2663441,2664245,+,804,Supplementary Table 1,3386,MG1655,2663442,2664245
folE:2242984-2243652:-,folE,NC_000913.3,2242983,2243652,-,669,Supplementary Table 1,3387,MG1655,2242984,2243652
glgS:3191739-3191939:-,glgS,NC_000913.3,3191738,3191939,-,201,Supplementary Table 1,3388,MG1655,3191739,3191939
glgX:3569346-3571319:-,glgX,NC_000913.3,3569345,3571319,-,1974,Supplementary Table 1,3389,MG1655,3569346,3571319
yhhY:3581138-3581626:+,yhhY,NC_000913.3,3581137,3581626,+,489,Supplementary Table 1,3390,MG1655,3581138,3581626
rhtB:4008439-4009059:-,rhtB,NC_000913.3,4008438,4009059,-,621,Supplementary Table 1,3391,MG1655,4008439,4009059
ycfL:1162247-1162624:+,ycfL,NC_000913.3,1162246,1162624,+,378,Supplementary Table 1,3392,MG1655,1162247,1162624
ubiA:4253016-4253888:+,ubiA,NC_000913.3,4253015,4253888,+,873,Supplementary Table 1,3393,MG1655,4253016,4253888
ybiO:843255-845480:-,ybiO,NC_000913.3,843254,845480,-,2226,Supplementary Table 1,3394,MG1655,843255,845480
asr:1671376-1671684:+,asr,NC_000913.3,1671375,1671684,+,309,Supplementary Table 1,3395,MG1655,1671376,1671684
rcsD:2313488-2316160:+,rcsD,NC_000913.3,2313487,2316160,+,2673,Supplementary Table 1,3396,MG1655,2313488,2316160
mpl:4455785-4457158:+,mpl,NC_000913.3,4455784,4457158,+,1374,Supplementary Table 1,3397,MG1655,4455785,4457158
pheS:1797959-1798942:-,pheS,NC_000913.3,1797958,1798942,-,984,Supplementary Table 1,3398,MG1655,1797959,1798942
prmC:1266094-1266927:+,prmC,NC_000913.3,1266093,1266927,+,834,Supplementary Table 1,3399,MG1655,1266094,1266927
sohB:1329332-1330381:+,sohB,NC_000913.3,1329331,1330381,+,1050,Supplementary Table 1,3400,MG1655,1329332,1330381
ilvH:87357-87848:+,ilvH,NC_000913.3,87356,87848,+,492,Supplementary Table 1,3401,MG1655,87357,87848
proC:404835-405644:-,proC,NC_000913.3,404834,405644,-,810,Supplementary Table 1,3402,MG1655,404835,405644
yafK:245065-245805:-,yafK,NC_000913.3,245064,245805,-,741,Supplementary Table 1,3403,MG1655,245065,245805
cirA:2244778-2246769:-,cirA,NC_000913.3,2244777,2246769,-,1992,Supplementary Table 1,3404,MG1655,2244778,2246769
nikC:3616182-3617015:+,nikC,NC_000913.3,3616181,3617015,+,834,Supplementary Table 1,3405,MG1655,3616182,3617015
recR:494405-495010:+,recR,NC_000913.3,494404,495010,+,606,Supplementary Table 1,3406,MG1655,494405,495010
yffQ:2563592-2563969:+,yffQ,NC_000913.3,2563591,2563969,+,378,Supplementary Table 1,3407,MG1655,2563592,2563969
plsB:4254043-4256466:-,plsB,NC_000913.3,4254042,4256466,-,2424,Supplementary Table 1,3408,MG1655,4254043,4256466
bssR:878248-878631:+,bssR,NC_000913.3,878247,878631,+,384,Supplementary Table 1,3409,MG1655,878248,878631
gspB:3453508-3453927:-,gspB,NC_000913.3,3453507,3453927,-,420,Supplementary Table 1,3410,MG1655,3453508,3453927
ccmB:2296362-2297024:-,ccmB,NC_000913.3,2296361,2297024,-,663,Supplementary Table 1,3411,MG1655,2296362,2297024
gpsA:3782642-3783661:-,gpsA,NC_000913.3,3782641,3783661,-,1020,Supplementary Table 1,3412,MG1655,3782642,3783661
fadE:240859-243303:-,fadE,NC_000913.3,240858,243303,-,2445,Supplementary Table 1,3413,MG1655,240859,243303
helD:1024471-1026525:+,helD,NC_000913.3,1024470,1026525,+,2055,Supplementary Table 1,3414,MG1655,1024471,1026525
mokA:3720448-3720632:-,mokA,NC_000913.3,3720447,3720632,-,185,Supplementary Table 1,3415,MG1655,3720448,3720632
ynfE:1658069-1660495:+,ynfE,NC_000913.3,1658068,1660495,+,2427,Supplementary Table 1,3416,MG1655,1658069,1660495
yfcC:2417081-2418601:+,yfcC,NC_000913.3,2417080,2418601,+,1521,Supplementary Table 1,3417,MG1655,2417081,2418601
nudL:1896170-1896748:+,nudL,NC_000913.3,1896169,1896748,+,579,Supplementary Table 1,3418,MG1655,1896170,1896748
yfaY:2362431-2363633:-,yfaY,NC_000913.3,2362430,2363633,-,1203,Supplementary Table 1,3419,MG1655,2362431,2363633
yeiQ:2266245-2267711:+,yeiQ,NC_000913.3,2266244,2267711,+,1467,Supplementary Table 1,3420,MG1655,2266245,2267711
rnhA:235535-236002:-,rnhA,NC_000913.3,235534,236002,-,468,Supplementary Table 1,3421,MG1655,235535,236002
yejG:2277893-2278237:-,yejG,NC_000913.3,2277892,2278237,-,345,Supplementary Table 1,3422,MG1655,2277893,2278237
mngR:765153-765875:-,mngR,NC_000913.3,765152,765875,-,723,Supplementary Table 1,3423,MG1655,765153,765875
yfbR:2408862-2409461:+,yfbR,NC_000913.3,2408861,2409461,+,600,Supplementary Table 1,3424,MG1655,2408862,2409461
yffN:2561625-2561993:+,yffN,NC_000913.3,2561624,2561993,+,369,Supplementary Table 1,3425,MG1655,2561625,2561993
zraR:4203320-4204645:+,zraR,NC_000913.3,4203319,4204645,+,1326,Supplementary Table 1,3426,MG1655,4203320,4204645
fliT:2005713-2006078:+,fliT,NC_000913.3,2005712,2006078,+,366,Supplementary Table 1,3427,MG1655,2005713,2006078
dedD:2431022-2431684:-,dedD,NC_000913.3,2431021,2431684,-,663,Supplementary Table 1,3428,MG1655,2431022,2431684
hcaF:2670390-2670908:+,hcaF,NC_000913.3,2670389,2670908,+,519,Supplementary Table 1,3429,MG1655,2670390,2670908
bsmA:4416441-4416770:-,bsmA,NC_000913.3,4416440,4416770,-,330,Supplementary Table 1,3430,MG1655,4416441,4416770
blc:4377189-4377722:-,blc,NC_000913.3,4377188,4377722,-,534,Supplementary Table 1,3431,MG1655,4377189,4377722
sixA:2456327-2456812:-,sixA,NC_000913.3,2456326,2456812,-,486,Supplementary Table 1,3432,MG1655,2456327,2456812
yhfW:3508587-3509813:-,yhfW,NC_000913.3,3508586,3509813,-,1227,Supplementary Table 1,3433,MG1655,3508587,3509813
hldD:3793987-3794919:+,hldD,NC_000913.3,3793986,3794919,+,933,Supplementary Table 1,3434,MG1655,3793987,3794919
pck:3532818-3534440:+,pck,NC_000913.3,3532817,3534440,+,1623,Supplementary Table 1,3435,MG1655,3532818,3534440
mhpA:368611-370275:+,mhpA,NC_000913.3,368610,370275,+,1665,Supplementary Table 1,3436,MG1655,368611,370275
paoC:298736-300934:-,paoC,NC_000913.3,298735,300934,-,2199,Supplementary Table 1,3437,MG1655,298736,300934
ybcO:573084-573374:+,ybcO,NC_000913.3,573083,573374,+,291,Supplementary Table 1,3438,MG1655,573084,573374
ymgA:1216068-1216340:+,ymgA,NC_000913.3,1216067,1216340,+,273,Supplementary Table 1,3439,MG1655,1216068,1216340
ubiX:2428057-2428626:-,ubiX,NC_000913.3,2428056,2428626,-,570,Supplementary Table 1,3440,MG1655,2428057,2428626
yebF:1930034-1930390:-,yebF,NC_000913.3,1930033,1930390,-,357,Supplementary Table 1,3441,MG1655,1930034,1930390
yeaO:1876909-1877256:+,yeaO,NC_000913.3,1876908,1877256,+,348,Supplementary Table 1,3442,MG1655,1876909,1877256
pldA:4004862-4005731:+,pldA,NC_000913.3,4004861,4005731,+,870,Supplementary Table 1,3443,MG1655,4004862,4005731
ybjH:884946-885230:-,ybjH,NC_000913.3,884945,885230,-,285,Supplementary Table 1,3444,MG1655,884946,885230
lolA:937372-937983:+,lolA,NC_000913.3,937371,937983,+,612,Supplementary Table 1,3445,MG1655,937372,937983
csrD:3401392-3403332:-,csrD,NC_000913.3,3401391,3403332,-,1941,Supplementary Table 1,3446,MG1655,3401392,3403332
cysJ:2890099-2891898:-,cysJ,NC_000913.3,2890098,2891898,-,1800,Supplementary Table 1,3447,MG1655,2890099,2891898
hycF:2844210-2844752:-,hycF,NC_000913.3,2844209,2844752,-,543,Supplementary Table 1,3448,MG1655,2844210,2844752
rhmT:2358863-2360152:-,rhmT,NC_000913.3,2358862,2360152,-,1290,Supplementary Table 1,3449,MG1655,2358863,2360152
yeaE:1864782-1865636:-,yeaE,NC_000913.3,1864781,1865636,-,855,Supplementary Table 1,3450,MG1655,1864782,1865636
yoeA:2068635-2068938:+,yoeA,NC_000913.3,2068634,2068938,+,304,Supplementary Table 1,3451,MG1655,2068635,2068938
yoeA:2070270-2070474:+,yoeA,NC_000913.3,2070269,2070474,+,205,Supplementary Table 1,3452,MG1655,2070270,2070474
ibpA:3867009-3867422:-,ibpA,NC_000913.3,3867008,3867422,-,414,Supplementary Table 1,3453,MG1655,3867009,3867422
trg:1492470-1494110:+,trg,NC_000913.3,1492469,1494110,+,1641,Supplementary Table 1,3454,MG1655,1492470,1494110
ydeE:1621332-1622519:+,ydeE,NC_000913.3,1621331,1622519,+,1188,Supplementary Table 1,3455,MG1655,1621332,1622519
pgrR:1391991-1392890:+,pgrR,NC_000913.3,1391990,1392890,+,900,Supplementary Table 1,3456,MG1655,1391991,1392890
ybgP:748979-749707:-,ybgP,NC_000913.3,748978,749707,-,729,Supplementary Table 1,3457,MG1655,748979,749707
ybhQ:824630-825040:+,ybhQ,NC_000913.3,824629,825040,+,411,Supplementary Table 1,3458,MG1655,824630,825040
yshB:4053647-4053757:-,yshB,NC_000913.3,4053646,4053757,-,111,Supplementary Table 1,3459,MG1655,4053647,4053757
lamB:4247971-4249311:+,lamB,NC_000913.3,4247970,4249311,+,1341,Supplementary Table 1,3460,MG1655,4247971,4249311
mhpF:372921-373871:+,mhpF,NC_000913.3,372920,373871,+,951,Supplementary Table 1,3461,MG1655,372921,373871
mntH:2511468-2512706:-,mntH,NC_000913.3,2511467,2512706,-,1239,Supplementary Table 1,3462,MG1655,2511468,2512706
sokC:16952-17006:+,sokC,NC_000913.3,16951,17006,+,55,Supplementary Table 1,3463,MG1655,16952,17006
yecH:1989251-1989490:-,yecH,NC_000913.3,1989250,1989490,-,240,Supplementary Table 1,3464,MG1655,1989251,1989490
waaY:3800267-3800965:-,waaY,NC_000913.3,3800266,3800965,-,699,Supplementary Table 1,3465,MG1655,3800267,3800965
lepA:2705325-2707124:-,lepA,NC_000913.3,2705324,2707124,-,1800,Supplementary Table 1,3466,MG1655,2705325,2707124
dcm:2030899-2032317:-,dcm,NC_000913.3,2030898,2032317,-,1419,Supplementary Table 1,3467,MG1655,2030899,2032317
eco:2303905-2304393:+,eco,NC_000913.3,2303904,2304393,+,489,Supplementary Table 1,3468,MG1655,2303905,2304393
proQ:1914836-1915534:-,proQ,NC_000913.3,1914835,1915534,-,699,Supplementary Table 1,3469,MG1655,1914836,1915534
yagP:297381-297719:-,yagP,NC_000913.3,297380,297719,-,339,Supplementary Table 1,3470,MG1655,297381,297719
insP:1503218-1503649:-,insP,NC_000913.3,1503217,1503649,-,432,Supplementary Table 1,3471,MG1655,1503218,1503649
rsmI:3292475-3293335:-,rsmI,NC_000913.3,3292474,3293335,-,861,Supplementary Table 1,3472,MG1655,3292475,3293335
argH:4156850-4158223:+,argH,NC_000913.3,4156849,4158223,+,1374,Supplementary Table 1,3473,MG1655,4156850,4158223
intK:1647174-1647356:-,intK,NC_000913.3,1647173,1647356,-,183,Supplementary Table 1,3474,MG1655,1647174,1647356
yfaL:2340417-2344169:-,yfaL,NC_000913.3,2340416,2344169,-,3753,Supplementary Table 1,3475,MG1655,2340417,2344169
rutD:1070965-1071765:-,rutD,NC_000913.3,1070964,1071765,-,801,Supplementary Table 1,3476,MG1655,1070965,1071765
ynfG:1662990-1663607:+,ynfG,NC_000913.3,1662989,1663607,+,618,Supplementary Table 1,3477,MG1655,1662990,1663607
moeB:864380-865129:-,moeB,NC_000913.3,864379,865129,-,750,Supplementary Table 1,3478,MG1655,864380,865129
dicB:1649609-1649797:+,dicB,NC_000913.3,1649608,1649797,+,189,Supplementary Table 1,3479,MG1655,1649609,1649797
rlmL:1007844-1009952:+,rlmL,NC_000913.3,1007843,1009952,+,2109,Supplementary Table 1,3480,MG1655,1007844,1009952
waaS:3804181-3805116:-,waaS,NC_000913.3,3804180,3805116,-,936,Supplementary Table 1,3481,MG1655,3804181,3805116
yegT:2178821-2180098:+,yegT,NC_000913.3,2178820,2180098,+,1278,Supplementary Table 1,3482,MG1655,2178821,2180098
yhbS:3300255-3300758:-,yhbS,NC_000913.3,3300254,3300758,-,504,Supplementary Table 1,3483,MG1655,3300255,3300758
yadD:146968-147870:+,yadD,NC_000913.3,146967,147870,+,903,Supplementary Table 1,3484,MG1655,146968,147870
yebO:1908261-1908548:-,yebO,NC_000913.3,1908260,1908548,-,288,Supplementary Table 1,3485,MG1655,1908261,1908548
yjaZ:4189786-4190325:+,yjaZ,NC_000913.3,4189785,4190325,+,540,Supplementary Table 1,3486,MG1655,4189786,4190325
yfiE:2714439-2715320:-,yfiE,NC_000913.3,2714438,2715320,-,882,Supplementary Table 1,3487,MG1655,2714439,2715320
ydiT:1782681-1782974:+,ydiT,NC_000913.3,1782680,1782974,+,294,Supplementary Table 1,3488,MG1655,1782681,1782974
aroF:2740080-2741150:-,aroF,NC_000913.3,2740079,2741150,-,1071,Supplementary Table 1,3489,MG1655,2740080,2741150
smrA:1405979-1406542:+,smrA,NC_000913.3,1405978,1406542,+,564,Supplementary Table 1,3490,MG1655,1405979,1406542
mdtB:2155263-2158385:+,mdtB,NC_000913.3,2155262,2158385,+,3123,Supplementary Table 1,3491,MG1655,2155263,2158385
pta:2414747-2416891:+,pta,NC_000913.3,2414746,2416891,+,2145,Supplementary Table 1,3492,MG1655,2414747,2416891
gltS:3827460-3828665:-,gltS,NC_000913.3,3827459,3828665,-,1206,Supplementary Table 1,3493,MG1655,3827460,3828665
ycbB:981047-982894:+,ycbB,NC_000913.3,981046,982894,+,1848,Supplementary Table 1,3494,MG1655,981047,982894
sdiA:1996110-1996832:-,sdiA,NC_000913.3,1996109,1996832,-,723,Supplementary Table 1,3495,MG1655,1996110,1996832
ybdH:632389-633477:-,ybdH,NC_000913.3,632388,633477,-,1089,Supplementary Table 1,3496,MG1655,632389,633477
ppdC:2962441-2962764:-,ppdC,NC_000913.3,2962440,2962764,-,324,Supplementary Table 1,3497,MG1655,2962441,2962764
csrC:4051036-4051280:+,csrC,NC_000913.3,4051035,4051280,+,245,Supplementary Table 1,3498,MG1655,4051036,4051280
agaW:3280701-3281075:+,agaW,NC_000913.3,3280700,3281075,+,375,Supplementary Table 1,3499,MG1655,3280701,3281075
narP:2290500-2291147:+,narP,NC_000913.3,2290499,2291147,+,648,Supplementary Table 1,3500,MG1655,2290500,2291147
rrsA:4035531-4037072:+,rrsA,NC_000913.3,4035530,4037072,+,1542,Supplementary Table 1,3501,MG1655,4035531,4037072
prpR:346857-348443:-,prpR,NC_000913.3,346856,348443,-,1587,Supplementary Table 1,3502,MG1655,346857,348443
argT:2427009-2427791:-,argT,NC_000913.3,2427008,2427791,-,783,Supplementary Table 1,3503,MG1655,2427009,2427791
yfeK:2537342-2537716:+,yfeK,NC_000913.3,2537341,2537716,+,375,Supplementary Table 1,3504,MG1655,2537342,2537716
ydhR:1746700-1747005:+,ydhR,NC_000913.3,1746699,1747005,+,306,Supplementary Table 1,3505,MG1655,1746700,1747005
mdtL:3891615-3892790:+,mdtL,NC_000913.3,3891614,3892790,+,1176,Supplementary Table 1,3506,MG1655,3891615,3892790
dhaM:1247696-1249114:-,dhaM,NC_000913.3,1247695,1249114,-,1419,Supplementary Table 1,3507,MG1655,1247696,1249114
ebgC:3225722-3226171:+,ebgC,NC_000913.3,3225721,3226171,+,450,Supplementary Table 1,3508,MG1655,3225722,3226171
ybiB:835248-836210:+,ybiB,NC_000913.3,835247,836210,+,963,Supplementary Table 1,3509,MG1655,835248,836210
yeiH:2249717-2250766:+,yeiH,NC_000913.3,2249716,2250766,+,1050,Supplementary Table 1,3510,MG1655,2249717,2250766
yggM:3098558-3099565:-,yggM,NC_000913.3,3098557,3099565,-,1008,Supplementary Table 1,3511,MG1655,3098558,3099565
mlaB:3336963-3337256:-,mlaB,NC_000913.3,3336962,3337256,-,294,Supplementary Table 1,3512,MG1655,3336963,3337256
pssA:2722727-2724082:+,pssA,NC_000913.3,2722726,2724082,+,1356,Supplementary Table 1,3513,MG1655,2722727,2724082
fadK:1783031-1784677:+,fadK,NC_000913.3,1783030,1784677,+,1647,Supplementary Table 1,3514,MG1655,1783031,1784677
ygdD:2941236-2941631:-,ygdD,NC_000913.3,2941235,2941631,-,396,Supplementary Table 1,3515,MG1655,2941236,2941631
yhfT:3506032-3507336:-,yhfT,NC_000913.3,3506031,3507336,-,1305,Supplementary Table 1,3516,MG1655,3506032,3507336
ydjN:1810934-1812325:+,ydjN,NC_000913.3,1810933,1812325,+,1392,Supplementary Table 1,3517,MG1655,1810934,1812325
yeeN:2056858-2057574:+,yeeN,NC_000913.3,2056857,2057574,+,717,Supplementary Table 1,3518,MG1655,2056858,2057574
ynaJ:1397365-1397622:+,ynaJ,NC_000913.3,1397364,1397622,+,258,Supplementary Table 1,3519,MG1655,1397365,1397622
acs:4285413-4287371:-,acs,NC_000913.3,4285412,4287371,-,1959,Supplementary Table 1,3520,MG1655,4285413,4287371
yrhC:3623887-3624237:+,yrhC,NC_000913.3,3623886,3624237,+,351,Supplementary Table 1,3521,MG1655,3623887,3624237
dsbA:4043418-4044044:+,dsbA,NC_000913.3,4043417,4044044,+,627,Supplementary Table 1,3522,MG1655,4043418,4044044
glk:2508461-2509426:-,glk,NC_000913.3,2508460,2509426,-,966,Supplementary Table 1,3523,MG1655,2508461,2509426
pheT:1795557-1797944:-,pheT,NC_000913.3,1795556,1797944,-,2388,Supplementary Table 1,3524,MG1655,1795557,1797944
ybjJ:886131-887339:-,ybjJ,NC_000913.3,886130,887339,-,1209,Supplementary Table 1,3525,MG1655,886131,887339
bamE:2753605-2753946:+,bamE,NC_000913.3,2753604,2753946,+,342,Supplementary Table 1,3526,MG1655,2753605,2753946
afuC:277756-278802:-,afuC,NC_000913.3,277755,278802,-,1047,Supplementary Table 1,3527,MG1655,277756,278802
thiM:2184513-2185301:-,thiM,NC_000913.3,2184512,2185301,-,789,Supplementary Table 1,3528,MG1655,2184513,2185301
ygiZ:3171879-3172211:-,ygiZ,NC_000913.3,3171878,3172211,-,333,Supplementary Table 1,3529,MG1655,3171879,3172211
yjeI:4372809-4373162:+,yjeI,NC_000913.3,4372808,4373162,+,354,Supplementary Table 1,3530,MG1655,4372809,4373162
rimO:876710-878035:-,rimO,NC_000913.3,876709,878035,-,1326,Supplementary Table 1,3531,MG1655,876710,878035
arnE:2372557-2372892:+,arnE,NC_000913.3,2372556,2372892,+,336,Supplementary Table 1,3532,MG1655,2372557,2372892
bacA:3203310-3204131:-,bacA,NC_000913.3,3203309,3204131,-,822,Supplementary Table 1,3533,MG1655,3203310,3204131
yehK:2203972-2204289:+,yehK,NC_000913.3,2203971,2204289,+,318,Supplementary Table 1,3534,MG1655,2203972,2204289
rydC:1491443-1491506:-,rydC,NC_000913.3,1491442,1491506,-,64,Supplementary Table 1,3535,MG1655,1491443,1491506
ybaA:476672-477025:+,ybaA,NC_000913.3,476671,477025,+,354,Supplementary Table 1,3536,MG1655,476672,477025
cdaR:182463-183620:+,cdaR,NC_000913.3,182462,183620,+,1158,Supplementary Table 1,3537,MG1655,182463,183620
qseB:3169828-3170487:+,qseB,NC_000913.3,3169827,3170487,+,660,Supplementary Table 1,3538,MG1655,3169828,3170487
dpiA:653862-654542:+,dpiA,NC_000913.3,653861,654542,+,681,Supplementary Table 1,3539,MG1655,653862,654542
creC:4636696-4638120:+,creC,NC_000913.3,4636695,4638120,+,1425,Supplementary Table 1,3540,MG1655,4636696,4638120
mltB:2824491-2825576:-,mltB,NC_000913.3,2824490,2825576,-,1086,Supplementary Table 1,3541,MG1655,2824491,2825576
bamB:2637474-2638652:-,bamB,NC_000913.3,2637473,2638652,-,1179,Supplementary Table 1,3542,MG1655,2637474,2638652
aat:926728-927432:-,aat,NC_000913.3,926727,927432,-,705,Supplementary Table 1,3543,MG1655,926728,927432
grxB:1123407-1124054:-,grxB,NC_000913.3,1123406,1124054,-,648,Supplementary Table 1,3544,MG1655,1123407,1124054
hofO:3521009-3521449:-,hofO,NC_000913.3,3521008,3521449,-,441,Supplementary Table 1,3545,MG1655,3521009,3521449
yahI:340165-341115:+,yahI,NC_000913.3,340164,341115,+,951,Supplementary Table 1,3546,MG1655,340165,341115
ybgK:744243-745175:+,ybgK,NC_000913.3,744242,745175,+,933,Supplementary Table 1,3547,MG1655,744243,745175
rplD:3451681-3452286:-,rplD,NC_000913.3,3451680,3452286,-,606,Supplementary Table 1,3548,MG1655,3451681,3452286
rlmB:4409275-4410006:+,rlmB,NC_000913.3,4409274,4410006,+,732,Supplementary Table 1,3549,MG1655,4409275,4410006
potI:897084-897929:+,potI,NC_000913.3,897083,897929,+,846,Supplementary Table 1,3550,MG1655,897084,897929
eutC:2556410-2557297:-,eutC,NC_000913.3,2556409,2557297,-,888,Supplementary Table 1,3551,MG1655,2556410,2557297
ribD:433455-434558:+,ribD,NC_000913.3,433454,434558,+,1104,Supplementary Table 1,3552,MG1655,433455,434558
ynfL:1668699-1669592:-,ynfL,NC_000913.3,1668698,1669592,-,894,Supplementary Table 1,3553,MG1655,1668699,1669592
yafQ:245961-246239:-,yafQ,NC_000913.3,245960,246239,-,279,Supplementary Table 1,3554,MG1655,245961,246239
ygjI:3226234-3227667:+,ygjI,NC_000913.3,3226233,3227667,+,1434,Supplementary Table 1,3555,MG1655,3226234,3227667
cedA:1813421-1813663:-,cedA,NC_000913.3,1813420,1813663,-,243,Supplementary Table 1,3556,MG1655,1813421,1813663
nrfB:4289245-4289811:+,nrfB,NC_000913.3,4289244,4289811,+,567,Supplementary Table 1,3557,MG1655,4289245,4289811
yfeY:2550641-2551216:-,yfeY,NC_000913.3,2550640,2551216,-,576,Supplementary Table 1,3558,MG1655,2550641,2551216
murD:97087-98403:+,murD,NC_000913.3,97086,98403,+,1317,Supplementary Table 1,3559,MG1655,97087,98403
nemA:1726659-1727756:+,nemA,NC_000913.3,1726658,1727756,+,1098,Supplementary Table 1,3560,MG1655,1726659,1727756
micF:2313084-2313176:+,micF,NC_000913.3,2313083,2313176,+,93,Supplementary Table 1,3561,MG1655,2313084,2313176
ybdK:606265-607383:-,ybdK,NC_000913.3,606264,607383,-,1119,Supplementary Table 1,3562,MG1655,606265,607383
waaL:3796948-3798207:+,waaL,NC_000913.3,3796947,3798207,+,1260,Supplementary Table 1,3563,MG1655,3796948,3798207
tyrV:1287244-1287328:-,tyrV,NC_000913.3,1287243,1287328,-,85,Supplementary Table 1,3564,MG1655,1287244,1287328
php:3507712-3508590:-,php,NC_000913.3,3507711,3508590,-,879,Supplementary Table 1,3565,MG1655,3507712,3508590
elaD:2382713-2383924:+,elaD,NC_000913.3,2382712,2383924,+,1212,Supplementary Table 1,3566,MG1655,2382713,2383924
aceK:4218596-4220332:+,aceK,NC_000913.3,4218595,4220332,+,1737,Supplementary Table 1,3567,MG1655,4218596,4220332
ugpB:3591009-3592325:-,ugpB,NC_000913.3,3591008,3592325,-,1317,Supplementary Table 1,3568,MG1655,3591009,3592325
ccmF:2292961-2294904:-,ccmF,NC_000913.3,2292960,2294904,-,1944,Supplementary Table 1,3569,MG1655,2292961,2294904
yajR:445302-446666:-,yajR,NC_000913.3,445301,446666,-,1365,Supplementary Table 1,3570,MG1655,445302,446666
wbbK:2103391-2104509:-,wbbK,NC_000913.3,2103390,2104509,-,1119,Supplementary Table 1,3571,MG1655,2103391,2104509
mlaD:3337910-3338461:-,mlaD,NC_000913.3,3337909,3338461,-,552,Supplementary Table 1,3572,MG1655,3337910,3338461
nfuA:3545624-3546199:+,nfuA,NC_000913.3,3545623,3546199,+,576,Supplementary Table 1,3573,MG1655,3545624,3546199
hisH:2094535-2095125:+,hisH,NC_000913.3,2094534,2095125,+,591,Supplementary Table 1,3574,MG1655,2094535,2095125
ldhA:1441854-1442843:-,ldhA,NC_000913.3,1441853,1442843,-,990,Supplementary Table 1,3575,MG1655,1441854,1442843
insE1:315291-315590:+,insE1,NC_000913.3,315290,315590,+,300,Supplementary Table 1,3576,MG1655,315291,315590
insE1:392602-392901:-,insE1,NC_000913.3,392601,392901,-,300,Supplementary Table 1,3577,MG1655,392602,392901
insE1:566842-567141:+,insE1,NC_000913.3,566841,567141,+,300,Supplementary Table 1,3578,MG1655,566842,567141
insE1:1095138-1095437:-,insE1,NC_000913.3,1095137,1095437,-,300,Supplementary Table 1,3579,MG1655,1095138,1095437
insE1:2170236-2170535:+,insE1,NC_000913.3,2170235,2170535,+,300,Supplementary Table 1,3580,MG1655,2170236,2170535
tfaR:1432411-1432986:+,tfaR,NC_000913.3,1432410,1432986,+,576,Supplementary Table 1,3581,MG1655,1432411,1432986
paoB:300931-301887:-,paoB,NC_000913.3,300930,301887,-,957,Supplementary Table 1,3582,MG1655,300931,301887
ygcR:2895776-2896555:-,ygcR,NC_000913.3,2895775,2896555,-,780,Supplementary Table 1,3583,MG1655,2895776,2896555
yejM:2284376-2286136:+,yejM,NC_000913.3,2284375,2286136,+,1761,Supplementary Table 1,3584,MG1655,2284376,2286136
yeeX:2079032-2079361:-,yeeX,NC_000913.3,2079031,2079361,-,330,Supplementary Table 1,3585,MG1655,2079032,2079361
cca:3201891-3203129:+,cca,NC_000913.3,3201890,3203129,+,1239,Supplementary Table 1,3586,MG1655,3201891,3203129
yeeD:2084226-2084453:-,yeeD,NC_000913.3,2084225,2084453,-,228,Supplementary Table 1,3587,MG1655,2084226,2084453
stfR:1429049-1432411:+,stfR,NC_000913.3,1429048,1432411,+,3363,Supplementary Table 1,3588,MG1655,1429049,1432411
gltB:3354725-3359185:+,gltB,NC_000913.3,3354724,3359185,+,4461,Supplementary Table 1,3589,MG1655,3354725,3359185
xdhD:3021316-3024186:+,xdhD,NC_000913.3,3021315,3024186,+,2871,Supplementary Table 1,3590,MG1655,3021316,3024186
yegV:2181096-2182061:+,yegV,NC_000913.3,2181095,2182061,+,966,Supplementary Table 1,3591,MG1655,2181096,2182061
phnI:4319599-4320663:-,phnI,NC_000913.3,4319598,4320663,-,1065,Supplementary Table 1,3592,MG1655,4319599,4320663
cynR:357791-358690:-,cynR,NC_000913.3,357790,358690,-,900,Supplementary Table 1,3593,MG1655,357791,358690
dtpA:1712769-1714271:+,dtpA,NC_000913.3,1712768,1714271,+,1503,Supplementary Table 1,3594,MG1655,1712769,1714271
ileY:2785762-2785837:-,ileY,NC_000913.3,2785761,2785837,-,76,Supplementary Table 1,3595,MG1655,2785762,2785837
torD:1061799-1062398:+,torD,NC_000913.3,1061798,1062398,+,600,Supplementary Table 1,3596,MG1655,1061799,1062398
narH:1283604-1285142:+,narH,NC_000913.3,1283603,1285142,+,1539,Supplementary Table 1,3597,MG1655,1283604,1285142
yqjC:3248969-3249337:+,yqjC,NC_000913.3,3248968,3249337,+,369,Supplementary Table 1,3598,MG1655,3248969,3249337
osmE:1821918-1822256:-,osmE,NC_000913.3,1821917,1822256,-,339,Supplementary Table 1,3599,MG1655,1821918,1822256
melB:4343369-4344790:+,melB,NC_000913.3,4343368,4344790,+,1422,Supplementary Table 1,3600,MG1655,4343369,4344790
rdlB:1269858-1269923:+,rdlB,NC_000913.3,1269857,1269923,+,66,Supplementary Table 1,3601,MG1655,1269858,1269923
ydbL:1445880-1446206:+,ydbL,NC_000913.3,1445879,1446206,+,327,Supplementary Table 1,3602,MG1655,1445880,1446206
insK:3721198-3722049:+,insK,NC_000913.3,3721197,3722049,+,852,Supplementary Table 1,3603,MG1655,3721198,3722049
rpoA:3440040-3441029:-,rpoA,NC_000913.3,3440039,3441029,-,990,Supplementary Table 1,3604,MG1655,3440040,3441029
yliE:872979-875327:+,yliE,NC_000913.3,872978,875327,+,2349,Supplementary Table 1,3605,MG1655,872979,875327
yqjI:3216779-3217402:+,yqjI,NC_000913.3,3216778,3217402,+,624,Supplementary Table 1,3606,MG1655,3216779,3217402
gtrA:2467855-2468217:+,gtrA,NC_000913.3,2467854,2468217,+,363,Supplementary Table 1,3607,MG1655,2467855,2468217
napH:2298715-2299578:-,napH,NC_000913.3,2298714,2299578,-,864,Supplementary Table 1,3608,MG1655,2298715,2299578
paaJ:1460893-1462098:+,paaJ,NC_000913.3,1460892,1462098,+,1206,Supplementary Table 1,3609,MG1655,1460893,1462098
rrrD:577613-578110:+,rrrD,NC_000913.3,577612,578110,+,498,Supplementary Table 1,3610,MG1655,577613,578110
rseX:2033649-2033739:+,rseX,NC_000913.3,2033648,2033739,+,91,Supplementary Table 1,3611,MG1655,2033649,2033739
ybiX:838530-839207:-,ybiX,NC_000913.3,838529,839207,-,678,Supplementary Table 1,3612,MG1655,838530,839207
nagD:699574-700326:-,nagD,NC_000913.3,699573,700326,-,753,Supplementary Table 1,3613,MG1655,699574,700326
uidB:1692890-1694263:-,uidB,NC_000913.3,1692889,1694263,-,1374,Supplementary Table 1,3614,MG1655,1692890,1694263
symR:4579835-4579911:+,symR,NC_000913.3,4579834,4579911,+,77,Supplementary Table 1,3615,MG1655,4579835,4579911
nudC:4196903-4197676:+,nudC,NC_000913.3,4196902,4197676,+,774,Supplementary Table 1,3616,MG1655,4196903,4197676
ulaG:4418561-4419625:-,ulaG,NC_000913.3,4418560,4419625,-,1065,Supplementary Table 1,3617,MG1655,4418561,4419625
ykfN:263150-263212:-,ykfN,NC_000913.3,263149,263212,-,63,Supplementary Table 1,3618,MG1655,263150,263212
bamD:2736146-2736883:+,bamD,NC_000913.3,2736145,2736883,+,738,Supplementary Table 1,3619,MG1655,2736146,2736883
erpA:176610-176954:+,erpA,NC_000913.3,176609,176954,+,345,Supplementary Table 1,3620,MG1655,176610,176954
bcp:2600478-2600948:+,bcp,NC_000913.3,2600477,2600948,+,471,Supplementary Table 1,3621,MG1655,2600478,2600948
rfbC:2109581-2110138:-,rfbC,NC_000913.3,2109580,2110138,-,558,Supplementary Table 1,3622,MG1655,2109581,2110138
argI:4477307-4478311:-,argI,NC_000913.3,4477306,4478311,-,1005,Supplementary Table 1,3623,MG1655,4477307,4478311
ydfO:1637047-1637457:+,ydfO,NC_000913.3,1637046,1637457,+,411,Supplementary Table 1,3624,MG1655,1637047,1637457
panB:148807-149601:-,panB,NC_000913.3,148806,149601,-,795,Supplementary Table 1,3625,MG1655,148807,149601
ugpC:3588110-3589180:-,ugpC,NC_000913.3,3588109,3589180,-,1071,Supplementary Table 1,3626,MG1655,3588110,3589180
dut:3813932-3814387:+,dut,NC_000913.3,3813931,3814387,+,456,Supplementary Table 1,3627,MG1655,3813932,3814387
entE:626070-627680:+,entE,NC_000913.3,626069,627680,+,1611,Supplementary Table 1,3628,MG1655,626070,627680
nac:2061016-2061933:-,nac,NC_000913.3,2061015,2061933,-,918,Supplementary Table 1,3629,MG1655,2061016,2061933
yhfX:3509813-3510976:-,yhfX,NC_000913.3,3509812,3510976,-,1164,Supplementary Table 1,3630,MG1655,3509813,3510976
livJ:3598555-3599658:-,livJ,NC_000913.3,3598554,3599658,-,1104,Supplementary Table 1,3631,MG1655,3598555,3599658
arsC:3650237-3650662:+,arsC,NC_000913.3,3650236,3650662,+,426,Supplementary Table 1,3632,MG1655,3650237,3650662
frdD:4379007-4379366:-,frdD,NC_000913.3,4379006,4379366,-,360,Supplementary Table 1,3633,MG1655,4379007,4379366
abgA:1403255-1404565:-,abgA,NC_000913.3,1403254,1404565,-,1311,Supplementary Table 1,3634,MG1655,1403255,1404565
ynfB:1655808-1656149:+,ynfB,NC_000913.3,1655807,1656149,+,342,Supplementary Table 1,3635,MG1655,1655808,1656149
gltK:685255-685929:-,gltK,NC_000913.3,685254,685929,-,675,Supplementary Table 1,3636,MG1655,685255,685929
yqhD:3155355-3156518:+,yqhD,NC_000913.3,3155354,3156518,+,1164,Supplementary Table 1,3637,MG1655,3155355,3156518
glpQ:2349935-2351011:-,glpQ,NC_000913.3,2349934,2351011,-,1077,Supplementary Table 1,3638,MG1655,2349935,2351011
kdpE:721056-721733:-,kdpE,NC_000913.3,721055,721733,-,678,Supplementary Table 1,3639,MG1655,721056,721733
ydcO:1504905-1506080:-,ydcO,NC_000913.3,1504904,1506080,-,1176,Supplementary Table 1,3640,MG1655,1504905,1506080
tpiA:4110740-4111507:-,tpiA,NC_000913.3,4110739,4111507,-,768,Supplementary Table 1,3641,MG1655,4110740,4111507
yqjA:3247773-3248435:+,yqjA,NC_000913.3,3247772,3248435,+,663,Supplementary Table 1,3642,MG1655,3247773,3248435
dxr:193521-194717:+,dxr,NC_000913.3,193520,194717,+,1197,Supplementary Table 1,3643,MG1655,193521,194717
paaD:1455925-1456422:+,paaD,NC_000913.3,1455924,1456422,+,498,Supplementary Table 1,3644,MG1655,1455925,1456422
yjbB:4227731-4229362:+,yjbB,NC_000913.3,4227730,4229362,+,1632,Supplementary Table 1,3645,MG1655,4227731,4229362
fadI:2459159-2460469:-,fadI,NC_000913.3,2459158,2460469,-,1311,Supplementary Table 1,3646,MG1655,2459159,2460469
ulaE:4422846-4423700:+,ulaE,NC_000913.3,4422845,4423700,+,855,Supplementary Table 1,3647,MG1655,4422846,4423700
ybiW:860174-862606:-,ybiW,NC_000913.3,860173,862606,-,2433,Supplementary Table 1,3648,MG1655,860174,862606
yraN:3295394-3295789:+,yraN,NC_000913.3,3295393,3295789,+,396,Supplementary Table 1,3649,MG1655,3295394,3295789
priA:4124612-4126810:-,priA,NC_000913.3,4124611,4126810,-,2199,Supplementary Table 1,3650,MG1655,4124612,4126810
csrB:2924156-2924524:-,csrB,NC_000913.3,2924155,2924524,-,369,Supplementary Table 1,3651,MG1655,2924156,2924524
yaeP:213925-214125:-,yaeP,NC_000913.3,213924,214125,-,201,Supplementary Table 1,3652,MG1655,213925,214125
mcbA:841796-842056:-,mcbA,NC_000913.3,841795,842056,-,261,Supplementary Table 1,3653,MG1655,841796,842056
pgsA:1992269-1992817:-,pgsA,NC_000913.3,1992268,1992817,-,549,Supplementary Table 1,3654,MG1655,1992269,1992817
ycjF:1385511-1386572:+,ycjF,NC_000913.3,1385510,1386572,+,1062,Supplementary Table 1,3655,MG1655,1385511,1386572
fhuC:169778-170575:+,fhuC,NC_000913.3,169777,170575,+,798,Supplementary Table 1,3656,MG1655,169778,170575
fabF:1151939-1153180:+,fabF,NC_000913.3,1151938,1153180,+,1242,Supplementary Table 1,3657,MG1655,1151939,1153180
rseA:2708754-2709404:-,rseA,NC_000913.3,2708753,2709404,-,651,Supplementary Table 1,3658,MG1655,2708754,2709404
lpoB:1162638-1163279:+,lpoB,NC_000913.3,1162637,1163279,+,642,Supplementary Table 1,3659,MG1655,1162638,1163279
ycdY:1099640-1100194:+,ycdY,NC_000913.3,1099639,1100194,+,555,Supplementary Table 1,3660,MG1655,1099640,1100194
hycE:2844762-2846471:-,hycE,NC_000913.3,2844761,2846471,-,1710,Supplementary Table 1,3661,MG1655,2844762,2846471
soxR:4277469-4277933:+,soxR,NC_000913.3,4277468,4277933,+,465,Supplementary Table 1,3662,MG1655,4277469,4277933
dppF:3701864-3702868:-,dppF,NC_000913.3,3701863,3702868,-,1005,Supplementary Table 1,3663,MG1655,3701864,3702868
ybjN:892957-893433:+,ybjN,NC_000913.3,892956,893433,+,477,Supplementary Table 1,3664,MG1655,892957,893433
lacZ:363231-366305:-,lacZ,NC_000913.3,363230,366305,-,3075,Supplementary Table 1,3665,MG1655,363231,366305
yqhG:3157650-3158576:+,yqhG,NC_000913.3,3157649,3158576,+,927,Supplementary Table 1,3666,MG1655,3157650,3158576
yaiY:399025-399333:-,yaiY,NC_000913.3,399024,399333,-,309,Supplementary Table 1,3667,MG1655,399025,399333
nfsB:604771-605424:-,nfsB,NC_000913.3,604770,605424,-,654,Supplementary Table 1,3668,MG1655,604771,605424
sgrS:77367-77593:+,sgrS,NC_000913.3,77366,77593,+,227,Supplementary Table 1,3669,MG1655,77367,77593
rpoC:4185350-4189573:+,rpoC,NC_000913.3,4185349,4189573,+,4224,Supplementary Table 1,3670,MG1655,4185350,4189573
yfgD:2617578-2617937:+,yfgD,NC_000913.3,2617577,2617937,+,360,Supplementary Table 1,3671,MG1655,2617578,2617937
ykfG:264256-264732:-,ykfG,NC_000913.3,264255,264732,-,477,Supplementary Table 1,3672,MG1655,264256,264732
yohJ:2230624-2231022:+,yohJ,NC_000913.3,2230623,2231022,+,399,Supplementary Table 1,3673,MG1655,2230624,2231022
ariR:1216369-1216635:+,ariR,NC_000913.3,1216368,1216635,+,267,Supplementary Table 1,3674,MG1655,1216369,1216635
gudX:2919406-2920746:-,gudX,NC_000913.3,2919405,2920746,-,1341,Supplementary Table 1,3675,MG1655,2919406,2920746
ybdD:632182-632379:+,ybdD,NC_000913.3,632181,632379,+,198,Supplementary Table 1,3676,MG1655,632182,632379
dhaK:1249768-1250838:-,dhaK,NC_000913.3,1249767,1250838,-,1071,Supplementary Table 1,3677,MG1655,1249768,1250838
yciO:1324098-1324718:+,yciO,NC_000913.3,1324097,1324718,+,621,Supplementary Table 1,3678,MG1655,1324098,1324718
dgkA:4256637-4257005:+,dgkA,NC_000913.3,4256636,4257005,+,369,Supplementary Table 1,3679,MG1655,4256637,4257005
cycA:4429864-4431276:+,cycA,NC_000913.3,4429863,4431276,+,1413,Supplementary Table 1,3680,MG1655,4429864,4431276
menH:2376834-2377592:-,menH,NC_000913.3,2376833,2377592,-,759,Supplementary Table 1,3681,MG1655,2376834,2377592
yihU:4072675-4073571:-,yihU,NC_000913.3,4072674,4073571,-,897,Supplementary Table 1,3682,MG1655,4072675,4073571
csgC:1104961-1105293:+,csgC,NC_000913.3,1104960,1105293,+,333,Supplementary Table 1,3683,MG1655,1104961,1105293
prfA:1265012-1266094:+,prfA,NC_000913.3,1265011,1266094,+,1083,Supplementary Table 1,3684,MG1655,1265012,1266094
rhaA:4094723-4095982:-,rhaA,NC_000913.3,4094722,4095982,-,1260,Supplementary Table 1,3685,MG1655,4094723,4095982
yddK:1544384-1545714:-,yddK,NC_000913.3,1544383,1545714,-,1331,Supplementary Table 1,3686,MG1655,1544384,1545714
ytfK:4439587-4439793:+,ytfK,NC_000913.3,4439586,4439793,+,207,Supplementary Table 1,3687,MG1655,4439587,4439793
yfcG:2420621-2421268:+,yfcG,NC_000913.3,2420620,2421268,+,648,Supplementary Table 1,3688,MG1655,2420621,2421268
sokX:2887354-2887409:+,sokX,NC_000913.3,2887353,2887409,+,56,Supplementary Table 1,3689,MG1655,2887354,2887409
xseA:2634232-2635602:+,xseA,NC_000913.3,2634231,2635602,+,1371,Supplementary Table 1,3690,MG1655,2634232,2635602
eptC:4148532-4150265:-,eptC,NC_000913.3,4148531,4150265,-,1734,Supplementary Table 1,3691,MG1655,4148532,4150265
obgE:3330582-3331754:-,obgE,NC_000913.3,3330581,3331754,-,1173,Supplementary Table 1,3692,MG1655,3330582,3331754
ldcC:209679-211820:+,ldcC,NC_000913.3,209678,211820,+,2142,Supplementary Table 1,3693,MG1655,209679,211820
relE:1645346-1645633:-,relE,NC_000913.3,1645345,1645633,-,288,Supplementary Table 1,3694,MG1655,1645346,1645633
sapB:1354505-1355470:-,sapB,NC_000913.3,1354504,1355470,-,966,Supplementary Table 1,3695,MG1655,1354505,1355470
yagA:280829-281983:-,yagA,NC_000913.3,280828,281983,-,1155,Supplementary Table 1,3696,MG1655,280829,281983
ygcO:2893919-2894179:+,ygcO,NC_000913.3,2893918,2894179,+,261,Supplementary Table 1,3697,MG1655,2893919,2894179
citT:645117-646580:-,citT,NC_000913.3,645116,646580,-,1464,Supplementary Table 1,3698,MG1655,645117,646580
ykgL:312112-312339:+,ykgL,NC_000913.3,312111,312339,+,228,Supplementary Table 1,3699,MG1655,312112,312339
era:2702481-2703386:-,era,NC_000913.3,2702480,2703386,-,906,Supplementary Table 1,3700,MG1655,2702481,2703386
fruA:2259719-2261410:-,fruA,NC_000913.3,2259718,2261410,-,1692,Supplementary Table 1,3701,MG1655,2259719,2261410
katG:4133835-4136015:+,katG,NC_000913.3,4133834,4136015,+,2181,Supplementary Table 1,3702,MG1655,4133835,4136015
ycbX:1006491-1007600:-,ycbX,NC_000913.3,1006490,1007600,-,1110,Supplementary Table 1,3703,MG1655,1006491,1007600
yccJ:1066864-1067091:-,yccJ,NC_000913.3,1066863,1067091,-,228,Supplementary Table 1,3704,MG1655,1066864,1067091
sseA:2652494-2653339:+,sseA,NC_000913.3,2652493,2653339,+,846,Supplementary Table 1,3705,MG1655,2652494,2653339
cysU:2541679-2542512:-,cysU,NC_000913.3,2541678,2542512,-,834,Supplementary Table 1,3706,MG1655,2541679,2542512
xisD:565858-566079:-,xisD,NC_000913.3,565857,566079,-,222,Supplementary Table 1,3707,MG1655,565858,566079
rutG:1068511-1069839:-,rutG,NC_000913.3,1068510,1069839,-,1329,Supplementary Table 1,3708,MG1655,1068511,1069839
pnp:3309033-3311168:-,pnp,NC_000913.3,3309032,3311168,-,2136,Supplementary Table 1,3709,MG1655,3309033,3311168
cheZ:1966393-1967037:-,cheZ,NC_000913.3,1966392,1967037,-,645,Supplementary Table 1,3710,MG1655,1966393,1967037
ygeI:2993638-2993856:+,ygeI,NC_000913.3,2993637,2993856,+,219,Supplementary Table 1,3711,MG1655,2993638,2993856
yibB:3792826-3793683:-,yibB,NC_000913.3,3792825,3793683,-,858,Supplementary Table 1,3712,MG1655,3792826,3793683
yqcE:2900592-2901869:+,yqcE,NC_000913.3,2900591,2901869,+,1278,Supplementary Table 1,3713,MG1655,2900592,2901869
ccmA:2297021-2297644:-,ccmA,NC_000913.3,2297020,2297644,-,624,Supplementary Table 1,3714,MG1655,2297021,2297644
cdh:4109930-4110685:+,cdh,NC_000913.3,4109929,4110685,+,756,Supplementary Table 1,3715,MG1655,4109930,4110685
narG:1279864-1283607:+,narG,NC_000913.3,1279863,1283607,+,3744,Supplementary Table 1,3716,MG1655,1279864,1283607
ybiJ:837665-837925:-,ybiJ,NC_000913.3,837664,837925,-,261,Supplementary Table 1,3717,MG1655,837665,837925
ppiD:461915-463786:+,ppiD,NC_000913.3,461914,463786,+,1872,Supplementary Table 1,3718,MG1655,461915,463786
purL:2691656-2695543:-,purL,NC_000913.3,2691655,2695543,-,3888,Supplementary Table 1,3719,MG1655,2691656,2695543
ycfQ:1168200-1168832:-,ycfQ,NC_000913.3,1168199,1168832,-,633,Supplementary Table 1,3720,MG1655,1168200,1168832
ybaP:507286-508080:-,ybaP,NC_000913.3,507285,508080,-,795,Supplementary Table 1,3721,MG1655,507286,508080
dkgB:229167-229970:+,dkgB,NC_000913.3,229166,229970,+,804,Supplementary Table 1,3722,MG1655,229167,229970
rluC:1144940-1145899:+,rluC,NC_000913.3,1144939,1145899,+,960,Supplementary Table 1,3723,MG1655,1144940,1145899
mutS:2857093-2859654:+,mutS,NC_000913.3,2857092,2859654,+,2562,Supplementary Table 1,3724,MG1655,2857093,2859654
oxyR:4158490-4159407:+,oxyR,NC_000913.3,4158489,4159407,+,918,Supplementary Table 1,3725,MG1655,4158490,4159407
fepD:621185-622189:-,fepD,NC_000913.3,621184,622189,-,1005,Supplementary Table 1,3726,MG1655,621185,622189
lpxK:968366-969352:+,lpxK,NC_000913.3,968365,969352,+,987,Supplementary Table 1,3727,MG1655,968366,969352
hcr:911182-912150:-,hcr,NC_000913.3,911181,912150,-,969,Supplementary Table 1,3728,MG1655,911182,912150
msrB:1862016-1862429:-,msrB,NC_000913.3,1862015,1862429,-,414,Supplementary Table 1,3729,MG1655,1862016,1862429
relB:1645633-1645872:-,relB,NC_000913.3,1645632,1645872,-,240,Supplementary Table 1,3730,MG1655,1645633,1645872
ybbP:520416-522830:+,ybbP,NC_000913.3,520415,522830,+,2415,Supplementary Table 1,3731,MG1655,520416,522830
ycaL:960264-961028:+,ycaL,NC_000913.3,960263,961028,+,765,Supplementary Table 1,3732,MG1655,960264,961028
moaC:818570-819055:+,moaC,NC_000913.3,818569,819055,+,486,Supplementary Table 1,3733,MG1655,818570,819055
rpsA:961995-963668:+,rpsA,NC_000913.3,961994,963668,+,1674,Supplementary Table 1,3734,MG1655,961995,963668
ydiH:1764934-1765122:-,ydiH,NC_000913.3,1764933,1765122,-,189,Supplementary Table 1,3735,MG1655,1764934,1765122
yneL:1590334-1590536:-,yneL,NC_000913.3,1590333,1590536,-,203,Supplementary Table 1,3736,MG1655,1590334,1590536
yjgZ:4501260-4501589:+,yjgZ,NC_000913.3,4501259,4501589,+,330,Supplementary Table 1,3737,MG1655,4501260,4501589
nadB:2710420-2712042:+,nadB,NC_000913.3,2710419,2712042,+,1623,Supplementary Table 1,3738,MG1655,2710420,2712042
ygiQ:3158927-3161146:-,ygiQ,NC_000913.3,3158926,3161146,-,2220,Supplementary Table 1,3739,MG1655,3158927,3161146
ddpD:1558031-1559017:-,ddpD,NC_000913.3,1558030,1559017,-,987,Supplementary Table 1,3740,MG1655,1558031,1559017
rplA:4178879-4179583:+,rplA,NC_000913.3,4178878,4179583,+,705,Supplementary Table 1,3741,MG1655,4178879,4179583
hyfD:2604811-2606250:+,hyfD,NC_000913.3,2604810,2606250,+,1440,Supplementary Table 1,3742,MG1655,2604811,2606250
speD:134788-135582:-,speD,NC_000913.3,134787,135582,-,795,Supplementary Table 1,3743,MG1655,134788,135582
yaaW:10643-11356:-,yaaW,NC_000913.3,10642,11356,-,714,Supplementary Table 1,3744,MG1655,10643,11356
yafF:239106-239378:+,yafF,NC_000913.3,239105,239378,+,273,Supplementary Table 1,3745,MG1655,239106,239378
eutH:2566881-2568107:-,eutH,NC_000913.3,2566880,2568107,-,1227,Supplementary Table 1,3746,MG1655,2566881,2568107
yciM:1340558-1341727:+,yciM,NC_000913.3,1340557,1341727,+,1170,Supplementary Table 1,3747,MG1655,1340558,1341727
torA:1059256-1061802:+,torA,NC_000913.3,1059255,1061802,+,2547,Supplementary Table 1,3748,MG1655,1059256,1061802
yeeJ:2044938-2052014:+,yeeJ,NC_000913.3,2044937,2052014,+,7077,Supplementary Table 1,3749,MG1655,2044938,2052014
yqeL:2989819-2989899:-,yqeL,NC_000913.3,2989818,2989899,-,81,Supplementary Table 1,3750,MG1655,2989819,2989899
uup:1009964-1011871:+,uup,NC_000913.3,1009963,1011871,+,1908,Supplementary Table 1,3751,MG1655,1009964,1011871
dauA:1259124-1260803:-,dauA,NC_000913.3,1259123,1260803,-,1680,Supplementary Table 1,3752,MG1655,1259124,1260803
rhaM:4093124-4093438:-,rhaM,NC_000913.3,4093123,4093438,-,315,Supplementary Table 1,3753,MG1655,4093124,4093438
yafL:246712-247461:+,yafL,NC_000913.3,246711,247461,+,750,Supplementary Table 1,3754,MG1655,246712,247461
ylbF:549627-550442:+,ylbF,NC_000913.3,549626,550442,+,816,Supplementary Table 1,3755,MG1655,549627,550442
sokA:3722076-3722105:+,sokA,NC_000913.3,3722075,3722105,+,30,Supplementary Table 1,3756,MG1655,3722076,3722105
pnuC:783166-783885:+,pnuC,NC_000913.3,783165,783885,+,720,Supplementary Table 1,3757,MG1655,783166,783885
lysR:2979021-2979956:+,lysR,NC_000913.3,2979020,2979956,+,936,Supplementary Table 1,3758,MG1655,2979021,2979956
yidP:3863899-3864615:+,yidP,NC_000913.3,3863898,3864615,+,717,Supplementary Table 1,3759,MG1655,3863899,3864615
psrO:3311225-3311398:+,psrO,NC_000913.3,3311224,3311398,+,174,Supplementary Table 1,3760,MG1655,3311225,3311398
gcvT:3049573-3050667:-,gcvT,NC_000913.3,3049572,3050667,-,1095,Supplementary Table 1,3761,MG1655,3049573,3050667
glcD:3126522-3128021:-,glcD,NC_000913.3,3126521,3128021,-,1500,Supplementary Table 1,3762,MG1655,3126522,3128021
mnaT:1518328-1518846:-,mnaT,NC_000913.3,1518327,1518846,-,519,Supplementary Table 1,3763,MG1655,1518328,1518846
tyrP:1989681-1990892:+,tyrP,NC_000913.3,1989680,1990892,+,1212,Supplementary Table 1,3764,MG1655,1989681,1990892
eamA:1620238-1621137:-,eamA,NC_000913.3,1620237,1621137,-,900,Supplementary Table 1,3765,MG1655,1620238,1621137
ysaA:3741109-3741582:-,ysaA,NC_000913.3,3741108,3741582,-,474,Supplementary Table 1,3766,MG1655,3741109,3741582
ves:1824362-1824937:-,ves,NC_000913.3,1824361,1824937,-,576,Supplementary Table 1,3767,MG1655,1824362,1824937
ybeL:675018-675500:+,ybeL,NC_000913.3,675017,675500,+,483,Supplementary Table 1,3768,MG1655,675018,675500
glpB:2354265-2355524:+,glpB,NC_000913.3,2354264,2355524,+,1260,Supplementary Table 1,3769,MG1655,2354265,2355524
ymiB:1346796-1346900:+,ymiB,NC_000913.3,1346795,1346900,+,105,Supplementary Table 1,3770,MG1655,1346796,1346900
ydiZ:1807400-1807690:+,ydiZ,NC_000913.3,1807399,1807690,+,291,Supplementary Table 1,3771,MG1655,1807400,1807690
yceD:1146794-1147315:+,yceD,NC_000913.3,1146793,1147315,+,522,Supplementary Table 1,3772,MG1655,1146794,1147315
ydhT:1748747-1749559:-,ydhT,NC_000913.3,1748746,1749559,-,813,Supplementary Table 1,3773,MG1655,1748747,1749559
ymfM:1203822-1204160:+,ymfM,NC_000913.3,1203821,1204160,+,339,Supplementary Table 1,3774,MG1655,1203822,1204160
yecA:1990954-1991619:-,yecA,NC_000913.3,1990953,1991619,-,666,Supplementary Table 1,3775,MG1655,1990954,1991619
tsgA:3492568-3493749:+,tsgA,NC_000913.3,3492567,3493749,+,1182,Supplementary Table 1,3776,MG1655,3492568,3493749
topB:1844999-1846960:-,topB,NC_000913.3,1844998,1846960,-,1962,Supplementary Table 1,3777,MG1655,1844999,1846960
elaA:2381082-2381543:-,elaA,NC_000913.3,2381081,2381543,-,462,Supplementary Table 1,3778,MG1655,2381082,2381543
ypdK:2496921-2496992:+,ypdK,NC_000913.3,2496920,2496992,+,72,Supplementary Table 1,3779,MG1655,2496921,2496992
asnW:2058027-2058102:-,asnW,NC_000913.3,2058026,2058102,-,76,Supplementary Table 1,3780,MG1655,2058027,2058102
baeS:2162876-2164279:+,baeS,NC_000913.3,2162875,2164279,+,1404,Supplementary Table 1,3781,MG1655,2162876,2164279
cysQ:4436755-4437495:+,cysQ,NC_000913.3,4436754,4437495,+,741,Supplementary Table 1,3782,MG1655,4436755,4437495
hyfE:2606262-2606912:+,hyfE,NC_000913.3,2606261,2606912,+,651,Supplementary Table 1,3783,MG1655,2606262,2606912
thrU:4175388-4175463:+,thrU,NC_000913.3,4175387,4175463,+,76,Supplementary Table 1,3784,MG1655,4175388,4175463
yfcF:2419841-2420485:-,yfcF,NC_000913.3,2419840,2420485,-,645,Supplementary Table 1,3785,MG1655,2419841,2420485
ygfM:3020540-3021319:+,ygfM,NC_000913.3,3020539,3021319,+,780,Supplementary Table 1,3786,MG1655,3020540,3021319
ykgR:313141-313242:-,ykgR,NC_000913.3,313140,313242,-,102,Supplementary Table 1,3787,MG1655,313141,313242
qseC:3170484-3171833:+,qseC,NC_000913.3,3170483,3171833,+,1350,Supplementary Table 1,3788,MG1655,3170484,3171833
rcsB:2316177-2316827:+,rcsB,NC_000913.3,2316176,2316827,+,651,Supplementary Table 1,3789,MG1655,2316177,2316827
rmf:1015715-1015882:+,rmf,NC_000913.3,1015714,1015882,+,168,Supplementary Table 1,3790,MG1655,1015715,1015882
ycbU:1002889-1003431:+,ycbU,NC_000913.3,1002888,1003431,+,543,Supplementary Table 1,3791,MG1655,1002889,1003431
yjcD:4278479-4279828:+,yjcD,NC_000913.3,4278478,4279828,+,1350,Supplementary Table 1,3792,MG1655,4278479,4279828
cpxP:4105820-4106320:+,cpxP,NC_000913.3,4105819,4106320,+,501,Supplementary Table 1,3793,MG1655,4105820,4106320
fhuE:1159362-1161551:-,fhuE,NC_000913.3,1159361,1161551,-,2190,Supplementary Table 1,3794,MG1655,1159362,1161551
ribC:1742601-1743242:-,ribC,NC_000913.3,1742600,1743242,-,642,Supplementary Table 1,3795,MG1655,1742601,1743242
feoA:3540163-3540390:+,feoA,NC_000913.3,3540162,3540390,+,228,Supplementary Table 1,3796,MG1655,3540163,3540390
yfjW:2773318-2775021:+,yfjW,NC_000913.3,2773317,2775021,+,1704,Supplementary Table 1,3797,MG1655,2773318,2775021
paaA:1453927-1454856:+,paaA,NC_000913.3,1453926,1454856,+,930,Supplementary Table 1,3798,MG1655,1453927,1454856
prc:1912768-1914816:-,prc,NC_000913.3,1912767,1914816,-,2049,Supplementary Table 1,3799,MG1655,1912768,1914816
atoB:2326109-2327293:+,atoB,NC_000913.3,2326108,2327293,+,1185,Supplementary Table 1,3800,MG1655,2326109,2327293
phnO:4315104-4315538:-,phnO,NC_000913.3,4315103,4315538,-,435,Supplementary Table 1,3801,MG1655,4315104,4315538
secF:429505-430476:+,secF,NC_000913.3,429504,430476,+,972,Supplementary Table 1,3802,MG1655,429505,430476
lptG:4487318-4488400:+,lptG,NC_000913.3,4487317,4488400,+,1083,Supplementary Table 1,3803,MG1655,4487318,4488400
carB:30817-34038:+,carB,NC_000913.3,30816,34038,+,3222,Supplementary Table 1,3804,MG1655,30817,34038
mntS:852869-852997:-,mntS,NC_000913.3,852868,852997,-,129,Supplementary Table 1,3805,MG1655,852869,852997
ybhA:797613-798431:-,ybhA,NC_000913.3,797612,798431,-,819,Supplementary Table 1,3806,MG1655,797613,798431
ykfL:266553-266774:-,ykfL,NC_000913.3,266552,266774,-,222,Supplementary Table 1,3807,MG1655,266553,266774
yhbV:3302489-3303367:+,yhbV,NC_000913.3,3302488,3303367,+,879,Supplementary Table 1,3808,MG1655,3302489,3303367
wbbJ:2104494-2105084:-,wbbJ,NC_000913.3,2104493,2105084,-,591,Supplementary Table 1,3809,MG1655,2104494,2105084
mreB:3400044-3401087:-,mreB,NC_000913.3,3400043,3401087,-,1044,Supplementary Table 1,3810,MG1655,3400044,3401087
puuA:1359490-1360908:-,puuA,NC_000913.3,1359489,1360908,-,1419,Supplementary Table 1,3811,MG1655,1359490,1360908
yccT:1027111-1027773:-,yccT,NC_000913.3,1027110,1027773,-,663,Supplementary Table 1,3812,MG1655,1027111,1027773
ackA:2413470-2414672:+,ackA,NC_000913.3,2413469,2414672,+,1203,Supplementary Table 1,3813,MG1655,2413470,2414672
ydhW:1751077-1751724:-,ydhW,NC_000913.3,1751076,1751724,-,648,Supplementary Table 1,3814,MG1655,1751077,1751724
hokE:607836-607988:+,hokE,NC_000913.3,607835,607988,+,153,Supplementary Table 1,3815,MG1655,607836,607988
yhaM:3255341-3256651:-,yhaM,NC_000913.3,3255340,3256651,-,1311,Supplementary Table 1,3816,MG1655,3255341,3256651
fliR:2022893-2023678:+,fliR,NC_000913.3,2022892,2023678,+,786,Supplementary Table 1,3817,MG1655,2022893,2023678
yhcF:3366926-3367642:+,yhcF,NC_000913.3,3366925,3367642,+,717,Supplementary Table 1,3818,MG1655,3366926,3367642
ypdJ:2476181-2476231:+,ypdJ,NC_000913.3,2476180,2476231,+,51,Supplementary Table 1,3819,MG1655,2476181,2476231
zitB:783882-784823:-,zitB,NC_000913.3,783881,784823,-,942,Supplementary Table 1,3820,MG1655,783882,784823
fiu:839249-841531:-,fiu,NC_000913.3,839248,841531,-,2283,Supplementary Table 1,3821,MG1655,839249,841531
dgoD:3871850-3872998:-,dgoD,NC_000913.3,3871849,3872998,-,1149,Supplementary Table 1,3822,MG1655,3871850,3872998
yedI:2028449-2029366:-,yedI,NC_000913.3,2028448,2029366,-,918,Supplementary Table 1,3823,MG1655,2028449,2029366
yjfY:4424516-4424791:-,yjfY,NC_000913.3,4424515,4424791,-,276,Supplementary Table 1,3824,MG1655,4424516,4424791
yneE:1608108-1609022:-,yneE,NC_000913.3,1608107,1609022,-,915,Supplementary Table 1,3825,MG1655,1608108,1609022
yafZ:267184-268005:-,yafZ,NC_000913.3,267183,268005,-,822,Supplementary Table 1,3826,MG1655,267184,268005
yaeH:183709-184095:-,yaeH,NC_000913.3,183708,184095,-,387,Supplementary Table 1,3827,MG1655,183709,184095
gfcA:1049439-1049744:-,gfcA,NC_000913.3,1049438,1049744,-,306,Supplementary Table 1,3828,MG1655,1049439,1049744
yoaB:1893367-1893711:+,yoaB,NC_000913.3,1893366,1893711,+,345,Supplementary Table 1,3829,MG1655,1893367,1893711
yjhQ:4533239-4533784:-,yjhQ,NC_000913.3,4533238,4533784,-,546,Supplementary Table 1,3830,MG1655,4533239,4533784
tktA:3079644-3081635:-,tktA,NC_000913.3,3079643,3081635,-,1992,Supplementary Table 1,3831,MG1655,3079644,3081635
hisS:2639301-2640575:-,hisS,NC_000913.3,2639300,2640575,-,1275,Supplementary Table 1,3832,MG1655,2639301,2640575
msyB:1113807-1114181:-,msyB,NC_000913.3,1113806,1114181,-,375,Supplementary Table 1,3833,MG1655,1113807,1114181
yqcG:2905557-2905697:+,yqcG,NC_000913.3,2905556,2905697,+,141,Supplementary Table 1,3834,MG1655,2905557,2905697
dnaQ:236067-236798:+,dnaQ,NC_000913.3,236066,236798,+,732,Supplementary Table 1,3835,MG1655,236067,236798
fnr:1398774-1399526:-,fnr,NC_000913.3,1398773,1399526,-,753,Supplementary Table 1,3836,MG1655,1398774,1399526
folX:2421325-2421687:+,folX,NC_000913.3,2421324,2421687,+,363,Supplementary Table 1,3837,MG1655,2421325,2421687
glmM:3322733-3324070:-,glmM,NC_000913.3,3322732,3324070,-,1338,Supplementary Table 1,3838,MG1655,3322733,3324070
glmS:3911839-3913668:-,glmS,NC_000913.3,3911838,3913668,-,1830,Supplementary Table 1,3839,MG1655,3911839,3913668
nagB:702811-703611:-,nagB,NC_000913.3,702810,703611,-,801,Supplementary Table 1,3840,MG1655,702811,703611
pncB:989154-990356:-,pncB,NC_000913.3,989153,990356,-,1203,Supplementary Table 1,3841,MG1655,989154,990356
rnr:4406654-4409095:+,rnr,NC_000913.3,4406653,4409095,+,2442,Supplementary Table 1,3842,MG1655,4406654,4409095
proS:217057-218775:-,proS,NC_000913.3,217056,218775,-,1719,Supplementary Table 1,3843,MG1655,217057,218775
trpB:1317222-1318415:-,trpB,NC_000913.3,1317221,1318415,-,1194,Supplementary Table 1,3844,MG1655,1317222,1318415
paaH:1459054-1460481:+,paaH,NC_000913.3,1459053,1460481,+,1428,Supplementary Table 1,3845,MG1655,1459054,1460481
cdsA:195677-196534:+,cdsA,NC_000913.3,195676,196534,+,858,Supplementary Table 1,3846,MG1655,195677,196534
hicB:1509508-1509924:+,hicB,NC_000913.3,1509507,1509924,+,417,Supplementary Table 1,3847,MG1655,1509508,1509924
narI:1285849-1286526:+,narI,NC_000913.3,1285848,1286526,+,678,Supplementary Table 1,3848,MG1655,1285849,1286526
lldD:3779827-3781017:+,lldD,NC_000913.3,3779826,3781017,+,1191,Supplementary Table 1,3849,MG1655,3779827,3781017
yjcE:4279980-4281629:+,yjcE,NC_000913.3,4279979,4281629,+,1650,Supplementary Table 1,3850,MG1655,4279980,4281629
ogrK:2167302-2167520:-,ogrK,NC_000913.3,2167301,2167520,-,219,Supplementary Table 1,3851,MG1655,2167302,2167520
ydcU:1513831-1514772:+,ydcU,NC_000913.3,1513830,1514772,+,942,Supplementary Table 1,3852,MG1655,1513831,1514772
queC:464852-465547:-,queC,NC_000913.3,464851,465547,-,696,Supplementary Table 1,3853,MG1655,464852,465547
sufD:1760520-1761791:-,sufD,NC_000913.3,1760519,1761791,-,1272,Supplementary Table 1,3854,MG1655,1760520,1761791
yccF:1023902-1024348:-,yccF,NC_000913.3,1023901,1024348,-,447,Supplementary Table 1,3855,MG1655,1023902,1024348
yohC:2225044-2225631:-,yohC,NC_000913.3,2225043,2225631,-,588,Supplementary Table 1,3856,MG1655,2225044,2225631
kduD:2982497-2983258:-,kduD,NC_000913.3,2982496,2983258,-,762,Supplementary Table 1,3857,MG1655,2982497,2983258
yohD:2225801-2226379:+,yohD,NC_000913.3,2225800,2226379,+,579,Supplementary Table 1,3858,MG1655,2225801,2226379
lptF:4486218-4487318:+,lptF,NC_000913.3,4486217,4487318,+,1101,Supplementary Table 1,3859,MG1655,4486218,4487318
glnG:4053869-4055278:-,glnG,NC_000913.3,4053868,4055278,-,1410,Supplementary Table 1,3860,MG1655,4053869,4055278
ybfK:720583-720840:+,ybfK,NC_000913.3,720582,720840,+,258,Supplementary Table 1,3861,MG1655,720583,720840
ycbF:1003947-1004657:+,ycbF,NC_000913.3,1003946,1004657,+,711,Supplementary Table 1,3862,MG1655,1003947,1004657
yniB:1808697-1809233:-,yniB,NC_000913.3,1808696,1809233,-,537,Supplementary Table 1,3863,MG1655,1808697,1809233
ypaA:2357816-2358001:+,ypaA,NC_000913.3,2357815,2358001,+,186,Supplementary Table 1,3864,MG1655,2357816,2358001
ynjH:1841863-1842135:-,ynjH,NC_000913.3,1841862,1842135,-,273,Supplementary Table 1,3865,MG1655,1841863,1842135
yicH:3830457-3832166:+,yicH,NC_000913.3,3830456,3832166,+,1710,Supplementary Table 1,3866,MG1655,3830457,3832166
galT:789983-791029:-,galT,NC_000913.3,789982,791029,-,1047,Supplementary Table 1,3867,MG1655,789983,791029
aroH:1788435-1789481:+,aroH,NC_000913.3,1788434,1789481,+,1047,Supplementary Table 1,3868,MG1655,1788435,1789481
ycaP:956762-957454:+,ycaP,NC_000913.3,956761,957454,+,693,Supplementary Table 1,3869,MG1655,956762,957454
rluF:4230354-4231226:+,rluF,NC_000913.3,4230353,4231226,+,873,Supplementary Table 1,3870,MG1655,4230354,4231226
yraK:3291341-3292432:+,yraK,NC_000913.3,3291340,3292432,+,1092,Supplementary Table 1,3871,MG1655,3291341,3292432
yfjV:2772167-2773182:-,yfjV,NC_000913.3,2772166,2773182,-,1016,Supplementary Table 1,3872,MG1655,2772167,2773182
pspD:1369393-1369614:+,pspD,NC_000913.3,1369392,1369614,+,222,Supplementary Table 1,3873,MG1655,1369393,1369614
sokE:607734-607792:+,sokE,NC_000913.3,607733,607792,+,59,Supplementary Table 1,3874,MG1655,607734,607792
dsdC:2476694-2477629:-,dsdC,NC_000913.3,2476693,2477629,-,936,Supplementary Table 1,3875,MG1655,2476694,2477629
gspJ:3462344-3462931:+,gspJ,NC_000913.3,3462343,3462931,+,588,Supplementary Table 1,3876,MG1655,3462344,3462931
hyaC:1035066-1035773:+,hyaC,NC_000913.3,1035065,1035773,+,708,Supplementary Table 1,3877,MG1655,1035066,1035773
bioA:807968-809257:-,bioA,NC_000913.3,807967,809257,-,1290,Supplementary Table 1,3878,MG1655,807968,809257
prpE:352706-354592:+,prpE,NC_000913.3,352705,354592,+,1887,Supplementary Table 1,3879,MG1655,352706,354592
citC:650798-651856:-,citC,NC_000913.3,650797,651856,-,1059,Supplementary Table 1,3880,MG1655,650798,651856
endA:3090347-3091054:+,endA,NC_000913.3,3090346,3091054,+,708,Supplementary Table 1,3881,MG1655,3090347,3091054
yfiM:2724128-2724451:+,yfiM,NC_000913.3,2724127,2724451,+,324,Supplementary Table 1,3882,MG1655,2724128,2724451
carA:29651-30799:+,carA,NC_000913.3,29650,30799,+,1149,Supplementary Table 1,3883,MG1655,29651,30799
asd:3573775-3574878:-,asd,NC_000913.3,3573774,3574878,-,1104,Supplementary Table 1,3884,MG1655,3573775,3574878
tfaD:581660-582097:+,tfaD,NC_000913.3,581659,582097,+,438,Supplementary Table 1,3885,MG1655,581660,582097
yfaS:2329798-2334402:-,yfaS,NC_000913.3,2329797,2334402,-,4605,Supplementary Table 1,3886,MG1655,2329798,2334402
malG:4242626-4243516:-,malG,NC_000913.3,4242625,4243516,-,891,Supplementary Table 1,3887,MG1655,4242626,4243516
ddpC:1559014-1559910:-,ddpC,NC_000913.3,1559013,1559910,-,897,Supplementary Table 1,3888,MG1655,1559014,1559910
nuoE:2401552-2402052:-,nuoE,NC_000913.3,2401551,2402052,-,501,Supplementary Table 1,3889,MG1655,2401552,2402052
waaP:3805153-3805950:-,waaP,NC_000913.3,3805152,3805950,-,798,Supplementary Table 1,3890,MG1655,3805153,3805950
rcnB:2186960-2187298:+,rcnB,NC_000913.3,2186959,2187298,+,339,Supplementary Table 1,3891,MG1655,2186960,2187298
yeaD:1863850-1864734:+,yeaD,NC_000913.3,1863849,1864734,+,885,Supplementary Table 1,3892,MG1655,1863850,1864734
exoX:1926120-1926782:+,exoX,NC_000913.3,1926119,1926782,+,663,Supplementary Table 1,3893,MG1655,1926120,1926782
ycgJ:1226600-1226968:+,ycgJ,NC_000913.3,1226599,1226968,+,369,Supplementary Table 1,3894,MG1655,1226600,1226968
argS:1960062-1961795:+,argS,NC_000913.3,1960061,1961795,+,1734,Supplementary Table 1,3895,MG1655,1960062,1961795
yadS:177001-177624:-,yadS,NC_000913.3,177000,177624,-,624,Supplementary Table 1,3896,MG1655,177001,177624
yphH:2682863-2684056:+,yphH,NC_000913.3,2682862,2684056,+,1194,Supplementary Table 1,3897,MG1655,2682863,2684056
yqjD:3249375-3249680:+,yqjD,NC_000913.3,3249374,3249680,+,306,Supplementary Table 1,3898,MG1655,3249375,3249680
sufS:1759303-1760523:-,sufS,NC_000913.3,1759302,1760523,-,1221,Supplementary Table 1,3899,MG1655,1759303,1760523
hycC:2847415-2849241:-,hycC,NC_000913.3,2847414,2849241,-,1827,Supplementary Table 1,3900,MG1655,2847415,2849241
dsbD:4363345-4365042:-,dsbD,NC_000913.3,4363344,4365042,-,1698,Supplementary Table 1,3901,MG1655,4363345,4365042
rne:1141182-1144367:-,rne,NC_000913.3,1141181,1144367,-,3186,Supplementary Table 1,3902,MG1655,1141182,1144367
aaeR:3389520-3390449:+,aaeR,NC_000913.3,3389519,3390449,+,930,Supplementary Table 1,3903,MG1655,3389520,3390449
malS:3737497-3739527:+,malS,NC_000913.3,3737496,3739527,+,2031,Supplementary Table 1,3904,MG1655,3737497,3739527
mhpD:372115-372924:+,mhpD,NC_000913.3,372114,372924,+,810,Supplementary Table 1,3905,MG1655,372115,372924
zipA:2530247-2531233:-,zipA,NC_000913.3,2530246,2531233,-,987,Supplementary Table 1,3906,MG1655,2530247,2531233
recA:2822708-2823769:-,recA,NC_000913.3,2822707,2823769,-,1062,Supplementary Table 1,3907,MG1655,2822708,2823769
ybeX:690906-691784:-,ybeX,NC_000913.3,690905,691784,-,879,Supplementary Table 1,3908,MG1655,690906,691784
yfjK:2761351-2763540:-,yfjK,NC_000913.3,2761350,2763540,-,2190,Supplementary Table 1,3909,MG1655,2761351,2763540
leuL:83622-83708:-,leuL,NC_000913.3,83621,83708,-,87,Supplementary Table 1,3910,MG1655,83622,83708
ybgJ:743593-744249:+,ybgJ,NC_000913.3,743592,744249,+,657,Supplementary Table 1,3911,MG1655,743593,744249
entD:609459-610079:-,entD,NC_000913.3,609458,610079,-,621,Supplementary Table 1,3912,MG1655,609459,610079
hemN:4052045-4053418:+,hemN,NC_000913.3,4052044,4053418,+,1374,Supplementary Table 1,3913,MG1655,4052045,4053418
sgcA:4527549-4527980:-,sgcA,NC_000913.3,4527548,4527980,-,432,Supplementary Table 1,3914,MG1655,4527549,4527980
waaU:3798239-3799312:-,waaU,NC_000913.3,3798238,3799312,-,1074,Supplementary Table 1,3915,MG1655,3798239,3799312
atoC:2321866-2323251:+,atoC,NC_000913.3,2321865,2323251,+,1386,Supplementary Table 1,3916,MG1655,2321866,2323251
hypE:2853254-2854264:+,hypE,NC_000913.3,2853253,2854264,+,1011,Supplementary Table 1,3917,MG1655,2853254,2854264
pykA:1937649-1939091:+,pykA,NC_000913.3,1937648,1939091,+,1443,Supplementary Table 1,3918,MG1655,1937649,1939091
shiA:2053643-2054959:+,shiA,NC_000913.3,2053642,2054959,+,1317,Supplementary Table 1,3919,MG1655,2053643,2054959
araJ:411297-412481:-,araJ,NC_000913.3,411296,412481,-,1185,Supplementary Table 1,3920,MG1655,411297,412481
atpI:3922060-3922440:-,atpI,NC_000913.3,3922059,3922440,-,381,Supplementary Table 1,3921,MG1655,3922060,3922440
crcB:657555-657938:-,crcB,NC_000913.3,657554,657938,-,384,Supplementary Table 1,3922,MG1655,657555,657938
hcaT:2666707-2667846:-,hcaT,NC_000913.3,2666706,2667846,-,1140,Supplementary Table 1,3923,MG1655,2666707,2667846
kgtP:2724448-2725746:-,kgtP,NC_000913.3,2724447,2725746,-,1299,Supplementary Table 1,3924,MG1655,2724448,2725746
ugpA:3590024-3590911:-,ugpA,NC_000913.3,3590023,3590911,-,888,Supplementary Table 1,3925,MG1655,3590024,3590911
yddE:1534965-1535858:-,yddE,NC_000913.3,1534964,1535858,-,894,Supplementary Table 1,3926,MG1655,1534965,1535858
rplJ:4179996-4180493:+,rplJ,NC_000913.3,4179995,4180493,+,498,Supplementary Table 1,3927,MG1655,4179996,4180493
waaB:3803058-3804137:-,waaB,NC_000913.3,3803057,3804137,-,1080,Supplementary Table 1,3928,MG1655,3803058,3804137
phoU:3906853-3907578:-,phoU,NC_000913.3,3906852,3907578,-,726,Supplementary Table 1,3929,MG1655,3906853,3907578
yidG:3855608-3855970:-,yidG,NC_000913.3,3855607,3855970,-,363,Supplementary Table 1,3930,MG1655,3855608,3855970
fruB:2262365-2263495:-,fruB,NC_000913.3,2262364,2263495,-,1131,Supplementary Table 1,3931,MG1655,2262365,2263495
hybC:3141286-3142989:-,hybC,NC_000913.3,3141285,3142989,-,1704,Supplementary Table 1,3932,MG1655,3141286,3142989
phnC:4324377-4325165:-,phnC,NC_000913.3,4324376,4325165,-,789,Supplementary Table 1,3933,MG1655,4324377,4325165
wbbL:2102944-2103389:-,wbbL,NC_000913.3,2102943,2103389,-,446,Supplementary Table 1,3934,MG1655,2102944,2103389
wbbL:2101396-2101744:-,wbbL,NC_000913.3,2101395,2101744,-,349,Supplementary Table 1,3935,MG1655,2101396,2101744
ygbI:2860467-2861234:-,ygbI,NC_000913.3,2860466,2861234,-,768,Supplementary Table 1,3936,MG1655,2860467,2861234
lptE:671605-672186:-,lptE,NC_000913.3,671604,672186,-,582,Supplementary Table 1,3937,MG1655,671605,672186
gyrA:2336793-2339420:-,gyrA,NC_000913.3,2336792,2339420,-,2628,Supplementary Table 1,3938,MG1655,2336793,2339420
sgcE:4526905-4527537:-,sgcE,NC_000913.3,4526904,4527537,-,633,Supplementary Table 1,3939,MG1655,4526905,4527537
yajL:443051-443641:-,yajL,NC_000913.3,443050,443641,-,591,Supplementary Table 1,3940,MG1655,443051,443641
menE:2373648-2375003:-,menE,NC_000913.3,2373647,2375003,-,1356,Supplementary Table 1,3941,MG1655,2373648,2375003
yqfG:3032817-3032942:+,yqfG,NC_000913.3,3032816,3032942,+,126,Supplementary Table 1,3942,MG1655,3032817,3032942
narX:1275822-1277618:-,narX,NC_000913.3,1275821,1277618,-,1797,Supplementary Table 1,3943,MG1655,1275822,1277618
glgA:3566600-3568033:-,glgA,NC_000913.3,3566599,3568033,-,1434,Supplementary Table 1,3944,MG1655,3566600,3568033
grxD:1733754-1734101:-,grxD,NC_000913.3,1733753,1734101,-,348,Supplementary Table 1,3945,MG1655,1733754,1734101
lolB:1262877-1263500:-,lolB,NC_000913.3,1262876,1263500,-,624,Supplementary Table 1,3946,MG1655,1262877,1263500
pspF:1366935-1367912:-,pspF,NC_000913.3,1366934,1367912,-,978,Supplementary Table 1,3947,MG1655,1366935,1367912
rcnA:2185917-2186741:+,rcnA,NC_000913.3,2185916,2186741,+,825,Supplementary Table 1,3948,MG1655,2185917,2186741
yciH:1342658-1342984:+,yciH,NC_000913.3,1342657,1342984,+,327,Supplementary Table 1,3949,MG1655,1342658,1342984
exoD:566098-566376:-,exoD,NC_000913.3,566097,566376,-,279,Supplementary Table 1,3950,MG1655,566098,566376
fepG:620196-621188:-,fepG,NC_000913.3,620195,621188,-,993,Supplementary Table 1,3951,MG1655,620196,621188
lolE:1177320-1178564:+,lolE,NC_000913.3,1177319,1178564,+,1245,Supplementary Table 1,3952,MG1655,1177320,1178564
rem:1644651-1644902:-,rem,NC_000913.3,1644650,1644902,-,252,Supplementary Table 1,3953,MG1655,1644651,1644902
guaA:2630958-2632535:-,guaA,NC_000913.3,2630957,2632535,-,1578,Supplementary Table 1,3954,MG1655,2630958,2632535
yihV:4073739-4074635:+,yihV,NC_000913.3,4073738,4074635,+,897,Supplementary Table 1,3955,MG1655,4073739,4074635
dcuR:4349315-4350034:-,dcuR,NC_000913.3,4349314,4350034,-,720,Supplementary Table 1,3956,MG1655,4349315,4350034
glf:2107226-2108329:-,glf,NC_000913.3,2107225,2108329,-,1104,Supplementary Table 1,3957,MG1655,2107226,2108329
ynbG:1465165-1465230:-,ynbG,NC_000913.3,1465164,1465230,-,66,Supplementary Table 1,3958,MG1655,1465165,1465230
hycI:2842573-2843043:-,hycI,NC_000913.3,2842572,2843043,-,471,Supplementary Table 1,3959,MG1655,2842573,2843043
yneG:1611966-1612325:-,yneG,NC_000913.3,1611965,1612325,-,360,Supplementary Table 1,3960,MG1655,1611966,1612325
citF:648039-649571:-,citF,NC_000913.3,648038,649571,-,1533,Supplementary Table 1,3961,MG1655,648039,649571
yghU:3138727-3139593:+,yghU,NC_000913.3,3138726,3139593,+,867,Supplementary Table 1,3962,MG1655,3138727,3139593
actP:4283253-4284902:-,actP,NC_000913.3,4283252,4284902,-,1650,Supplementary Table 1,3963,MG1655,4283253,4284902
yiiE:4079297-4079509:+,yiiE,NC_000913.3,4079296,4079509,+,213,Supplementary Table 1,3964,MG1655,4079297,4079509
rnb:1346978-1348912:-,rnb,NC_000913.3,1346977,1348912,-,1935,Supplementary Table 1,3965,MG1655,1346978,1348912
fklB:4428935-4429555:+,fklB,NC_000913.3,4428934,4429555,+,621,Supplementary Table 1,3966,MG1655,4428935,4429555
yfbT:2411439-2412089:-,yfbT,NC_000913.3,2411438,2412089,-,651,Supplementary Table 1,3967,MG1655,2411439,2412089
yoaA:1891325-1893235:-,yoaA,NC_000913.3,1891324,1893235,-,1911,Supplementary Table 1,3968,MG1655,1891325,1893235
yehE:2192515-2192796:-,yehE,NC_000913.3,2192514,2192796,-,282,Supplementary Table 1,3969,MG1655,2192515,2192796
ygdB:2962749-2963156:-,ygdB,NC_000913.3,2962748,2963156,-,408,Supplementary Table 1,3970,MG1655,2962749,2963156
yhdZ:3422436-3423194:+,yhdZ,NC_000913.3,3422435,3423194,+,759,Supplementary Table 1,3971,MG1655,3422436,3423194
ynjC:1837212-1838747:+,ynjC,NC_000913.3,1837211,1838747,+,1536,Supplementary Table 1,3972,MG1655,1837212,1838747
rtcA:3555833-3556849:-,rtcA,NC_000913.3,3555832,3556849,-,1017,Supplementary Table 1,3973,MG1655,3555833,3556849
surA:53416-54702:-,surA,NC_000913.3,53415,54702,-,1287,Supplementary Table 1,3974,MG1655,53416,54702
norW:2833912-2835045:+,norW,NC_000913.3,2833911,2835045,+,1134,Supplementary Table 1,3975,MG1655,2833912,2835045
tauD:387795-388646:+,tauD,NC_000913.3,387794,388646,+,852,Supplementary Table 1,3976,MG1655,387795,388646
yjjK:4628855-4630522:-,yjjK,NC_000913.3,4628854,4630522,-,1668,Supplementary Table 1,3977,MG1655,4628855,4630522
yejK:2282940-2283947:-,yejK,NC_000913.3,2282939,2283947,-,1008,Supplementary Table 1,3978,MG1655,2282940,2283947
ldrC:1270238-1270345:-,ldrC,NC_000913.3,1270237,1270345,-,108,Supplementary Table 1,3979,MG1655,1270238,1270345
yhdX:3420134-3421315:+,yhdX,NC_000913.3,3420133,3421315,+,1182,Supplementary Table 1,3980,MG1655,3420134,3421315
yhjE:3674786-3676108:+,yhjE,NC_000913.3,3674785,3676108,+,1323,Supplementary Table 1,3981,MG1655,3674786,3676108
ytfB:4428079-4428717:-,ytfB,NC_000913.3,4428078,4428717,-,639,Supplementary Table 1,3982,MG1655,4428079,4428717
ftsK:933224-937213:+,ftsK,NC_000913.3,933223,937213,+,3990,Supplementary Table 1,3983,MG1655,933224,937213
dsbG:637827-638573:-,dsbG,NC_000913.3,637826,638573,-,747,Supplementary Table 1,3984,MG1655,637827,638573
ubiH:3052340-3053518:-,ubiH,NC_000913.3,3052339,3053518,-,1179,Supplementary Table 1,3985,MG1655,3052340,3053518
yhcN:3385538-3385801:+,yhcN,NC_000913.3,3385537,3385801,+,264,Supplementary Table 1,3986,MG1655,3385538,3385801
murE:93166-94653:+,murE,NC_000913.3,93165,94653,+,1488,Supplementary Table 1,3987,MG1655,93166,94653
dicC:1647620-1647850:-,dicC,NC_000913.3,1647619,1647850,-,231,Supplementary Table 1,3988,MG1655,1647620,1647850
ynfF:1660556-1662979:+,ynfF,NC_000913.3,1660555,1662979,+,2424,Supplementary Table 1,3989,MG1655,1660556,1662979
fruK:2261427-2262365:-,fruK,NC_000913.3,2261426,2262365,-,939,Supplementary Table 1,3990,MG1655,2261427,2262365
znuB:1943414-1944199:+,znuB,NC_000913.3,1943413,1944199,+,786,Supplementary Table 1,3991,MG1655,1943414,1944199
atoS:2320043-2321869:+,atoS,NC_000913.3,2320042,2321869,+,1827,Supplementary Table 1,3992,MG1655,2320043,2321869
citX:647484-648035:-,citX,NC_000913.3,647483,648035,-,552,Supplementary Table 1,3993,MG1655,647484,648035
ypfM:2590807-2590866:-,ypfM,NC_000913.3,2590806,2590866,-,60,Supplementary Table 1,3994,MG1655,2590807,2590866
yciK:1328354-1329112:-,yciK,NC_000913.3,1328353,1329112,-,759,Supplementary Table 1,3995,MG1655,1328354,1329112
yeeW:2077940-2078107:+,yeeW,NC_000913.3,2077939,2078107,+,168,Supplementary Table 1,3996,MG1655,2077940,2078107
btuC:1794172-1795152:-,btuC,NC_000913.3,1794171,1795152,-,981,Supplementary Table 1,3997,MG1655,1794172,1795152
nepI:3840549-3841739:-,nepI,NC_000913.3,3840548,3841739,-,1191,Supplementary Table 1,3998,MG1655,3840549,3841739
pinE:1209685-1210239:+,pinE,NC_000913.3,1209684,1210239,+,555,Supplementary Table 1,3999,MG1655,1209685,1210239
raiA:2737154-2737495:+,raiA,NC_000913.3,2737153,2737495,+,342,Supplementary Table 1,4000,MG1655,2737154,2737495
yidI:3856415-3856864:+,yidI,NC_000913.3,3856414,3856864,+,450,Supplementary Table 1,4001,MG1655,3856415,3856864
leuS:672201-674783:-,leuS,NC_000913.3,672200,674783,-,2583,Supplementary Table 1,4002,MG1655,672201,674783
mdtD:2161464-2162879:+,mdtD,NC_000913.3,2161463,2162879,+,1416,Supplementary Table 1,4003,MG1655,2161464,2162879
waaJ:3800983-3801999:-,waaJ,NC_000913.3,3800982,3801999,-,1017,Supplementary Table 1,4004,MG1655,3800983,3801999
ykgS:290429-290633:+,ykgS,NC_000913.3,290428,290633,+,205,Supplementary Table 1,4005,MG1655,290429,290633
yqjK:3250077-3250376:+,yqjK,NC_000913.3,3250076,3250376,+,300,Supplementary Table 1,4006,MG1655,3250077,3250376
ybgF:779598-780389:+,ybgF,NC_000913.3,779597,780389,+,792,Supplementary Table 1,4007,MG1655,779598,780389
tsaB:1890572-1891267:-,tsaB,NC_000913.3,1890571,1891267,-,696,Supplementary Table 1,4008,MG1655,1890572,1891267
fryC:2506647-2507894:-,fryC,NC_000913.3,2506646,2507894,-,1248,Supplementary Table 1,4009,MG1655,2506647,2507894
ecpE:304495-305205:-,ecpE,NC_000913.3,304494,305205,-,711,Supplementary Table 1,4010,MG1655,304495,305205
thiQ:72229-72927:-,thiQ,NC_000913.3,72228,72927,-,699,Supplementary Table 1,4011,MG1655,72229,72927
ubiG:2339567-2340289:+,ubiG,NC_000913.3,2339566,2340289,+,723,Supplementary Table 1,4012,MG1655,2339567,2340289
ydfU:1643255-1644304:-,ydfU,NC_000913.3,1643254,1644304,-,1050,Supplementary Table 1,4013,MG1655,1643255,1644304
astB:1826916-1828259:-,astB,NC_000913.3,1826915,1828259,-,1344,Supplementary Table 1,4014,MG1655,1826916,1828259
hycH:2843036-2843446:-,hycH,NC_000913.3,2843035,2843446,-,411,Supplementary Table 1,4015,MG1655,2843036,2843446
yjfN:4416017-4416292:-,yjfN,NC_000913.3,4416016,4416292,-,276,Supplementary Table 1,4016,MG1655,4416017,4416292
glnS:706093-707757:+,glnS,NC_000913.3,706092,707757,+,1665,Supplementary Table 1,4017,MG1655,706093,707757
insZ:1294426-1295322:-,insZ,NC_000913.3,1294425,1295322,-,897,Supplementary Table 1,4018,MG1655,1294426,1295322
mdtG:1114264-1115490:-,mdtG,NC_000913.3,1114263,1115490,-,1227,Supplementary Table 1,4019,MG1655,1114264,1115490
paaC:1455164-1455910:+,paaC,NC_000913.3,1455163,1455910,+,747,Supplementary Table 1,4020,MG1655,1455164,1455910
insJ:3720680-3721201:+,insJ,NC_000913.3,3720679,3721201,+,522,Supplementary Table 1,4021,MG1655,3720680,3721201
recX:2822139-2822639:-,recX,NC_000913.3,2822138,2822639,-,501,Supplementary Table 1,4022,MG1655,2822139,2822639
yfjP:2767710-2768573:+,yfjP,NC_000913.3,2767709,2768573,+,864,Supplementary Table 1,4023,MG1655,2767710,2768573
cbtA:2077569-2077943:+,cbtA,NC_000913.3,2077568,2077943,+,375,Supplementary Table 1,4024,MG1655,2077569,2077943
pyrC:1121561-1122607:-,pyrC,NC_000913.3,1121560,1122607,-,1047,Supplementary Table 1,4025,MG1655,1121561,1122607
ldrB:1269703-1269810:-,ldrB,NC_000913.3,1269702,1269810,-,108,Supplementary Table 1,4026,MG1655,1269703,1269810
arsB:3648935-3650224:+,arsB,NC_000913.3,3648934,3650224,+,1290,Supplementary Table 1,4027,MG1655,3648935,3650224
ycaI:964320-966584:+,ycaI,NC_000913.3,964319,966584,+,2265,Supplementary Table 1,4028,MG1655,964320,966584
paaB:1454868-1455155:+,paaB,NC_000913.3,1454867,1455155,+,288,Supplementary Table 1,4029,MG1655,1454868,1455155
fliY:1999585-2000385:-,fliY,NC_000913.3,1999584,2000385,-,801,Supplementary Table 1,4030,MG1655,1999585,2000385
atoD:2323447-2324109:+,atoD,NC_000913.3,2323446,2324109,+,663,Supplementary Table 1,4031,MG1655,2323447,2324109
csiD:2788985-2789962:+,csiD,NC_000913.3,2788984,2789962,+,978,Supplementary Table 1,4032,MG1655,2788985,2789962
uvrB:813526-815547:+,uvrB,NC_000913.3,813525,815547,+,2022,Supplementary Table 1,4033,MG1655,813526,815547
dcyD:1998494-1999480:-,dcyD,NC_000913.3,1998493,1999480,-,987,Supplementary Table 1,4034,MG1655,1998494,1999480
fliS:2005303-2005713:+,fliS,NC_000913.3,2005302,2005713,+,411,Supplementary Table 1,4035,MG1655,2005303,2005713
ydhU:1749563-1750348:-,ydhU,NC_000913.3,1749562,1750348,-,786,Supplementary Table 1,4036,MG1655,1749563,1750348
setA:77621-78799:+,setA,NC_000913.3,77620,78799,+,1179,Supplementary Table 1,4037,MG1655,77621,78799
dsdA:2479202-2480530:+,dsdA,NC_000913.3,2479201,2480530,+,1329,Supplementary Table 1,4038,MG1655,2479202,2480530
yqhH:3158627-3158884:+,yqhH,NC_000913.3,3158626,3158884,+,258,Supplementary Table 1,4039,MG1655,3158627,3158884
atoA:2324109-2324759:+,atoA,NC_000913.3,2324108,2324759,+,651,Supplementary Table 1,4040,MG1655,2324109,2324759
cusS:593328-594770:-,cusS,NC_000913.3,593327,594770,-,1443,Supplementary Table 1,4041,MG1655,593328,594770
metG:2194300-2196333:+,metG,NC_000913.3,2194299,2196333,+,2034,Supplementary Table 1,4042,MG1655,2194300,2196333
dgoR:3874471-3875160:-,dgoR,NC_000913.3,3874470,3875160,-,690,Supplementary Table 1,4043,MG1655,3874471,3875160
rssA:1289245-1290150:+,rssA,NC_000913.3,1289244,1290150,+,906,Supplementary Table 1,4044,MG1655,1289245,1290150
aaeB:3386221-3388188:-,aaeB,NC_000913.3,3386220,3388188,-,1968,Supplementary Table 1,4045,MG1655,3386221,3388188
aspC:984519-985709:-,aspC,NC_000913.3,984518,985709,-,1191,Supplementary Table 1,4046,MG1655,984519,985709
cmoB:1953442-1954413:+,cmoB,NC_000913.3,1953441,1954413,+,972,Supplementary Table 1,4047,MG1655,1953442,1954413
entF:614157-618038:+,entF,NC_000913.3,614156,618038,+,3882,Supplementary Table 1,4048,MG1655,614157,618038
ybgL:745165-745899:+,ybgL,NC_000913.3,745164,745899,+,735,Supplementary Table 1,4049,MG1655,745165,745899
envY:586147-586908:-,envY,NC_000913.3,586146,586908,-,762,Supplementary Table 1,4050,MG1655,586147,586908
cueR:513993-514400:+,cueR,NC_000913.3,513992,514400,+,408,Supplementary Table 1,4051,MG1655,513993,514400
essD:577398-577613:+,essD,NC_000913.3,577397,577613,+,216,Supplementary Table 1,4052,MG1655,577398,577613
glpC:2355521-2356711:+,glpC,NC_000913.3,2355520,2356711,+,1191,Supplementary Table 1,4053,MG1655,2355521,2356711
mtfA:2043651-2044448:+,mtfA,NC_000913.3,2043650,2044448,+,798,Supplementary Table 1,4054,MG1655,2043651,2044448
dmsA:940959-943403:+,dmsA,NC_000913.3,940958,943403,+,2445,Supplementary Table 1,4055,MG1655,940959,943403
dsrA:2025227-2025313:-,dsrA,NC_000913.3,2025226,2025313,-,87,Supplementary Table 1,4056,MG1655,2025227,2025313
agaA:3281071-3281625:+,agaA,NC_000913.3,3281070,3281625,+,555,Supplementary Table 1,4057,MG1655,3281071,3281625
feaR:1446378-1447283:-,feaR,NC_000913.3,1446377,1447283,-,906,Supplementary Table 1,4058,MG1655,1446378,1447283
ampE:119281-120135:+,ampE,NC_000913.3,119280,120135,+,855,Supplementary Table 1,4059,MG1655,119281,120135
mdtP:4299564-4301030:-,mdtP,NC_000913.3,4299563,4301030,-,1467,Supplementary Table 1,4060,MG1655,4299564,4301030
yebT:1917510-1920143:+,yebT,NC_000913.3,1917509,1920143,+,2634,Supplementary Table 1,4061,MG1655,1917510,1920143
ychO:1273784-1275178:+,ychO,NC_000913.3,1273783,1275178,+,1395,Supplementary Table 1,4062,MG1655,1273784,1275178
ccmH:2291358-2292410:-,ccmH,NC_000913.3,2291357,2292410,-,1053,Supplementary Table 1,4063,MG1655,2291358,2292410
lldR:3779054-3779830:+,lldR,NC_000913.3,3779053,3779830,+,777,Supplementary Table 1,4064,MG1655,3779054,3779830
ydfX:1647358-1647636:-,ydfX,NC_000913.3,1647357,1647636,-,279,Supplementary Table 1,4065,MG1655,1647358,1647636
ymfI:1201497-1201838:+,ymfI,NC_000913.3,1201496,1201838,+,342,Supplementary Table 1,4066,MG1655,1201497,1201838
ydaU:1421119-1421976:+,ydaU,NC_000913.3,1421118,1421976,+,858,Supplementary Table 1,4067,MG1655,1421119,1421976
trpC:1318427-1319785:-,trpC,NC_000913.3,1318426,1319785,-,1359,Supplementary Table 1,4068,MG1655,1318427,1319785
amiD:904913-905743:+,amiD,NC_000913.3,904912,905743,+,831,Supplementary Table 1,4069,MG1655,904913,905743
gntU:3575721-3577061:-,gntU,NC_000913.3,3575720,3577061,-,1341,Supplementary Table 1,4070,MG1655,3575721,3577061
yobB:1925440-1926096:+,yobB,NC_000913.3,1925439,1926096,+,657,Supplementary Table 1,4071,MG1655,1925440,1926096
ppdA:2963707-2964177:-,ppdA,NC_000913.3,2963706,2964177,-,471,Supplementary Table 1,4072,MG1655,2963707,2964177
hemE:4197716-4198780:+,hemE,NC_000913.3,4197715,4198780,+,1065,Supplementary Table 1,4073,MG1655,4197716,4198780
yceF:1146011-1146595:-,yceF,NC_000913.3,1146010,1146595,-,585,Supplementary Table 1,4074,MG1655,1146011,1146595
yraP:3296409-3296984:+,yraP,NC_000913.3,3296408,3296984,+,576,Supplementary Table 1,4075,MG1655,3296409,3296984
fhuB:171462-173444:+,fhuB,NC_000913.3,171461,173444,+,1983,Supplementary Table 1,4076,MG1655,171462,173444
galK:788831-789979:-,galK,NC_000913.3,788830,789979,-,1149,Supplementary Table 1,4077,MG1655,788831,789979
rutF:1069860-1070354:-,rutF,NC_000913.3,1069859,1070354,-,495,Supplementary Table 1,4078,MG1655,1069860,1070354
mcaS:1405656-1405751:-,mcaS,NC_000913.3,1405655,1405751,-,96,Supplementary Table 1,4079,MG1655,1405656,1405751
bdcR:4474124-4474717:+,bdcR,NC_000913.3,4474123,4474717,+,594,Supplementary Table 1,4080,MG1655,4474124,4474717
ibpB:3866469-3866897:-,ibpB,NC_000913.3,3866468,3866897,-,429,Supplementary Table 1,4081,MG1655,3866469,3866897
rdlD:3700136-3700201:+,rdlD,NC_000913.3,3700135,3700201,+,66,Supplementary Table 1,4082,MG1655,3700136,3700201
yfaD:2356904-2357803:+,yfaD,NC_000913.3,2356903,2357803,+,900,Supplementary Table 1,4083,MG1655,2356904,2357803
cysK:2532409-2533380:+,cysK,NC_000913.3,2532408,2533380,+,972,Supplementary Table 1,4084,MG1655,2532409,2533380
tcdA:2945036-2945842:-,tcdA,NC_000913.3,2945035,2945842,-,807,Supplementary Table 1,4085,MG1655,2945036,2945842
rayT:247637-248134:+,rayT,NC_000913.3,247636,248134,+,498,Supplementary Table 1,4086,MG1655,247637,248134
ssuB:993277-994044:-,ssuB,NC_000913.3,993276,994044,-,768,Supplementary Table 1,4087,MG1655,993277,994044
ilvG:3950560-3952204:+,ilvG,NC_000913.3,3950559,3952204,+,1645,Supplementary Table 1,4088,MG1655,3950560,3952204
rlmF:842332-843258:+,rlmF,NC_000913.3,842331,843258,+,927,Supplementary Table 1,4089,MG1655,842332,843258
yhaL:3255043-3255207:+,yhaL,NC_000913.3,3255042,3255207,+,165,Supplementary Table 1,4090,MG1655,3255043,3255207
cbrA:3869377-3870441:+,cbrA,NC_000913.3,3869376,3870441,+,1065,Supplementary Table 1,4091,MG1655,3869377,3870441
dsbB:1232500-1233030:-,dsbB,NC_000913.3,1232499,1233030,-,531,Supplementary Table 1,4092,MG1655,1232500,1233030
cspG:1051461-1051673:+,cspG,NC_000913.3,1051460,1051673,+,213,Supplementary Table 1,4093,MG1655,1051461,1051673
ypfH:2593072-2593770:-,ypfH,NC_000913.3,2593071,2593770,-,699,Supplementary Table 1,4094,MG1655,2593072,2593770
lsrG:1606999-1607289:+,lsrG,NC_000913.3,1606998,1607289,+,291,Supplementary Table 1,4095,MG1655,1606999,1607289
yaiW:397872-398966:+,yaiW,NC_000913.3,397871,398966,+,1095,Supplementary Table 1,4096,MG1655,397872,398966
mutM:3810343-3811152:-,mutM,NC_000913.3,3810342,3811152,-,810,Supplementary Table 1,4097,MG1655,3810343,3811152
cmoA:1952702-1953445:+,cmoA,NC_000913.3,1952701,1953445,+,744,Supplementary Table 1,4098,MG1655,1952702,1953445
yfeO:2509630-2510886:+,yfeO,NC_000913.3,2509629,2510886,+,1257,Supplementary Table 1,4099,MG1655,2509630,2510886
tmk:1155124-1155765:+,tmk,NC_000913.3,1155123,1155765,+,642,Supplementary Table 1,4100,MG1655,1155124,1155765
rzpR:1423201-1423644:+,rzpR,NC_000913.3,1423200,1423644,+,444,Supplementary Table 1,4101,MG1655,1423201,1423644
ymdB:1105820-1106353:+,ymdB,NC_000913.3,1105819,1106353,+,534,Supplementary Table 1,4102,MG1655,1105820,1106353
yfcQ:2450587-2451075:-,yfcQ,NC_000913.3,2450586,2451075,-,489,Supplementary Table 1,4103,MG1655,2450587,2451075
yjiR:4570162-4571574:-,yjiR,NC_000913.3,4570161,4571574,-,1413,Supplementary Table 1,4104,MG1655,4570162,4571574
kefC:47769-49631:+,kefC,NC_000913.3,47768,49631,+,1863,Supplementary Table 1,4105,MG1655,47769,49631
yneM:1622646-1622741:+,yneM,NC_000913.3,1622645,1622741,+,96,Supplementary Table 1,4106,MG1655,1622646,1622741
ridA:4470527-4470913:-,ridA,NC_000913.3,4470526,4470913,-,387,Supplementary Table 1,4107,MG1655,4470527,4470913
ymfA:1181264-1181725:-,ymfA,NC_000913.3,1181263,1181725,-,462,Supplementary Table 1,4108,MG1655,1181264,1181725
mtn:178455-179153:-,mtn,NC_000913.3,178454,179153,-,699,Supplementary Table 1,4109,MG1655,178455,179153
yfaP:2327367-2328143:-,yfaP,NC_000913.3,2327366,2328143,-,777,Supplementary Table 1,4110,MG1655,2327367,2328143
rhaB:4095979-4097448:-,rhaB,NC_000913.3,4095978,4097448,-,1470,Supplementary Table 1,4111,MG1655,4095979,4097448
higA:3233728-3234144:-,higA,NC_000913.3,3233727,3234144,-,417,Supplementary Table 1,4112,MG1655,3233728,3234144
ylaC:478781-479251:-,ylaC,NC_000913.3,478780,479251,-,471,Supplementary Table 1,4113,MG1655,478781,479251
wcaM:2114502-2115896:-,wcaM,NC_000913.3,2114501,2115896,-,1395,Supplementary Table 1,4114,MG1655,2114502,2115896
yeiW:2265041-2265295:-,yeiW,NC_000913.3,2265040,2265295,-,255,Supplementary Table 1,4115,MG1655,2265041,2265295
alaE:2799164-2799613:+,alaE,NC_000913.3,2799163,2799613,+,450,Supplementary Table 1,4116,MG1655,2799164,2799613
gatY:2176350-2177204:-,gatY,NC_000913.3,2176349,2177204,-,855,Supplementary Table 1,4117,MG1655,2176350,2177204
yffO:2562111-2562527:+,yffO,NC_000913.3,2562110,2562527,+,417,Supplementary Table 1,4118,MG1655,2562111,2562527
yjdN:4325298-4325741:-,yjdN,NC_000913.3,4325297,4325741,-,444,Supplementary Table 1,4119,MG1655,4325298,4325741
yjhU:4519338-4520324:-,yjhU,NC_000913.3,4519337,4520324,-,987,Supplementary Table 1,4120,MG1655,4519338,4520324
paoD:297770-298726:-,paoD,NC_000913.3,297769,298726,-,957,Supplementary Table 1,4121,MG1655,297770,298726
tsaD:3209530-3210543:-,tsaD,NC_000913.3,3209529,3210543,-,1014,Supplementary Table 1,4122,MG1655,3209530,3210543
yehI:2200279-2203911:+,yehI,NC_000913.3,2200278,2203911,+,3633,Supplementary Table 1,4123,MG1655,2200279,2203911
ftsH:3325001-3326935:-,ftsH,NC_000913.3,3325000,3326935,-,1935,Supplementary Table 1,4124,MG1655,3325001,3326935
yjgH:4472814-4473209:-,yjgH,NC_000913.3,4472813,4473209,-,396,Supplementary Table 1,4125,MG1655,4472814,4473209
ansA:1850860-1851876:+,ansA,NC_000913.3,1850859,1851876,+,1017,Supplementary Table 1,4126,MG1655,1850860,1851876
aphA:4269414-4270127:+,aphA,NC_000913.3,4269413,4270127,+,714,Supplementary Table 1,4127,MG1655,4269414,4270127
cobB:1179631-1180359:+,cobB,NC_000913.3,1179630,1180359,+,729,Supplementary Table 1,4128,MG1655,1179631,1180359
dgt:179237-180754:+,dgt,NC_000913.3,179236,180754,+,1518,Supplementary Table 1,4129,MG1655,179237,180754
dsrB:2024635-2024823:-,dsrB,NC_000913.3,2024634,2024823,-,189,Supplementary Table 1,4130,MG1655,2024635,2024823
mdtC:2158386-2161463:+,mdtC,NC_000913.3,2158385,2161463,+,3078,Supplementary Table 1,4131,MG1655,2158386,2161463
yffM:2561368-2561613:+,yffM,NC_000913.3,2561367,2561613,+,246,Supplementary Table 1,4132,MG1655,2561368,2561613
fmt:3434214-3435161:+,fmt,NC_000913.3,3434213,3435161,+,948,Supplementary Table 1,4133,MG1655,3434214,3435161
ygiS:3166111-3167718:-,ygiS,NC_000913.3,3166110,3167718,-,1608,Supplementary Table 1,4134,MG1655,3166111,3167718
psaA:2777972-2777985:+,psaA,NC_000913.3,2777971,2777985,+,14,Supplementary Table 1,4135,MG1655,2777972,2777985
rutE:1070365-1070955:-,rutE,NC_000913.3,1070364,1070955,-,591,Supplementary Table 1,4136,MG1655,1070365,1070955
yrhD:3584404-3584559:+,yrhD,NC_000913.3,3584403,3584559,+,156,Supplementary Table 1,4137,MG1655,3584404,3584559
arfA:3438431-3438649:-,arfA,NC_000913.3,3438430,3438649,-,219,Supplementary Table 1,4138,MG1655,3438431,3438649
hofP:3520615-3521019:-,hofP,NC_000913.3,3520614,3521019,-,405,Supplementary Table 1,4139,MG1655,3520615,3521019
ypdF:2505547-2506632:-,ypdF,NC_000913.3,2505546,2506632,-,1086,Supplementary Table 1,4140,MG1655,2505547,2506632
rlmC:898518-899645:+,rlmC,NC_000913.3,898517,899645,+,1128,Supplementary Table 1,4141,MG1655,898518,899645
renD:566684-566776:+,renD,NC_000913.3,566683,566776,+,93,Supplementary Table 1,4142,MG1655,566684,566776
renD:568035-568247:+,renD,NC_000913.3,568034,568247,+,213,Supplementary Table 1,4143,MG1655,568035,568247
gltJ:685929-686669:-,gltJ,NC_000913.3,685928,686669,-,741,Supplementary Table 1,4144,MG1655,685929,686669
macA:919235-920350:+,macA,NC_000913.3,919234,920350,+,1116,Supplementary Table 1,4145,MG1655,919235,920350
rhaD:4093448-4094272:-,rhaD,NC_000913.3,4093447,4094272,-,825,Supplementary Table 1,4146,MG1655,4093448,4094272
ydgU:1671777-1671860:+,ydgU,NC_000913.3,1671776,1671860,+,84,Supplementary Table 1,4147,MG1655,1671777,1671860
mrp:2193059-2194168:-,mrp,NC_000913.3,2193058,2194168,-,1110,Supplementary Table 1,4148,MG1655,2193059,2194168
rarA:937994-939337:+,rarA,NC_000913.3,937993,939337,+,1344,Supplementary Table 1,4149,MG1655,937994,939337
yfeZ:2551277-2551726:-,yfeZ,NC_000913.3,2551276,2551726,-,450,Supplementary Table 1,4150,MG1655,2551277,2551726
yjiH:4559997-4560680:-,yjiH,NC_000913.3,4559996,4560680,-,684,Supplementary Table 1,4151,MG1655,4559997,4560680
yhiN:3636208-3637410:-,yhiN,NC_000913.3,3636207,3637410,-,1203,Supplementary Table 1,4152,MG1655,3636208,3637410
accB:3405436-3405906:+,accB,NC_000913.3,3405435,3405906,+,471,Supplementary Table 1,4153,MG1655,3405436,3405906
ansP:1524481-1525980:-,ansP,NC_000913.3,1524480,1525980,-,1500,Supplementary Table 1,4154,MG1655,1524481,1525980
dcd:2141634-2142215:-,dcd,NC_000913.3,2141633,2142215,-,582,Supplementary Table 1,4155,MG1655,2141634,2142215
lplA:4623101-4624117:-,lplA,NC_000913.3,4623100,4624117,-,1017,Supplementary Table 1,4156,MG1655,4623101,4624117
manY:1903082-1903882:+,manY,NC_000913.3,1903081,1903882,+,801,Supplementary Table 1,4157,MG1655,1903082,1903882
sokB:1492119-1492174:+,sokB,NC_000913.3,1492118,1492174,+,56,Supplementary Table 1,4158,MG1655,1492119,1492174
ybiH:829972-830643:-,ybiH,NC_000913.3,829971,830643,-,672,Supplementary Table 1,4159,MG1655,829972,830643
ydcX:1517389-1517562:+,ydcX,NC_000913.3,1517388,1517562,+,174,Supplementary Table 1,4160,MG1655,1517389,1517562
yejB:2274179-2275273:+,yejB,NC_000913.3,2274178,2275273,+,1095,Supplementary Table 1,4161,MG1655,2274179,2275273
yjiK:4562743-4563603:-,yjiK,NC_000913.3,4562742,4563603,-,861,Supplementary Table 1,4162,MG1655,4562743,4563603
yojO:2303606-2303770:+,yojO,NC_000913.3,2303605,2303770,+,165,Supplementary Table 1,4163,MG1655,2303606,2303770
folD:556875-557741:-,folD,NC_000913.3,556874,557741,-,867,Supplementary Table 1,4164,MG1655,556875,557741
yzgL:3563787-3564005:-,yzgL,NC_000913.3,3563786,3564005,-,219,Supplementary Table 1,4165,MG1655,3563787,3564005
malK:4246784-4247899:+,malK,NC_000913.3,4246783,4247899,+,1116,Supplementary Table 1,4166,MG1655,4246784,4247899
yidC:3885076-3886722:+,yidC,NC_000913.3,3885075,3886722,+,1647,Supplementary Table 1,4167,MG1655,3885076,3886722
nuoI:2395908-2396450:-,nuoI,NC_000913.3,2395907,2396450,-,543,Supplementary Table 1,4168,MG1655,2395908,2396450
wbbH:2106060-2107226:-,wbbH,NC_000913.3,2106059,2107226,-,1167,Supplementary Table 1,4169,MG1655,2106060,2107226
hyfB:2601818-2603836:+,hyfB,NC_000913.3,2601817,2603836,+,2019,Supplementary Table 1,4170,MG1655,2601818,2603836
yehS:2211726-2212196:-,yehS,NC_000913.3,2211725,2212196,-,471,Supplementary Table 1,4171,MG1655,2211726,2212196
yfeA:2515643-2517832:-,yfeA,NC_000913.3,2515642,2517832,-,2190,Supplementary Table 1,4172,MG1655,2515643,2517832
ylcG:573730-573870:+,ylcG,NC_000913.3,573729,573870,+,141,Supplementary Table 1,4173,MG1655,573730,573870
recQ:4005864-4007693:+,recQ,NC_000913.3,4005863,4007693,+,1830,Supplementary Table 1,4174,MG1655,4005864,4007693
ydaW:1422701-1423200:+,ydaW,NC_000913.3,1422700,1423200,+,500,Supplementary Table 1,4175,MG1655,1422701,1423200
yqgA:3109553-3110260:+,yqgA,NC_000913.3,3109552,3110260,+,708,Supplementary Table 1,4176,MG1655,3109553,3110260
yeiS:2233600-2233839:+,yeiS,NC_000913.3,2233599,2233839,+,240,Supplementary Table 1,4177,MG1655,2233600,2233839
metQ:220113-220928:-,metQ,NC_000913.3,220112,220928,-,816,Supplementary Table 1,4178,MG1655,220113,220928
lafU:250072-250827:+,lafU,NC_000913.3,250071,250827,+,756,Supplementary Table 1,4179,MG1655,250072,250827
ycfT:1174092-1175165:-,ycfT,NC_000913.3,1174091,1175165,-,1074,Supplementary Table 1,4180,MG1655,1174092,1175165
smrB:2448606-2449157:+,smrB,NC_000913.3,2448605,2449157,+,552,Supplementary Table 1,4181,MG1655,2448606,2449157
yajC:427287-427619:+,yajC,NC_000913.3,427286,427619,+,333,Supplementary Table 1,4182,MG1655,427287,427619
ybjO:897989-898477:+,ybjO,NC_000913.3,897988,898477,+,489,Supplementary Table 1,4183,MG1655,897989,898477
araB:68348-70048:-,araB,NC_000913.3,68347,70048,-,1701,Supplementary Table 1,4184,MG1655,68348,70048
yaiC:403703-404818:+,yaiC,NC_000913.3,403702,404818,+,1116,Supplementary Table 1,4185,MG1655,403703,404818
yidJ:3856911-3858404:-,yidJ,NC_000913.3,3856910,3858404,-,1494,Supplementary Table 1,4186,MG1655,3856911,3858404
yqhC:3154262-3155218:-,yqhC,NC_000913.3,3154261,3155218,-,957,Supplementary Table 1,4187,MG1655,3154262,3155218
yfjQ:2768665-2769486:+,yfjQ,NC_000913.3,2768664,2769486,+,822,Supplementary Table 1,4188,MG1655,2768665,2769486
hybD:3140792-3141286:-,hybD,NC_000913.3,3140791,3141286,-,495,Supplementary Table 1,4189,MG1655,3140792,3141286
chiQ:709790-710116:+,chiQ,NC_000913.3,709789,710116,+,327,Supplementary Table 1,4190,MG1655,709790,710116
insF1:315587-316453:+,insF1,NC_000913.3,315586,316453,+,867,Supplementary Table 1,4191,MG1655,315587,316453
insF1:391739-392605:-,insF1,NC_000913.3,391738,392605,-,867,Supplementary Table 1,4192,MG1655,391739,392605
insF1:567138-568004:+,insF1,NC_000913.3,567137,568004,+,867,Supplementary Table 1,4193,MG1655,567138,568004
insF1:1094275-1095141:-,insF1,NC_000913.3,1094274,1095141,-,867,Supplementary Table 1,4194,MG1655,1094275,1095141
insF1:2170532-2171398:+,insF1,NC_000913.3,2170531,2171398,+,867,Supplementary Table 1,4195,MG1655,2170532,2171398
bamA:197928-200360:+,bamA,NC_000913.3,197927,200360,+,2433,Supplementary Table 1,4196,MG1655,197928,200360
ibsB:2153681-2153737:-,ibsB,NC_000913.3,2153680,2153737,-,57,Supplementary Table 1,4197,MG1655,2153681,2153737
lsrB:1605051-1606073:+,lsrB,NC_000913.3,1605050,1606073,+,1023,Supplementary Table 1,4198,MG1655,1605051,1606073
yibF:3761347-3761955:-,yibF,NC_000913.3,3761346,3761955,-,609,Supplementary Table 1,4199,MG1655,3761347,3761955
dusC:2229438-2230385:-,dusC,NC_000913.3,2229437,2230385,-,948,Supplementary Table 1,4200,MG1655,2229438,2230385
ydaV:1421983-1422729:+,ydaV,NC_000913.3,1421982,1422729,+,747,Supplementary Table 1,4201,MG1655,1421983,1422729
fadA:4027609-4028772:-,fadA,NC_000913.3,4027608,4028772,-,1164,Supplementary Table 1,4202,MG1655,4027609,4028772
ubiF:695101-696276:+,ubiF,NC_000913.3,695100,696276,+,1176,Supplementary Table 1,4203,MG1655,695101,696276
ytfJ:4438708-4439262:-,ytfJ,NC_000913.3,4438707,4439262,-,555,Supplementary Table 1,4204,MG1655,4438708,4439262
yebZ:1923719-1924591:-,yebZ,NC_000913.3,1923718,1924591,-,873,Supplementary Table 1,4205,MG1655,1923719,1924591
abrB:746723-747769:-,abrB,NC_000913.3,746722,747769,-,1047,Supplementary Table 1,4206,MG1655,746723,747769
cbrB:3897506-3897973:+,cbrB,NC_000913.3,3897505,3897973,+,468,Supplementary Table 1,4207,MG1655,3897506,3897973
cheA:1973360-1975324:-,cheA,NC_000913.3,1973359,1975324,-,1965,Supplementary Table 1,4208,MG1655,1973360,1975324
glgP:3564134-3566581:-,glgP,NC_000913.3,3564133,3566581,-,2448,Supplementary Table 1,4209,MG1655,3564134,3566581
trmD:2744572-2745339:-,trmD,NC_000913.3,2744571,2745339,-,768,Supplementary Table 1,4210,MG1655,2744572,2745339
yfcR:2451072-2451584:-,yfcR,NC_000913.3,2451071,2451584,-,513,Supplementary Table 1,4211,MG1655,2451072,2451584
yebY:1923365-1923706:-,yebY,NC_000913.3,1923364,1923706,-,342,Supplementary Table 1,4212,MG1655,1923365,1923706
purU:1287782-1288624:-,purU,NC_000913.3,1287781,1288624,-,843,Supplementary Table 1,4213,MG1655,1287782,1288624
cbl:2059964-2060914:-,cbl,NC_000913.3,2059963,2060914,-,951,Supplementary Table 1,4214,MG1655,2059964,2060914
cysN:2873992-2875419:-,cysN,NC_000913.3,2873991,2875419,-,1428,Supplementary Table 1,4215,MG1655,2873992,2875419
ileT:4037141-4037217:+,ileT,NC_000913.3,4037140,4037217,+,77,Supplementary Table 1,4216,MG1655,4037141,4037217
kdpF:728732-728821:-,kdpF,NC_000913.3,728731,728821,-,90,Supplementary Table 1,4217,MG1655,728732,728821
zraP:4201263-4201688:-,zraP,NC_000913.3,4201262,4201688,-,426,Supplementary Table 1,4218,MG1655,4201263,4201688
mhpE:373868-374881:+,mhpE,NC_000913.3,373867,374881,+,1014,Supplementary Table 1,4219,MG1655,373868,374881
tyrA:2738948-2740069:-,tyrA,NC_000913.3,2738947,2740069,-,1122,Supplementary Table 1,4220,MG1655,2738948,2740069
yhdU:3412621-3412800:+,yhdU,NC_000913.3,3412620,3412800,+,180,Supplementary Table 1,4221,MG1655,3412621,3412800
amn:2055061-2056515:+,amn,NC_000913.3,2055060,2056515,+,1455,Supplementary Table 1,4222,MG1655,2055061,2056515
ypeA:2551713-2552138:-,ypeA,NC_000913.3,2551712,2552138,-,426,Supplementary Table 1,4223,MG1655,2551713,2552138
waaR:3802039-3803058:-,waaR,NC_000913.3,3802038,3803058,-,1020,Supplementary Table 1,4224,MG1655,3802039,3803058
ygbN:2865101-2866465:+,ygbN,NC_000913.3,2865100,2866465,+,1365,Supplementary Table 1,4225,MG1655,2865101,2866465
tgt:426137-427264:+,tgt,NC_000913.3,426136,427264,+,1128,Supplementary Table 1,4226,MG1655,426137,427264
hyaB:1033254-1035047:+,hyaB,NC_000913.3,1033253,1035047,+,1794,Supplementary Table 1,4227,MG1655,1033254,1035047
pykF:1755698-1757110:+,pykF,NC_000913.3,1755697,1757110,+,1413,Supplementary Table 1,4228,MG1655,1755698,1757110
yfdL:2471544-2472122:-,yfdL,NC_000913.3,2471543,2472122,-,579,Supplementary Table 1,4229,MG1655,2471544,2472122
sbmA:396639-397859:+,sbmA,NC_000913.3,396638,397859,+,1221,Supplementary Table 1,4230,MG1655,396639,397859
ybjT:906852-908282:-,ybjT,NC_000913.3,906851,908282,-,1431,Supplementary Table 1,4231,MG1655,906852,908282
mug:3214967-3215473:-,mug,NC_000913.3,3214966,3215473,-,507,Supplementary Table 1,4232,MG1655,3214967,3215473
yfdM:2472118-2472387:-,yfdM,NC_000913.3,2472117,2472387,-,270,Supplementary Table 1,4233,MG1655,2472118,2472387
ibsE:3195141-3195200:+,ibsE,NC_000913.3,3195140,3195200,+,60,Supplementary Table 1,4234,MG1655,3195141,3195200
cra:88028-89032:+,cra,NC_000913.3,88027,89032,+,1005,Supplementary Table 1,4235,MG1655,88028,89032
cvpA:2430275-2430763:-,cvpA,NC_000913.3,2430274,2430763,-,489,Supplementary Table 1,4236,MG1655,2430275,2430763
eamB:2715423-2716010:+,eamB,NC_000913.3,2715422,2716010,+,588,Supplementary Table 1,4237,MG1655,2715423,2716010
lrp:932595-933089:+,lrp,NC_000913.3,932594,933089,+,495,Supplementary Table 1,4238,MG1655,932595,933089
menD:2377589-2379259:-,menD,NC_000913.3,2377588,2379259,-,1671,Supplementary Table 1,4239,MG1655,2377589,2379259
napG:2299565-2300260:-,napG,NC_000913.3,2299564,2300260,-,696,Supplementary Table 1,4240,MG1655,2299565,2300260
yebW:1922121-1922312:+,yebW,NC_000913.3,1922120,1922312,+,192,Supplementary Table 1,4241,MG1655,1922121,1922312
yegX:2182833-2183651:-,yegX,NC_000913.3,2182832,2183651,-,819,Supplementary Table 1,4242,MG1655,2182833,2183651
yfcJ:2438942-2440120:-,yfcJ,NC_000913.3,2438941,2440120,-,1179,Supplementary Table 1,4243,MG1655,2438942,2440120
yneJ:1614804-1615685:+,yneJ,NC_000913.3,1614803,1615685,+,882,Supplementary Table 1,4244,MG1655,1614804,1615685
msbA:966621-968369:+,msbA,NC_000913.3,966620,968369,+,1749,Supplementary Table 1,4245,MG1655,966621,968369
mraZ:89634-90092:+,mraZ,NC_000913.3,89633,90092,+,459,Supplementary Table 1,4246,MG1655,89634,90092
fxsA:4368664-4369140:+,fxsA,NC_000913.3,4368663,4369140,+,477,Supplementary Table 1,4247,MG1655,4368664,4369140
ychE:1298598-1299245:+,ychE,NC_000913.3,1298597,1299245,+,648,Supplementary Table 1,4248,MG1655,1298598,1299245
ykfI:263328-263669:-,ykfI,NC_000913.3,263327,263669,-,342,Supplementary Table 1,4249,MG1655,263328,263669
istR:3853118-3853257:-,istR,NC_000913.3,3853117,3853257,-,140,Supplementary Table 1,4250,MG1655,3853118,3853257
ynjF:1840783-1841403:-,ynjF,NC_000913.3,1840782,1841403,-,621,Supplementary Table 1,4251,MG1655,1840783,1841403
yoeF:2078746-2078931:+,yoeF,NC_000913.3,2078745,2078931,+,186,Supplementary Table 1,4252,MG1655,2078746,2078931
ybeZ:692338-693378:-,ybeZ,NC_000913.3,692337,693378,-,1041,Supplementary Table 1,4253,MG1655,692338,693378
yfeR:2525930-2526856:-,yfeR,NC_000913.3,2525929,2526856,-,927,Supplementary Table 1,4254,MG1655,2525930,2526856
yjbT:4239777-4240055:-,yjbT,NC_000913.3,4239776,4240055,-,279,Supplementary Table 1,4255,MG1655,4239777,4240055
ylaB:477067-478617:-,ylaB,NC_000913.3,477066,478617,-,1551,Supplementary Table 1,4256,MG1655,477067,478617
yhcG:3367827-3368954:+,yhcG,NC_000913.3,3367826,3368954,+,1128,Supplementary Table 1,4257,MG1655,3367827,3368954
cynX:359992-361146:+,cynX,NC_000913.3,359991,361146,+,1155,Supplementary Table 1,4258,MG1655,359992,361146
yqjG:3251024-3252010:+,yqjG,NC_000913.3,3251023,3252010,+,987,Supplementary Table 1,4259,MG1655,3251024,3252010
fliD:2003872-2005278:+,fliD,NC_000913.3,2003871,2005278,+,1407,Supplementary Table 1,4260,MG1655,2003872,2005278
prs:1260928-1261875:-,prs,NC_000913.3,1260927,1261875,-,948,Supplementary Table 1,4261,MG1655,1260928,1261875
frvX:4089855-4090925:-,frvX,NC_000913.3,4089854,4090925,-,1071,Supplementary Table 1,4262,MG1655,4089855,4090925
eutE:2570348-2571751:-,eutE,NC_000913.3,2570347,2571751,-,1404,Supplementary Table 1,4263,MG1655,2570348,2571751
ypdE:2504510-2505547:-,ypdE,NC_000913.3,2504509,2505547,-,1038,Supplementary Table 1,4264,MG1655,2504510,2505547
aldB:3754973-3756511:-,aldB,NC_000913.3,3754972,3756511,-,1539,Supplementary Table 1,4265,MG1655,3754973,3756511
ygfF:3045158-3045901:-,ygfF,NC_000913.3,3045157,3045901,-,744,Supplementary Table 1,4266,MG1655,3045158,3045901
nuoA:2404629-2405072:-,nuoA,NC_000913.3,2404628,2405072,-,444,Supplementary Table 1,4267,MG1655,2404629,2405072
tehB:1501562-1502155:+,tehB,NC_000913.3,1501561,1502155,+,594,Supplementary Table 1,4268,MG1655,1501562,1502155
mmuP:275325-276728:+,mmuP,NC_000913.3,275324,276728,+,1404,Supplementary Table 1,4269,MG1655,275325,276728
mhpT:375459-376670:+,mhpT,NC_000913.3,375458,376670,+,1212,Supplementary Table 1,4270,MG1655,375459,376670
yeeZ:2088304-2089128:-,yeeZ,NC_000913.3,2088303,2089128,-,825,Supplementary Table 1,4271,MG1655,2088304,2089128
creA:4635521-4635994:+,creA,NC_000913.3,4635520,4635994,+,474,Supplementary Table 1,4272,MG1655,4635521,4635994
rpiA:3058666-3059325:-,rpiA,NC_000913.3,3058665,3059325,-,660,Supplementary Table 1,4273,MG1655,3058666,3059325
aldA:1488232-1489671:+,aldA,NC_000913.3,1488231,1489671,+,1440,Supplementary Table 1,4274,MG1655,1488232,1489671
nudB:1948180-1948632:-,nudB,NC_000913.3,1948179,1948632,-,453,Supplementary Table 1,4275,MG1655,1948180,1948632
wbbI:2105065-2106057:-,wbbI,NC_000913.3,2105064,2106057,-,993,Supplementary Table 1,4276,MG1655,2105065,2106057
yiaK:3742733-3743731:+,yiaK,NC_000913.3,3742732,3743731,+,999,Supplementary Table 1,4277,MG1655,3742733,3743731
ttcC:1434958-1435008:-,ttcC,NC_000913.3,1434957,1435008,-,51,Supplementary Table 1,4278,MG1655,1434958,1435008
ycgX:1212703-1213107:-,ycgX,NC_000913.3,1212702,1213107,-,405,Supplementary Table 1,4279,MG1655,1212703,1213107
mlaE:3338466-3339248:-,mlaE,NC_000913.3,3338465,3339248,-,783,Supplementary Table 1,4280,MG1655,3338466,3339248
cspD:922366-922590:-,cspD,NC_000913.3,922365,922590,-,225,Supplementary Table 1,4281,MG1655,922366,922590
ygiV:3168749-3169231:-,ygiV,NC_000913.3,3168748,3169231,-,483,Supplementary Table 1,4282,MG1655,3168749,3169231
rdgC:409108-410019:-,rdgC,NC_000913.3,409107,410019,-,912,Supplementary Table 1,4283,MG1655,409108,410019
yieE:3893881-3894630:+,yieE,NC_000913.3,3893880,3894630,+,750,Supplementary Table 1,4284,MG1655,3893881,3894630
ybgC:774752-775156:+,ybgC,NC_000913.3,774751,775156,+,405,Supplementary Table 1,4285,MG1655,774752,775156
yhfS:3504935-3506020:-,yhfS,NC_000913.3,3504934,3506020,-,1086,Supplementary Table 1,4286,MG1655,3504935,3506020
tadA:2697354-2697857:-,tadA,NC_000913.3,2697353,2697857,-,504,Supplementary Table 1,4287,MG1655,2697354,2697857
focB:2613934-2614782:+,focB,NC_000913.3,2613933,2614782,+,849,Supplementary Table 1,4288,MG1655,2613934,2614782
xisE:1200787-1201032:-,xisE,NC_000913.3,1200786,1201032,-,246,Supplementary Table 1,4289,MG1655,1200787,1201032
dacD:2081381-2082547:-,dacD,NC_000913.3,2081380,2082547,-,1167,Supplementary Table 1,4290,MG1655,2081381,2082547
puuR:1361911-1362468:+,puuR,NC_000913.3,1361910,1362468,+,558,Supplementary Table 1,4291,MG1655,1361911,1362468
mak:410144-411052:+,mak,NC_000913.3,410143,411052,+,909,Supplementary Table 1,4292,MG1655,410144,411052
yebE:1929048-1929707:-,yebE,NC_000913.3,1929047,1929707,-,660,Supplementary Table 1,4293,MG1655,1929048,1929707
gss:3136663-3138522:-,gss,NC_000913.3,3136662,3138522,-,1860,Supplementary Table 1,4294,MG1655,3136663,3138522
pepB:2655075-2656358:-,pepB,NC_000913.3,2655074,2656358,-,1284,Supplementary Table 1,4295,MG1655,2655075,2656358
hcp:912162-913814:-,hcp,NC_000913.3,912161,913814,-,1653,Supplementary Table 1,4296,MG1655,912162,913814
ninE:572921-573091:+,ninE,NC_000913.3,572920,573091,+,171,Supplementary Table 1,4297,MG1655,572921,573091
yhaI:3252911-3253267:+,yhaI,NC_000913.3,3252910,3253267,+,357,Supplementary Table 1,4298,MG1655,3252911,3253267
ychF:1256721-1257812:-,ychF,NC_000913.3,1256720,1257812,-,1092,Supplementary Table 1,4299,MG1655,1256721,1257812
gmhA:243543-244121:+,gmhA,NC_000913.3,243542,244121,+,579,Supplementary Table 1,4300,MG1655,243543,244121
lipB:661637-662278:-,lipB,NC_000913.3,661636,662278,-,642,Supplementary Table 1,4301,MG1655,661637,662278
ravA:3929597-3931093:-,ravA,NC_000913.3,3929596,3931093,-,1497,Supplementary Table 1,4302,MG1655,3929597,3931093
stfQ:1634885-1635847:-,stfQ,NC_000913.3,1634884,1635847,-,963,Supplementary Table 1,4303,MG1655,1634885,1635847
cusR:594760-595443:-,cusR,NC_000913.3,594759,595443,-,684,Supplementary Table 1,4304,MG1655,594760,595443
rhmD:2360209-2361414:-,rhmD,NC_000913.3,2360208,2361414,-,1206,Supplementary Table 1,4305,MG1655,2360209,2361414
arnF:2372892-2373278:+,arnF,NC_000913.3,2372891,2373278,+,387,Supplementary Table 1,4306,MG1655,2372892,2373278
ftsZ:105305-106456:+,ftsZ,NC_000913.3,105304,106456,+,1152,Supplementary Table 1,4307,MG1655,105305,106456
fryB:2507916-2508242:-,fryB,NC_000913.3,2507915,2508242,-,327,Supplementary Table 1,4308,MG1655,2507916,2508242
norR:2830775-2832289:-,norR,NC_000913.3,2830774,2832289,-,1515,Supplementary Table 1,4309,MG1655,2830775,2832289
ycjV:1380821-1381902:+,ycjV,NC_000913.3,1380820,1381902,+,1082,Supplementary Table 1,4310,MG1655,1380821,1381902
lolD:1176619-1177320:+,lolD,NC_000913.3,1176618,1177320,+,702,Supplementary Table 1,4311,MG1655,1176619,1177320
yecN:1952266-1952661:+,yecN,NC_000913.3,1952265,1952661,+,396,Supplementary Table 1,4312,MG1655,1952266,1952661
glyU:2998984-2999057:-,glyU,NC_000913.3,2998983,2999057,-,74,Supplementary Table 1,4313,MG1655,2998984,2999057
pheP:601959-603335:+,pheP,NC_000913.3,601958,603335,+,1377,Supplementary Table 1,4314,MG1655,601959,603335
uspA:3640111-3640545:+,uspA,NC_000913.3,3640110,3640545,+,435,Supplementary Table 1,4315,MG1655,3640111,3640545
sxy:1021138-1021767:+,sxy,NC_000913.3,1021137,1021767,+,630,Supplementary Table 1,4316,MG1655,1021138,1021767
yicI:3832219-3834537:-,yicI,NC_000913.3,3832218,3834537,-,2319,Supplementary Table 1,4317,MG1655,3832219,3834537
aroC:2446388-2447473:-,aroC,NC_000913.3,2446387,2447473,-,1086,Supplementary Table 1,4318,MG1655,2446388,2447473
csiR:2795674-2796336:+,csiR,NC_000913.3,2795673,2796336,+,663,Supplementary Table 1,4319,MG1655,2795674,2796336
eutK:2555228-2555728:-,eutK,NC_000913.3,2555227,2555728,-,501,Supplementary Table 1,4320,MG1655,2555228,2555728
kdsB:970852-971598:+,kdsB,NC_000913.3,970851,971598,+,747,Supplementary Table 1,4321,MG1655,970852,971598
mmuM:276715-277647:+,mmuM,NC_000913.3,276714,277647,+,933,Supplementary Table 1,4322,MG1655,276715,277647
citE:649582-650490:-,citE,NC_000913.3,649581,650490,-,909,Supplementary Table 1,4323,MG1655,649582,650490
tynA:1449076-1451349:-,tynA,NC_000913.3,1449075,1451349,-,2274,Supplementary Table 1,4324,MG1655,1449076,1451349
xdhB:3002614-3003492:+,xdhB,NC_000913.3,3002613,3003492,+,879,Supplementary Table 1,4325,MG1655,3002614,3003492
maeB:2576098-2578377:-,maeB,NC_000913.3,2576097,2578377,-,2280,Supplementary Table 1,4326,MG1655,2576098,2578377
ttdT:3208024-3209487:+,ttdT,NC_000913.3,3208023,3209487,+,1464,Supplementary Table 1,4327,MG1655,3208024,3209487
ccmE:2294901-2295380:-,ccmE,NC_000913.3,2294900,2295380,-,480,Supplementary Table 1,4328,MG1655,2294901,2295380
yiaC:3713652-3714092:+,yiaC,NC_000913.3,3713651,3714092,+,441,Supplementary Table 1,4329,MG1655,3713652,3714092
dsbE:2292407-2292964:-,dsbE,NC_000913.3,2292406,2292964,-,558,Supplementary Table 1,4330,MG1655,2292407,2292964
eutB:2557318-2558679:-,eutB,NC_000913.3,2557317,2558679,-,1362,Supplementary Table 1,4331,MG1655,2557318,2558679
pphA:1922313-1922969:-,pphA,NC_000913.3,1922312,1922969,-,657,Supplementary Table 1,4332,MG1655,1922313,1922969
yjhX:4533796-4534053:-,yjhX,NC_000913.3,4533795,4534053,-,258,Supplementary Table 1,4333,MG1655,4533796,4534053
hypD:2852136-2853257:+,hypD,NC_000913.3,2852135,2853257,+,1122,Supplementary Table 1,4334,MG1655,2852136,2853257
ydcJ:1495288-1496631:+,ydcJ,NC_000913.3,1495287,1496631,+,1344,Supplementary Table 1,4335,MG1655,1495288,1496631
grxA:890496-890753:-,grxA,NC_000913.3,890495,890753,-,258,Supplementary Table 1,4336,MG1655,890496,890753
yhiS:3651291-3652031:+,yhiS,NC_000913.3,3651290,3652031,+,741,Supplementary Table 1,4337,MG1655,3651291,3652031
yhiS:3653231-3653713:+,yhiS,NC_000913.3,3653230,3653713,+,483,Supplementary Table 1,4338,MG1655,3653231,3653713
yhjY:3712236-3712934:-,yhjY,NC_000913.3,3712235,3712934,-,699,Supplementary Table 1,4339,MG1655,3712236,3712934
bdcA:4473340-4474053:-,bdcA,NC_000913.3,4473339,4474053,-,714,Supplementary Table 1,4340,MG1655,4473340,4474053
paaZ:1451597-1453642:-,paaZ,NC_000913.3,1451596,1453642,-,2046,Supplementary Table 1,4341,MG1655,1451597,1453642
yecF:1995818-1996042:+,yecF,NC_000913.3,1995817,1996042,+,225,Supplementary Table 1,4342,MG1655,1995818,1996042
ygeA:2979943-2980635:-,ygeA,NC_000913.3,2979942,2980635,-,693,Supplementary Table 1,4343,MG1655,2979943,2980635
lpxA:202560-203348:+,lpxA,NC_000913.3,202559,203348,+,789,Supplementary Table 1,4344,MG1655,202560,203348
clcB:1665315-1666571:+,clcB,NC_000913.3,1665314,1666571,+,1257,Supplementary Table 1,4345,MG1655,1665315,1666571
yejF:2276300-2277889:+,yejF,NC_000913.3,2276299,2277889,+,1590,Supplementary Table 1,4346,MG1655,2276300,2277889
aegA:2583546-2585525:-,aegA,NC_000913.3,2583545,2585525,-,1980,Supplementary Table 1,4347,MG1655,2583546,2585525
yegU:2180095-2181099:+,yegU,NC_000913.3,2180094,2181099,+,1005,Supplementary Table 1,4348,MG1655,2180095,2181099
yccM:1052289-1053362:-,yccM,NC_000913.3,1052288,1053362,-,1074,Supplementary Table 1,4349,MG1655,1052289,1053362
pspB:1368801-1369025:+,pspB,NC_000913.3,1368800,1369025,+,225,Supplementary Table 1,4350,MG1655,1368801,1369025
sufE:1758874-1759290:-,sufE,NC_000913.3,1758873,1759290,-,417,Supplementary Table 1,4351,MG1655,1758874,1759290
acnB:131615-134212:+,acnB,NC_000913.3,131614,134212,+,2598,Supplementary Table 1,4352,MG1655,131615,134212
tap:1969383-1970984:-,tap,NC_000913.3,1969382,1970984,-,1602,Supplementary Table 1,4353,MG1655,1969383,1970984
dgoT:3870438-3871730:-,dgoT,NC_000913.3,3870437,3871730,-,1293,Supplementary Table 1,4354,MG1655,3870438,3871730
gabP:2794253-2795653:+,gabP,NC_000913.3,2794252,2795653,+,1401,Supplementary Table 1,4355,MG1655,2794253,2795653
intB:4496675-4497940:+,intB,NC_000913.3,4496674,4497940,+,1266,Supplementary Table 1,4356,MG1655,4496675,4497940
ygaP:2797520-2798044:+,ygaP,NC_000913.3,2797519,2798044,+,525,Supplementary Table 1,4357,MG1655,2797520,2798044
insB1:19811-20314:-,insB1,NC_000913.3,19810,20314,-,504,Supplementary Table 1,4358,MG1655,19811,20314
insB1:279178-279681:-,insB1,NC_000913.3,279177,279681,-,504,Supplementary Table 1,4359,MG1655,279178,279681
insB1:290649-291152:-,insB1,NC_000913.3,290648,291152,-,504,Supplementary Table 1,4360,MG1655,290649,291152
insB1:1050027-1050530:+,insB1,NC_000913.3,1050026,1050530,+,504,Supplementary Table 1,4361,MG1655,1050027,1050530
insB1:1978518-1979021:-,insB1,NC_000913.3,1978517,1979021,-,504,Supplementary Table 1,4362,MG1655,1978518,1979021
insB1:3583677-3584180:+,insB1,NC_000913.3,3583676,3584180,+,504,Supplementary Table 1,4363,MG1655,3583677,3584180
insB1:4518721-4519224:+,insB1,NC_000913.3,4518720,4519224,+,504,Supplementary Table 1,4364,MG1655,4518721,4519224
yohF:2226509-2227270:-,yohF,NC_000913.3,2226508,2227270,-,762,Supplementary Table 1,4365,MG1655,2226509,2227270
mraY:96002-97084:+,mraY,NC_000913.3,96001,97084,+,1083,Supplementary Table 1,4366,MG1655,96002,97084
araH:1982554-1983540:-,araH,NC_000913.3,1982553,1983540,-,987,Supplementary Table 1,4367,MG1655,1982554,1983540
ymjC:1390725-1390862:-,ymjC,NC_000913.3,1390724,1390862,-,138,Supplementary Table 1,4368,MG1655,1390725,1390862
yedQ:2026323-2028017:-,yedQ,NC_000913.3,2026322,2028017,-,1695,Supplementary Table 1,4369,MG1655,2026323,2028017
tag:3713092-3713655:+,tag,NC_000913.3,3713091,3713655,+,564,Supplementary Table 1,4370,MG1655,3713092,3713655
chbB:1821299-1821619:-,chbB,NC_000913.3,1821298,1821619,-,321,Supplementary Table 1,4371,MG1655,1821299,1821619
secD:427647-429494:+,secD,NC_000913.3,427646,429494,+,1848,Supplementary Table 1,4372,MG1655,427647,429494
dmsC:944033-944896:+,dmsC,NC_000913.3,944032,944896,+,864,Supplementary Table 1,4373,MG1655,944033,944896
yjiN:4565966-4567246:-,yjiN,NC_000913.3,4565965,4567246,-,1281,Supplementary Table 1,4374,MG1655,4565966,4567246
yceQ:1144502-1144822:+,yceQ,NC_000913.3,1144501,1144822,+,321,Supplementary Table 1,4375,MG1655,1144502,1144822
pgpC:2697915-2698550:-,pgpC,NC_000913.3,2697914,2698550,-,636,Supplementary Table 1,4376,MG1655,2697915,2698550
citD:650487-650783:-,citD,NC_000913.3,650486,650783,-,297,Supplementary Table 1,4377,MG1655,650487,650783
zur:4259488-4260003:-,zur,NC_000913.3,4259487,4260003,-,516,Supplementary Table 1,4378,MG1655,4259488,4260003
frmA:378462-379571:-,frmA,NC_000913.3,378461,379571,-,1110,Supplementary Table 1,4379,MG1655,378462,379571
moaB:818055-818567:+,moaB,NC_000913.3,818054,818567,+,513,Supplementary Table 1,4380,MG1655,818055,818567
roxA:1187119-1188240:-,roxA,NC_000913.3,1187118,1188240,-,1122,Supplementary Table 1,4381,MG1655,1187119,1188240
serC:957653-958741:+,serC,NC_000913.3,957652,958741,+,1089,Supplementary Table 1,4382,MG1655,957653,958741
ybcF:550439-551332:+,ybcF,NC_000913.3,550438,551332,+,894,Supplementary Table 1,4383,MG1655,550439,551332
ssuA:995985-996944:-,ssuA,NC_000913.3,995984,996944,-,960,Supplementary Table 1,4384,MG1655,995985,996944
mepS:2269979-2270545:+,mepS,NC_000913.3,2269978,2270545,+,567,Supplementary Table 1,4385,MG1655,2269979,2270545
glcE:3125470-3126522:-,glcE,NC_000913.3,3125469,3126522,-,1053,Supplementary Table 1,4386,MG1655,3125470,3126522
rprA:1770372-1770477:+,rprA,NC_000913.3,1770371,1770477,+,106,Supplementary Table 1,4387,MG1655,1770372,1770477
scpC:3064802-3066280:+,scpC,NC_000913.3,3064801,3066280,+,1479,Supplementary Table 1,4388,MG1655,3064802,3066280
ssuD:994843-995988:-,ssuD,NC_000913.3,994842,995988,-,1146,Supplementary Table 1,4389,MG1655,994843,995988
proP:4330502-4332004:+,proP,NC_000913.3,4330501,4332004,+,1503,Supplementary Table 1,4390,MG1655,4330502,4332004
sodB:1735378-1735959:+,sodB,NC_000913.3,1735377,1735959,+,582,Supplementary Table 1,4391,MG1655,1735378,1735959
dinB:250898-251953:+,dinB,NC_000913.3,250897,251953,+,1056,Supplementary Table 1,4392,MG1655,250898,251953
murF:94650-96008:+,murF,NC_000913.3,94649,96008,+,1359,Supplementary Table 1,4393,MG1655,94650,96008
gutQ:2829813-2830778:+,gutQ,NC_000913.3,2829812,2830778,+,966,Supplementary Table 1,4394,MG1655,2829813,2830778
hscA:2657085-2658935:-,hscA,NC_000913.3,2657084,2658935,-,1851,Supplementary Table 1,4395,MG1655,2657085,2658935
sapC:1353628-1354518:-,sapC,NC_000913.3,1353627,1354518,-,891,Supplementary Table 1,4396,MG1655,1353628,1354518
yibI:3771382-3771744:-,yibI,NC_000913.3,3771381,3771744,-,363,Supplementary Table 1,4397,MG1655,3771382,3771744
yieH:3896774-3897439:+,yieH,NC_000913.3,3896773,3897439,+,666,Supplementary Table 1,4398,MG1655,3896774,3897439
eutL:2555741-2556400:-,eutL,NC_000913.3,2555740,2556400,-,660,Supplementary Table 1,4399,MG1655,2555741,2556400
sucD:764180-765049:+,sucD,NC_000913.3,764179,765049,+,870,Supplementary Table 1,4400,MG1655,764180,765049
rutB:1072171-1072863:-,rutB,NC_000913.3,1072170,1072863,-,693,Supplementary Table 1,4401,MG1655,1072171,1072863
pspC:1369025-1369384:+,pspC,NC_000913.3,1369024,1369384,+,360,Supplementary Table 1,4402,MG1655,1369025,1369384
mdlB:470636-472417:+,mdlB,NC_000913.3,470635,472417,+,1782,Supplementary Table 1,4403,MG1655,470636,472417
hcaC:2670908-2671228:+,hcaC,NC_000913.3,2670907,2671228,+,321,Supplementary Table 1,4404,MG1655,2670908,2671228
pepT:1185844-1187070:+,pepT,NC_000913.3,1185843,1187070,+,1227,Supplementary Table 1,4405,MG1655,1185844,1187070
yaiZ:399593-399805:+,yaiZ,NC_000913.3,399592,399805,+,213,Supplementary Table 1,4406,MG1655,399593,399805
alkB:2308691-2309341:-,alkB,NC_000913.3,2308690,2309341,-,651,Supplementary Table 1,4407,MG1655,2308691,2309341
lsrK:1598617-1600209:-,lsrK,NC_000913.3,1598616,1600209,-,1593,Supplementary Table 1,4408,MG1655,1598617,1600209
argC:4155001-4156005:+,argC,NC_000913.3,4155000,4156005,+,1005,Supplementary Table 1,4409,MG1655,4155001,4156005
yniD:1805165-1805272:+,yniD,NC_000913.3,1805164,1805272,+,108,Supplementary Table 1,4410,MG1655,1805165,1805272
sseB:2654157-2654933:-,sseB,NC_000913.3,2654156,2654933,-,777,Supplementary Table 1,4411,MG1655,2654157,2654933
yhdW:3419042-3420066:+,yhdW,NC_000913.3,3419041,3420066,+,1025,Supplementary Table 1,4412,MG1655,3419042,3420066
brnQ:419591-420910:+,brnQ,NC_000913.3,419590,420910,+,1320,Supplementary Table 1,4413,MG1655,419591,420910
yrbL:3348452-3349084:+,yrbL,NC_000913.3,3348451,3349084,+,633,Supplementary Table 1,4414,MG1655,3348452,3349084
ykgT:297714-297791:-,ykgT,NC_000913.3,297713,297791,-,78,Supplementary Table 1,4415,MG1655,297714,297791
ymjD:1390868-1390933:-,ymjD,NC_000913.3,1390867,1390933,-,66,Supplementary Table 1,4416,MG1655,1390868,1390933
ynfA:1655347-1655673:-,ynfA,NC_000913.3,1655346,1655673,-,327,Supplementary Table 1,4417,MG1655,1655347,1655673
amiA:2552352-2553221:+,amiA,NC_000913.3,2552351,2553221,+,870,Supplementary Table 1,4418,MG1655,2552352,2553221
mscL:3438024-3438434:+,mscL,NC_000913.3,3438023,3438434,+,411,Supplementary Table 1,4419,MG1655,3438024,3438434
pawZ:2476584-2476598:+,pawZ,NC_000913.3,2476583,2476598,+,15,Supplementary Table 1,4420,MG1655,2476584,2476598
glyS:3722328-3724397:-,glyS,NC_000913.3,3722327,3724397,-,2070,Supplementary Table 1,4421,MG1655,3722328,3724397
typA:4058407-4060230:+,typA,NC_000913.3,4058406,4060230,+,1824,Supplementary Table 1,4422,MG1655,4058407,4060230
lfhA:248358-250070:-,lfhA,NC_000913.3,248357,250070,-,1713,Supplementary Table 1,4423,MG1655,248358,250070
yjtD:4640942-4641628:+,yjtD,NC_000913.3,4640941,4641628,+,687,Supplementary Table 1,4424,MG1655,4640942,4641628
rpoS:2866559-2867551:-,rpoS,NC_000913.3,2866558,2867551,-,993,Supplementary Table 1,4425,MG1655,2866559,2867551
ybjC:890913-891200:+,ybjC,NC_000913.3,890912,891200,+,288,Supplementary Table 1,4426,MG1655,890913,891200
diaA:3295809-3296399:+,diaA,NC_000913.3,3295808,3296399,+,591,Supplementary Table 1,4427,MG1655,3295809,3296399
hyaE:1036354-1036752:+,hyaE,NC_000913.3,1036353,1036752,+,399,Supplementary Table 1,4428,MG1655,1036354,1036752
sufB:1762522-1764009:-,sufB,NC_000913.3,1762521,1764009,-,1488,Supplementary Table 1,4429,MG1655,1762522,1764009
yfdY:2495050-2495292:-,yfdY,NC_000913.3,2495049,2495292,-,243,Supplementary Table 1,4430,MG1655,2495050,2495292
dkgA:3156623-3157450:+,dkgA,NC_000913.3,3156622,3157450,+,828,Supplementary Table 1,4431,MG1655,3156623,3157450
ydhI:1721025-1721261:+,ydhI,NC_000913.3,1721024,1721261,+,237,Supplementary Table 1,4432,MG1655,1721025,1721261
ssuC:994041-994832:-,ssuC,NC_000913.3,994040,994832,-,792,Supplementary Table 1,4433,MG1655,994041,994832
ydjZ:1834808-1835515:+,ydjZ,NC_000913.3,1834807,1835515,+,708,Supplementary Table 1,4434,MG1655,1834808,1835515
ysgA:4015354-4016169:-,ysgA,NC_000913.3,4015353,4016169,-,816,Supplementary Table 1,4435,MG1655,4015354,4016169
purN:2622234-2622872:+,purN,NC_000913.3,2622233,2622872,+,639,Supplementary Table 1,4436,MG1655,2622234,2622872
pepE:4229453-4230142:-,pepE,NC_000913.3,4229452,4230142,-,690,Supplementary Table 1,4437,MG1655,4229453,4230142
mrcA:3522871-3525423:+,mrcA,NC_000913.3,3522870,3525423,+,2553,Supplementary Table 1,4438,MG1655,3522871,3525423
tpx:1388305-1388811:-,tpx,NC_000913.3,1388304,1388811,-,507,Supplementary Table 1,4439,MG1655,1388305,1388811
yfcP:2450051-2450590:-,yfcP,NC_000913.3,2450050,2450590,-,540,Supplementary Table 1,4440,MG1655,2450051,2450590
ygfS:3028524-3029012:-,ygfS,NC_000913.3,3028523,3029012,-,489,Supplementary Table 1,4441,MG1655,3028524,3029012
cheR:1968504-1969364:-,cheR,NC_000913.3,1968503,1969364,-,861,Supplementary Table 1,4442,MG1655,1968504,1969364
mqsA:3167851-3168246:-,mqsA,NC_000913.3,3167850,3168246,-,396,Supplementary Table 1,4443,MG1655,3167851,3168246
eutJ:2569501-2570337:-,eutJ,NC_000913.3,2569500,2570337,-,837,Supplementary Table 1,4444,MG1655,2569501,2570337
ygcG:2905711-2906583:+,ygcG,NC_000913.3,2905710,2906583,+,873,Supplementary Table 1,4445,MG1655,2905711,2906583
lnt:689343-690881:-,lnt,NC_000913.3,689342,690881,-,1539,Supplementary Table 1,4446,MG1655,689343,690881
napA:2300267-2302753:-,napA,NC_000913.3,2300266,2302753,-,2487,Supplementary Table 1,4447,MG1655,2300267,2302753
purR:1737844-1738869:+,purR,NC_000913.3,1737843,1738869,+,1026,Supplementary Table 1,4448,MG1655,1737844,1738869
gntT:3546559-3547875:+,gntT,NC_000913.3,3546558,3547875,+,1317,Supplementary Table 1,4449,MG1655,3546559,3547875
ydjA:1848125-1848676:-,ydjA,NC_000913.3,1848124,1848676,-,552,Supplementary Table 1,4450,MG1655,1848125,1848676
amiC:2947757-2949010:-,amiC,NC_000913.3,2947756,2949010,-,1254,Supplementary Table 1,4451,MG1655,2947757,2949010
mokB:1491962-1492129:-,mokB,NC_000913.3,1491961,1492129,-,168,Supplementary Table 1,4452,MG1655,1491962,1492129
rplO:3444105-3444539:-,rplO,NC_000913.3,3444104,3444539,-,435,Supplementary Table 1,4453,MG1655,3444105,3444539
astE:1825955-1826923:-,astE,NC_000913.3,1825954,1826923,-,969,Supplementary Table 1,4454,MG1655,1825955,1826923
secE:4177358-4177741:+,secE,NC_000913.3,4177357,4177741,+,384,Supplementary Table 1,4455,MG1655,4177358,4177741
micC:1437121-1437229:+,micC,NC_000913.3,1437120,1437229,+,109,Supplementary Table 1,4456,MG1655,1437121,1437229
yhbW:3303448-3304455:+,yhbW,NC_000913.3,3303447,3304455,+,1008,Supplementary Table 1,4457,MG1655,3303448,3304455
gspM:3465082-3465543:+,gspM,NC_000913.3,3465081,3465543,+,462,Supplementary Table 1,4458,MG1655,3465082,3465543
purM:2621197-2622234:+,purM,NC_000913.3,2621196,2622234,+,1038,Supplementary Table 1,4459,MG1655,2621197,2622234
hslJ:1441321-1441743:-,hslJ,NC_000913.3,1441320,1441743,-,423,Supplementary Table 1,4460,MG1655,1441321,1441743
phnH:4320663-4321247:-,phnH,NC_000913.3,4320662,4321247,-,585,Supplementary Table 1,4461,MG1655,4320663,4321247
sufA:1764018-1764386:-,sufA,NC_000913.3,1764017,1764386,-,369,Supplementary Table 1,4462,MG1655,1764018,1764386
ygaU:2796337-2796786:-,ygaU,NC_000913.3,2796336,2796786,-,450,Supplementary Table 1,4463,MG1655,2796337,2796786
waaZ:3799345-3800196:-,waaZ,NC_000913.3,3799344,3800196,-,852,Supplementary Table 1,4464,MG1655,3799345,3800196
yjiP:4568998-4569918:+,yjiP,NC_000913.3,4568997,4569918,+,921,Supplementary Table 1,4465,MG1655,4568998,4569918
appB:1039296-1040432:+,appB,NC_000913.3,1039295,1040432,+,1137,Supplementary Table 1,4466,MG1655,1039296,1040432
bglG:3905731-3906567:-,bglG,NC_000913.3,3905730,3906567,-,837,Supplementary Table 1,4467,MG1655,3905731,3906567
esrE:4019978-4020229:+,esrE,NC_000913.3,4019977,4020229,+,252,Supplementary Table 1,4468,MG1655,4019978,4020229
frvR:4088107-4089855:-,frvR,NC_000913.3,4088106,4089855,-,1749,Supplementary Table 1,4469,MG1655,4088107,4089855
fucK:2937438-2938886:+,fucK,NC_000913.3,2937437,2938886,+,1449,Supplementary Table 1,4470,MG1655,2937438,2938886
glvC:3861987-3863603:-,glvC,NC_000913.3,3861986,3863603,-,1617,Supplementary Table 1,4471,MG1655,3861987,3863603
hcaE:2669032-2670393:+,hcaE,NC_000913.3,2669031,2670393,+,1362,Supplementary Table 1,4472,MG1655,2669032,2670393
hokA:3720448-3720600:-,hokA,NC_000913.3,3720447,3720600,-,153,Supplementary Table 1,4473,MG1655,3720448,3720600
hokC:16751-16903:-,hokC,NC_000913.3,16750,16903,-,153,Supplementary Table 1,4474,MG1655,16751,16903
insI1:270603-271754:+,insI1,NC_000913.3,270602,271754,+,1152,Supplementary Table 1,4475,MG1655,270603,271754
insI1:279931-280104:+,insI1,NC_000913.3,279930,280104,+,174,Supplementary Table 1,4476,MG1655,279931,280104
insI1:1469358-1470509:+,insI1,NC_000913.3,1469357,1470509,+,1152,Supplementary Table 1,4477,MG1655,1469358,1470509
insI1:4507466-4508617:-,insI1,NC_000913.3,4507465,4508617,-,1152,Supplementary Table 1,4478,MG1655,4507466,4508617
intQ:1651551-1652708:+,intQ,NC_000913.3,1651550,1652708,+,1158,Supplementary Table 1,4479,MG1655,1651551,1652708
iroK:2668006-2668071:-,iroK,NC_000913.3,2668005,2668071,-,66,Supplementary Table 1,4480,MG1655,2668006,2668071
pbl:2993939-2994441:+,pbl,NC_000913.3,2993938,2994441,+,503,Supplementary Table 1,4481,MG1655,2993939,2994441
phoE:259045-260100:-,phoE,NC_000913.3,259044,260100,-,1056,Supplementary Table 1,4482,MG1655,259045,260100
phoQ:1188316-1189776:-,phoQ,NC_000913.3,1188315,1189776,-,1461,Supplementary Table 1,4483,MG1655,1188316,1189776
quuQ:1642489-1643241:-,quuQ,NC_000913.3,1642488,1643241,-,753,Supplementary Table 1,4484,MG1655,1642489,1643241
rrfA:4040517-4040636:+,rrfA,NC_000913.3,4040516,4040636,+,120,Supplementary Table 1,4485,MG1655,4040517,4040636
rrfD:3423668-3423787:-,rrfD,NC_000913.3,3423667,3423787,-,120,Supplementary Table 1,4486,MG1655,3423668,3423787
rrfE:4213040-4213159:+,rrfE,NC_000913.3,4213039,4213159,+,120,Supplementary Table 1,4487,MG1655,4213040,4213159
rrfF:3423423-3423542:-,rrfF,NC_000913.3,3423422,3423542,-,120,Supplementary Table 1,4488,MG1655,3423423,3423542
rrfG:2726069-2726188:-,rrfG,NC_000913.3,2726068,2726188,-,120,Supplementary Table 1,4489,MG1655,2726069,2726188
rrfH:228756-228875:+,rrfH,NC_000913.3,228755,228875,+,120,Supplementary Table 1,4490,MG1655,228756,228875
rrlD:3423880-3426783:-,rrlD,NC_000913.3,3423879,3426783,-,2904,Supplementary Table 1,4491,MG1655,3423880,3426783
rrsG:2729616-2731157:-,rrsG,NC_000913.3,2729615,2731157,-,1542,Supplementary Table 1,4492,MG1655,2729616,2731157
rzoD:578327-578509:+,rzoD,NC_000913.3,578326,578509,+,183,Supplementary Table 1,4493,MG1655,578327,578509
rzoQ:1639080-1639334:-,rzoQ,NC_000913.3,1639079,1639334,-,255,Supplementary Table 1,4494,MG1655,1639080,1639334
rzoR:1423400-1423585:+,rzoR,NC_000913.3,1423399,1423585,+,186,Supplementary Table 1,4495,MG1655,1423400,1423585
scpA:3060850-3062994:+,scpA,NC_000913.3,3060849,3062994,+,2145,Supplementary Table 1,4496,MG1655,3060850,3062994
sgrT:77388-77519:+,sgrT,NC_000913.3,77387,77519,+,132,Supplementary Table 1,4497,MG1655,77388,77519
tpr:1287087-1287176:-,tpr,NC_000913.3,1287086,1287176,-,90,Supplementary Table 1,4498,MG1655,1287087,1287176
uidA:1694260-1696071:-,uidA,NC_000913.3,1694259,1696071,-,1812,Supplementary Table 1,4499,MG1655,1694260,1696071
yafV:239419-240189:-,yafV,NC_000913.3,239418,240189,-,771,Supplementary Table 1,4500,MG1655,239419,240189
ybfO:734133-735653:+,ybfO,NC_000913.3,734132,735653,+,1521,Supplementary Table 1,4501,MG1655,734133,735653
ybgQ:749722-752169:-,ybgQ,NC_000913.3,749721,752169,-,2448,Supplementary Table 1,4502,MG1655,749722,752169
ycbC:972622-973401:-,ycbC,NC_000913.3,972621,973401,-,780,Supplementary Table 1,4503,MG1655,972622,973401
ycjM:1370216-1371895:+,ycjM,NC_000913.3,1370215,1371895,+,1680,Supplementary Table 1,4504,MG1655,1370216,1371895
yeaH:1868955-1870238:+,yeaH,NC_000913.3,1868954,1870238,+,1284,Supplementary Table 1,4505,MG1655,1868955,1870238
yehL:2204596-2205684:+,yehL,NC_000913.3,2204595,2205684,+,1089,Supplementary Table 1,4506,MG1655,2204596,2205684
yehM:2205695-2207974:+,yehM,NC_000913.3,2205694,2207974,+,2280,Supplementary Table 1,4507,MG1655,2205695,2207974
ygeG:2991268-2991759:+,ygeG,NC_000913.3,2991267,2991759,+,492,Supplementary Table 1,4508,MG1655,2991268,2991759
ygeW:3006262-3007452:+,ygeW,NC_000913.3,3006261,3007452,+,1191,Supplementary Table 1,4509,MG1655,3006262,3007452
ygeY:3008764-3009975:+,ygeY,NC_000913.3,3008763,3009975,+,1212,Supplementary Table 1,4510,MG1655,3008764,3009975
yhcD:3362807-3365188:+,yhcD,NC_000913.3,3362806,3365188,+,2382,Supplementary Table 1,4511,MG1655,3362807,3365188
yhjV:3700563-3701834:+,yhjV,NC_000913.3,3700562,3701834,+,1272,Supplementary Table 1,4512,MG1655,3700563,3701834
yihS:4070515-4071756:-,yihS,NC_000913.3,4070514,4071756,-,1242,Supplementary Table 1,4513,MG1655,4070515,4071756
yjfP:4416952-4417701:+,yjfP,NC_000913.3,4416951,4417701,+,750,Supplementary Table 1,4514,MG1655,4416952,4417701
ykgP:313716-313805:-,ykgP,NC_000913.3,313715,313805,-,90,Supplementary Table 1,4515,MG1655,313716,313805
ypjJ:2776877-2777077:+,ypjJ,NC_000913.3,2776876,2777077,+,201,Supplementary Table 1,4516,MG1655,2776877,2777077
ypjK:2770445-2770681:+,ypjK,NC_000913.3,2770444,2770681,+,237,Supplementary Table 1,4517,MG1655,2770445,2770681
